 
===== items 27/08/2026 10:42:53.45 ===== 
Fetching prices for 13360 non-skin items (agents, charms, patches, music kits, graffiti, stickers, collectibles)...
Batch 1/134: 100 priced, 0 not found (100 total so far)
Batch 2/134: 100 priced, 0 not found (200 total so far)
Batch 3/134: 100 priced, 0 not found (300 total so far)
Batch 4/134: 100 priced, 0 not found (400 total so far)
Batch 5/134: 100 priced, 0 not found (500 total so far)
Batch 6/134: 100 priced, 0 not found (600 total so far)
Batch 7/134: 100 priced, 0 not found (700 total so far)
Batch 8/134: 100 priced, 0 not found (800 total so far)
Batch 9/134: 100 priced, 0 not found (900 total so far)
Batch 10/134: 100 priced, 0 not found (1000 total so far)
Batch 11/134: 100 priced, 0 not found (1100 total so far)
Batch 12/134: 100 priced, 0 not found (1200 total so far)
Batch 13/134: 100 priced, 0 not found (1300 total so far)
Batch 14/134: 100 priced, 0 not found (1400 total so far)
Batch 15/134: 100 priced, 0 not found (1500 total so far)
Batch 16/134: 100 priced, 0 not found (1600 total so far)
Batch 17/134: 100 priced, 0 not found (1700 total so far)
Batch 18/134: 100 priced, 0 not found (1800 total so far)
Batch 19/134: 100 priced, 0 not found (1900 total so far)
Batch 20/134: 100 priced, 0 not found (2000 total so far)
Batch 21/134: 100 priced, 0 not found (2100 total so far)
Batch 22/134: 97 priced, 3 not found (2197 total so far)
Batch 23/134: 99 priced, 1 not found (2296 total so far)
Batch 24/134: 98 priced, 2 not found (2394 total so far)
Batch 25/134: 97 priced, 3 not found (2491 total so far)
Batch 26/134: 98 priced, 2 not found (2589 total so far)
Batch 27/134: 98 priced, 2 not found (2687 total so far)
Batch 28/134: 97 priced, 3 not found (2784 total so far)
Batch 29/134: 98 priced, 2 not found (2882 total so far)
Batch 30/134: 97 priced, 3 not found (2979 total so far)
Batch 31/134: 97 priced, 3 not found (3076 total so far)
Batch 32/134: 97 priced, 3 not found (3173 total so far)
Batch 33/134: 96 priced, 4 not found (3269 total so far)
Batch 34/134: 97 priced, 3 not found (3366 total so far)
Batch 35/134: 97 priced, 3 not found (3463 total so far)
Batch 36/134: 85 priced, 15 not found (3548 total so far)
Batch 37/134: 91 priced, 9 not found (3639 total so far)
Batch 38/134: 96 priced, 4 not found (3735 total so far)
Batch 39/134: 91 priced, 9 not found (3826 total so far)
Batch 40/134: 92 priced, 8 not found (3918 total so far)
Batch 41/134: 89 priced, 11 not found (4007 total so far)
Batch 42/134: 78 priced, 22 not found (4085 total so far)
Batch 43/134: 71 priced, 29 not found (4156 total so far)
Batch 44/134: 74 priced, 26 not found (4230 total so far)
Batch 45/134: 70 priced, 30 not found (4300 total so far)
Batch 46/134: 66 priced, 34 not found (4366 total so far)
Batch 47/134: 72 priced, 28 not found (4438 total so far)
Batch 48/134: 74 priced, 26 not found (4512 total so far)
Batch 49/134: 70 priced, 30 not found (4582 total so far)
Batch 50/134: 68 priced, 32 not found (4650 total so far)
Batch 51/134: 79 priced, 21 not found (4729 total so far)
Batch 52/134: 100 priced, 0 not found (4829 total so far)
Batch 53/134: 100 priced, 0 not found (4929 total so far)
Batch 54/134: 88 priced, 12 not found (5017 total so far)
Batch 55/134: 68 priced, 32 not found (5085 total so far)
Batch 56/134: 97 priced, 3 not found (5182 total so far)
Batch 57/134: 100 priced, 0 not found (5282 total so far)
Batch 58/134: 100 priced, 0 not found (5382 total so far)
Batch 59/134: 99 priced, 1 not found (5481 total so far)
Batch 60/134: 79 priced, 21 not found (5560 total so far)
Batch 61/134: 88 priced, 12 not found (5648 total so far)
Batch 62/134: 97 priced, 3 not found (5745 total so far)
Batch 63/134: 98 priced, 2 not found (5843 total so far)
Batch 64/134: 98 priced, 2 not found (5941 total so far)
Batch 65/134: 89 priced, 11 not found (6030 total so far)
Batch 66/134: 82 priced, 18 not found (6112 total so far)
Batch 67/134: 100 priced, 0 not found (6212 total so far)
Batch 68/134: 100 priced, 0 not found (6312 total so far)
Batch 69/134: 98 priced, 2 not found (6410 total so far)
Batch 70/134: 97 priced, 3 not found (6507 total so far)
Batch 71/134: 76 priced, 24 not found (6583 total so far)
Batch 72/134: 90 priced, 10 not found (6673 total so far)
Batch 73/134: 97 priced, 3 not found (6770 total so far)
Batch 74/134: 97 priced, 3 not found (6867 total so far)
Batch 75/134: 97 priced, 3 not found (6964 total so far)
Batch 76/134: 95 priced, 5 not found (7059 total so far)
Batch 77/134: 97 priced, 3 not found (7156 total so far)
Batch 78/134: 97 priced, 3 not found (7253 total so far)
Batch 79/134: 97 priced, 3 not found (7350 total so far)
Batch 80/134: 96 priced, 4 not found (7446 total so far)
Batch 81/134: 94 priced, 6 not found (7540 total so far)
Batch 82/134: 97 priced, 3 not found (7637 total so far)
Batch 83/134: 97 priced, 3 not found (7734 total so far)
Batch 84/134: 96 priced, 4 not found (7830 total so far)
Batch 85/134: 97 priced, 3 not found (7927 total so far)
Batch 86/134: 97 priced, 3 not found (8024 total so far)
Batch 87/134: 97 priced, 3 not found (8121 total so far)
Batch 88/134: 97 priced, 3 not found (8218 total so far)
Batch 89/134: 97 priced, 3 not found (8315 total so far)
Batch 90/134: 97 priced, 3 not found (8412 total so far)
Batch 91/134: 96 priced, 4 not found (8508 total so far)
Batch 92/134: 96 priced, 4 not found (8604 total so far)
Batch 93/134: 97 priced, 3 not found (8701 total so far)
Batch 94/134: 97 priced, 3 not found (8798 total so far)
Batch 95/134: 97 priced, 3 not found (8895 total so far)
Batch 96/134: 97 priced, 3 not found (8992 total so far)
Batch 97/134: 97 priced, 3 not found (9089 total so far)
Batch 98/134: 97 priced, 3 not found (9186 total so far)
Batch 99/134: 97 priced, 3 not found (9283 total so far)
Batch 100/134: 97 priced, 3 not found (9380 total so far)
Batch 101/134: 96 priced, 4 not found (9476 total so far)
Batch 102/134: 97 priced, 3 not found (9573 total so far)
Batch 103/134: 97 priced, 3 not found (9670 total so far)
Batch 104/134: 97 priced, 3 not found (9767 total so far)
Batch 105/134: 96 priced, 4 not found (9863 total so far)
Batch 106/134: 97 priced, 3 not found (9960 total so far)
Batch 107/134: 97 priced, 3 not found (10057 total so far)
Batch 108/134: 97 priced, 3 not found (10154 total so far)
Batch 109/134: 97 priced, 3 not found (10251 total so far)
Batch 110/134: 97 priced, 3 not found (10348 total so far)
Batch 111/134: 97 priced, 3 not found (10445 total so far)
Batch 112/134: 95 priced, 5 not found (10540 total so far)
Batch 113/134: 97 priced, 3 not found (10637 total so far)
Batch 114/134: 97 priced, 3 not found (10734 total so far)
Batch 115/134: 96 priced, 4 not found (10830 total so far)
Batch 116/134: 96 priced, 4 not found (10926 total so far)
Batch 117/134: 96 priced, 4 not found (11022 total so far)
Batch 118/134: 96 priced, 4 not found (11118 total so far)
Batch 119/134: 95 priced, 5 not found (11213 total so far)
Batch 120/134: 96 priced, 4 not found (11309 total so far)
Batch 121/134: 96 priced, 4 not found (11405 total so far)
Batch 122/134: 97 priced, 3 not found (11502 total so far)
Batch 123/134: 95 priced, 5 not found (11597 total so far)
Batch 124/134: 96 priced, 4 not found (11693 total so far)
Batch 125/134: 96 priced, 4 not found (11789 total so far)
Batch 126/134: 96 priced, 4 not found (11885 total so far)
Batch 127/134: 96 priced, 4 not found (11981 total so far)
Batch 128/134: 96 priced, 4 not found (12077 total so far)
Batch 129/134: 96 priced, 4 not found (12173 total so far)
Batch 130/134: 99 priced, 1 not found (12272 total so far)
Batch 131/134: 99 priced, 1 not found (12371 total so far)
Batch 132/134: 99 priced, 1 not found (12470 total so far)
Batch 133/134: 100 priced, 0 not found (12570 total so far)
Batch 134/134: 60 priced, 0 not found (12630 total so far)
730 item_ids returned no price data: [
  37622, 37623, 37624, 37625, 37626, 37627, 37628, 37629,
  37630, 37631, 37632, 37633, 37634, 37635, 37636, 37637,
  37638, 37639, 37640, 37641, 37642, 37643, 37644, 37645,
  37646, 37647, 37648, 37649, 37650, 37651, 37652, 37653,
  37654, 37655, 37656, 37657, 37658, 37659, 41044, 41050,
  41056, 41059, 37660, 41065, 41068, 41071, 41074, 41077,
  41083, 41086, 37661, 41098, 41113, 37662, 37663, 41169,
  41170, 41182, 37664, 41185, 41188, 37665, 37666, 41248,
  37667, 37668, 41308, 41317, 41323, 41325, 41329, 37669,
  41353, 37670, 41392, 37671, 41407, 41416, 37672, 41446,
  41452, 37673, 41476, 37674, 41491, 41512, 37675, 41515,
  41521, 41524, 41530, 41542, 37676, 41572, 37677, 41590,
  37678, 37679, 37680, 37681,
  ... 630 more items
]
Got prices for 12630 items - inserting into item_price_history...
Inserted 246516 price rows.
Refreshing current-price views...
 
===== skins 27/08/2026 12:00:01.16 ===== 
Fetching prices for 14585 skin listings...
Batch 1/146: 100 priced, 0 not found (100 total so far)
Batch 2/146: 100 priced, 0 not found (200 total so far)
Batch 3/146: 97 priced, 3 not found (297 total so far)
Batch 4/146: 100 priced, 0 not found (397 total so far)
Batch 5/146: 100 priced, 0 not found (497 total so far)
Batch 6/146: 99 priced, 1 not found (596 total so far)
Batch 7/146: 96 priced, 4 not found (692 total so far)
Batch 8/146: 100 priced, 0 not found (792 total so far)
Batch 9/146: 99 priced, 1 not found (891 total so far)
Batch 10/146: 100 priced, 0 not found (991 total so far)
Batch 11/146: 99 priced, 1 not found (1090 total so far)
Batch 12/146: 100 priced, 0 not found (1190 total so far)
Batch 13/146: 97 priced, 3 not found (1287 total so far)
Batch 14/146: 100 priced, 0 not found (1387 total so far)
Batch 15/146: 100 priced, 0 not found (1487 total so far)
Batch 16/146: 99 priced, 1 not found (1586 total so far)
Batch 17/146: 99 priced, 1 not found (1685 total so far)
Batch 18/146: 100 priced, 0 not found (1785 total so far)
Batch 19/146: 100 priced, 0 not found (1885 total so far)
Batch 20/146: 99 priced, 1 not found (1984 total so far)
Batch 21/146: 97 priced, 3 not found (2081 total so far)
Batch 22/146: 98 priced, 2 not found (2179 total so far)
Batch 23/146: 99 priced, 1 not found (2278 total so far)
Batch 24/146: 99 priced, 1 not found (2377 total so far)
Batch 25/146: 98 priced, 2 not found (2475 total so far)
Batch 26/146: 100 priced, 0 not found (2575 total so far)
Batch 27/146: 100 priced, 0 not found (2675 total so far)
Batch 28/146: 100 priced, 0 not found (2775 total so far)
Batch 29/146: 100 priced, 0 not found (2875 total so far)
Batch 30/146: 100 priced, 0 not found (2975 total so far)
Batch 31/146: 100 priced, 0 not found (3075 total so far)
Batch 32/146: 98 priced, 2 not found (3173 total so far)
Batch 33/146: 100 priced, 0 not found (3273 total so far)
Batch 34/146: 100 priced, 0 not found (3373 total so far)
Batch 35/146: 99 priced, 1 not found (3472 total so far)
Batch 36/146: 100 priced, 0 not found (3572 total so far)
Batch 37/146: 99 priced, 1 not found (3671 total so far)
Batch 38/146: 98 priced, 2 not found (3769 total so far)
Batch 39/146: 100 priced, 0 not found (3869 total so far)
Batch 40/146: 98 priced, 2 not found (3967 total so far)
Batch 41/146: 100 priced, 0 not found (4067 total so far)
Batch 42/146: 100 priced, 0 not found (4167 total so far)
Batch 43/146: 99 priced, 1 not found (4266 total so far)
Batch 44/146: 100 priced, 0 not found (4366 total so far)
Batch 45/146: 98 priced, 2 not found (4464 total so far)
Batch 46/146: 100 priced, 0 not found (4564 total so far)
Batch 47/146: 99 priced, 1 not found (4663 total so far)
Batch 48/146: 100 priced, 0 not found (4763 total so far)
Batch 49/146: 100 priced, 0 not found (4863 total so far)
Batch 50/146: 99 priced, 1 not found (4962 total so far)
Batch 51/146: 100 priced, 0 not found (5062 total so far)
Batch 52/146: 99 priced, 1 not found (5161 total so far)
Batch 53/146: 99 priced, 1 not found (5260 total so far)
Batch 54/146: 99 priced, 1 not found (5359 total so far)
Batch 55/146: 99 priced, 1 not found (5458 total so far)
Batch 56/146: 100 priced, 0 not found (5558 total so far)
Batch 57/146: 99 priced, 1 not found (5657 total so far)
Batch 58/146: 100 priced, 0 not found (5757 total so far)
Batch 59/146: 99 priced, 1 not found (5856 total so far)
Batch 60/146: 100 priced, 0 not found (5956 total so far)
Batch 61/146: 99 priced, 1 not found (6055 total so far)
Batch 62/146: 99 priced, 1 not found (6154 total so far)
Batch 63/146: 99 priced, 1 not found (6253 total so far)
Batch 64/146: 98 priced, 2 not found (6351 total so far)
Batch 65/146: 100 priced, 0 not found (6451 total so far)
Batch 66/146: 100 priced, 0 not found (6551 total so far)
Batch 67/146: 100 priced, 0 not found (6651 total so far)
Batch 68/146: 99 priced, 1 not found (6750 total so far)
Batch 69/146: 97 priced, 3 not found (6847 total so far)
Batch 70/146: 98 priced, 2 not found (6945 total so far)
Batch 71/146: 100 priced, 0 not found (7045 total so far)
Batch 72/146: 99 priced, 1 not found (7144 total so far)
Batch 73/146: 100 priced, 0 not found (7244 total so far)
Batch 74/146: 100 priced, 0 not found (7344 total so far)
Batch 75/146: 100 priced, 0 not found (7444 total so far)
Batch 76/146: 99 priced, 1 not found (7543 total so far)
Batch 77/146: 100 priced, 0 not found (7643 total so far)
Batch 78/146: 100 priced, 0 not found (7743 total so far)
Batch 79/146: 99 priced, 1 not found (7842 total so far)
Batch 80/146: 98 priced, 2 not found (7940 total so far)
Batch 81/146: 100 priced, 0 not found (8040 total so far)
Batch 82/146: 99 priced, 1 not found (8139 total so far)
Batch 83/146: 98 priced, 2 not found (8237 total so far)
Batch 84/146: 99 priced, 1 not found (8336 total so far)
Batch 85/146: 98 priced, 2 not found (8434 total so far)
Batch 86/146: 100 priced, 0 not found (8534 total so far)
Batch 87/146: 99 priced, 1 not found (8633 total so far)
Batch 88/146: 100 priced, 0 not found (8733 total so far)
Batch 89/146: 99 priced, 1 not found (8832 total so far)
Batch 90/146: 98 priced, 2 not found (8930 total so far)
Batch 91/146: 99 priced, 1 not found (9029 total so far)
Batch 92/146: 100 priced, 0 not found (9129 total so far)
Batch 93/146: 98 priced, 2 not found (9227 total so far)
Batch 94/146: 100 priced, 0 not found (9327 total so far)
Batch 95/146: 99 priced, 1 not found (9426 total so far)
Batch 96/146: 100 priced, 0 not found (9526 total so far)
Batch 97/146: 99 priced, 1 not found (9625 total so far)
Batch 98/146: 100 priced, 0 not found (9725 total so far)
Batch 99/146: 100 priced, 0 not found (9825 total so far)
Batch 100/146: 98 priced, 2 not found (9923 total so far)
Batch 101/146: 100 priced, 0 not found (10023 total so far)
Batch 102/146: 100 priced, 0 not found (10123 total so far)
Batch 103/146: 97 priced, 3 not found (10220 total so far)
Batch 104/146: 100 priced, 0 not found (10320 total so far)
Batch 105/146: 99 priced, 1 not found (10419 total so far)
Batch 106/146: 98 priced, 2 not found (10517 total so far)
Batch 107/146: 99 priced, 1 not found (10616 total so far)
Batch 108/146: 100 priced, 0 not found (10716 total so far)
Batch 109/146: 100 priced, 0 not found (10816 total so far)
Batch 110/146: 100 priced, 0 not found (10916 total so far)
Batch 111/146: 100 priced, 0 not found (11016 total so far)
Batch 112/146: 100 priced, 0 not found (11116 total so far)
Batch 113/146: 100 priced, 0 not found (11216 total so far)
Batch 114/146: 100 priced, 0 not found (11316 total so far)
Batch 115/146: 99 priced, 1 not found (11415 total so far)
Batch 116/146: 98 priced, 2 not found (11513 total so far)
Batch 117/146: 99 priced, 1 not found (11612 total so far)
Batch 118/146: 100 priced, 0 not found (11712 total so far)
Batch 119/146: 100 priced, 0 not found (11812 total so far)
Batch 120/146: 100 priced, 0 not found (11912 total so far)
Batch 121/146: 100 priced, 0 not found (12012 total so far)
Batch 122/146: 98 priced, 2 not found (12110 total so far)
Batch 123/146: 99 priced, 1 not found (12209 total so far)
Batch 124/146: 99 priced, 1 not found (12308 total so far)
Batch 125/146: 100 priced, 0 not found (12408 total so far)
Batch 126/146: 98 priced, 2 not found (12506 total so far)
Batch 127/146: 99 priced, 1 not found (12605 total so far)
Batch 128/146: 99 priced, 1 not found (12704 total so far)
Batch 129/146: 99 priced, 1 not found (12803 total so far)
Batch 130/146: 100 priced, 0 not found (12903 total so far)
Batch 131/146: 100 priced, 0 not found (13003 total so far)
Batch 132/146: 100 priced, 0 not found (13103 total so far)
Batch 133/146: 99 priced, 1 not found (13202 total so far)
Batch 134/146: 99 priced, 1 not found (13301 total so far)
Batch 135/146: 99 priced, 1 not found (13400 total so far)
Batch 136/146: 99 priced, 1 not found (13499 total so far)
Batch 137/146: 100 priced, 0 not found (13599 total so far)
Batch 138/146: 97 priced, 3 not found (13696 total so far)
Batch 139/146: 100 priced, 0 not found (13796 total so far)
Batch 140/146: 100 priced, 0 not found (13896 total so far)
Batch 141/146: 99 priced, 1 not found (13995 total so far)
Batch 142/146: 100 priced, 0 not found (14095 total so far)
Batch 143/146: 99 priced, 1 not found (14194 total so far)
Batch 144/146: 98 priced, 2 not found (14292 total so far)
Batch 145/146: 98 priced, 2 not found (14390 total so far)
Batch 146/146: 85 priced, 0 not found (14475 total so far)
110 item_ids returned no price data: [
   3919,  3923,  3925,  4244,  4348,  4355,  4431,  4435,  4636,
   4779,  4980,  4997,  5056,  5280,  5435,  5753,  5810,  5822,
   5834,  5913,  5999,  6063,  6143,  6240,  6312,  7038,  7060,
   7345,  7597,  7678,  7715,  7883,  7947,  8179,  8393,  8477,
   8692,  8993,  9153,  9325,  9395,  9454,  9746,  9882, 10074,
  10182, 10302, 10371, 10424, 10850, 10926, 10992, 10996, 11099,
  11103, 11309, 11763, 12031, 12144, 12148, 12410, 12506, 12560,
  12674, 12789, 12809, 13009, 13235, 13300, 13304, 13374, 13618,
  13630, 13844, 14070, 14346, 14422, 14670, 14682, 14719, 14881,
  14978, 15010, 15090, 15946, 16039, 16107, 16212, 16660, 16661,
  16788, 16917, 17117, 17135, 17246, 17287, 17467, 17887, 18011,
  18092,
  ... 10 more items
]
Got prices for 14475 items - inserting into price_history...
Inserted 395630 price rows.
Refreshing current-price views...
 
===== skins 27/08/2026 13:42:53.87 ===== 
Fetching prices for 14585 skin listings...
Batch 1/146: 100 priced, 0 not found (100 total so far)
Batch 2/146: 100 priced, 0 not found (200 total so far)
Batch 3/146: 97 priced, 3 not found (297 total so far)
Batch 4/146: 100 priced, 0 not found (397 total so far)
Batch 5/146: 100 priced, 0 not found (497 total so far)
Batch 6/146: 99 priced, 1 not found (596 total so far)
Batch 7/146: 96 priced, 4 not found (692 total so far)
Batch 8/146: 100 priced, 0 not found (792 total so far)
Batch 9/146: 99 priced, 1 not found (891 total so far)
Batch 10/146: 100 priced, 0 not found (991 total so far)
Batch 11/146: 99 priced, 1 not found (1090 total so far)
Batch 12/146: 100 priced, 0 not found (1190 total so far)
Batch 13/146: 97 priced, 3 not found (1287 total so far)
Batch 14/146: 100 priced, 0 not found (1387 total so far)
Batch 15/146: 100 priced, 0 not found (1487 total so far)
Batch 16/146: 99 priced, 1 not found (1586 total so far)
Batch 17/146: 99 priced, 1 not found (1685 total so far)
Batch 18/146: 100 priced, 0 not found (1785 total so far)
Batch 19/146: 100 priced, 0 not found (1885 total so far)
Batch 20/146: 99 priced, 1 not found (1984 total so far)
Batch 21/146: 97 priced, 3 not found (2081 total so far)
Batch 22/146: 98 priced, 2 not found (2179 total so far)
Batch 23/146: 99 priced, 1 not found (2278 total so far)
Batch 24/146: 99 priced, 1 not found (2377 total so far)
Batch 25/146: 98 priced, 2 not found (2475 total so far)
Batch 26/146: 100 priced, 0 not found (2575 total so far)
Batch 27/146: 100 priced, 0 not found (2675 total so far)
Batch 28/146: 100 priced, 0 not found (2775 total so far)
Batch 29/146: 100 priced, 0 not found (2875 total so far)
Batch 30/146: 100 priced, 0 not found (2975 total so far)
Batch 31/146: 100 priced, 0 not found (3075 total so far)
Batch 32/146: 98 priced, 2 not found (3173 total so far)
Batch 33/146: 100 priced, 0 not found (3273 total so far)
Batch 34/146: 100 priced, 0 not found (3373 total so far)
Batch 35/146: 99 priced, 1 not found (3472 total so far)
Batch 36/146: 100 priced, 0 not found (3572 total so far)
Batch 37/146: 99 priced, 1 not found (3671 total so far)
Batch 38/146: 98 priced, 2 not found (3769 total so far)
Batch 39/146: 100 priced, 0 not found (3869 total so far)
Batch 40/146: 98 priced, 2 not found (3967 total so far)
Batch 41/146: 100 priced, 0 not found (4067 total so far)
Batch 42/146: 100 priced, 0 not found (4167 total so far)
Batch 43/146: 99 priced, 1 not found (4266 total so far)
Batch 44/146: 100 priced, 0 not found (4366 total so far)
Batch 45/146: 98 priced, 2 not found (4464 total so far)
Batch 46/146: 100 priced, 0 not found (4564 total so far)
Batch 47/146: 99 priced, 1 not found (4663 total so far)
Batch 48/146: 100 priced, 0 not found (4763 total so far)
^C 
===== skins 27/08/2026 15:00:01.21 ===== 
Fetching prices for 14585 skin listings...
Batch 1/146: 100 priced, 0 not found (100 total so far)
Batch 2/146: 100 priced, 0 not found (200 total so far)
Batch 3/146: 97 priced, 3 not found (297 total so far)
Batch 4/146: 100 priced, 0 not found (397 total so far)
Batch 5/146: 100 priced, 0 not found (497 total so far)
Batch 6/146: 99 priced, 1 not found (596 total so far)
Batch 7/146: 96 priced, 4 not found (692 total so far)
Batch 8/146: 100 priced, 0 not found (792 total so far)
Batch 9/146: 99 priced, 1 not found (891 total so far)
Batch 10/146: 100 priced, 0 not found (991 total so far)
Batch 11/146: 99 priced, 1 not found (1090 total so far)
Batch 12/146: 100 priced, 0 not found (1190 total so far)
Batch 13/146: 97 priced, 3 not found (1287 total so far)
Batch 14/146: 100 priced, 0 not found (1387 total so far)
Batch 15/146: 100 priced, 0 not found (1487 total so far)
Batch 16/146: 99 priced, 1 not found (1586 total so far)
Batch 17/146: 99 priced, 1 not found (1685 total so far)
Batch 18/146: 100 priced, 0 not found (1785 total so far)
Batch 19/146: 100 priced, 0 not found (1885 total so far)
Batch 20/146: 99 priced, 1 not found (1984 total so far)
Batch 21/146: 97 priced, 3 not found (2081 total so far)
Batch 22/146: 98 priced, 2 not found (2179 total so far)
Batch 23/146: 99 priced, 1 not found (2278 total so far)
Batch 24/146: 99 priced, 1 not found (2377 total so far)
Batch 25/146: 98 priced, 2 not found (2475 total so far)
Batch 26/146: 100 priced, 0 not found (2575 total so far)
Batch 27/146: 100 priced, 0 not found (2675 total so far)
Batch 28/146: 100 priced, 0 not found (2775 total so far)
Batch 29/146: 100 priced, 0 not found (2875 total so far)
Batch 30/146: 100 priced, 0 not found (2975 total so far)
Batch 31/146: 100 priced, 0 not found (3075 total so far)
Batch 32/146: 98 priced, 2 not found (3173 total so far)
Batch 33/146: 100 priced, 0 not found (3273 total so far)
Batch 34/146: 100 priced, 0 not found (3373 total so far)
Batch 35/146: 99 priced, 1 not found (3472 total so far)
Batch 36/146: 100 priced, 0 not found (3572 total so far)
Batch 37/146: 99 priced, 1 not found (3671 total so far)
Batch 38/146: 98 priced, 2 not found (3769 total so far)
Batch 39/146: 100 priced, 0 not found (3869 total so far)
Batch 40/146: 98 priced, 2 not found (3967 total so far)
Batch 41/146: 100 priced, 0 not found (4067 total so far)
Batch 42/146: 100 priced, 0 not found (4167 total so far)
Batch 43/146: 99 priced, 1 not found (4266 total so far)
Batch 44/146: 100 priced, 0 not found (4366 total so far)
Batch 45/146: 98 priced, 2 not found (4464 total so far)
Batch 46/146: 100 priced, 0 not found (4564 total so far)
Batch 47/146: 99 priced, 1 not found (4663 total so far)
Batch 48/146: 100 priced, 0 not found (4763 total so far)
Batch 49/146: 100 priced, 0 not found (4863 total so far)
Batch 50/146: 99 priced, 1 not found (4962 total so far)
Batch 51/146: 100 priced, 0 not found (5062 total so far)
Batch 52/146: 99 priced, 1 not found (5161 total so far)
Batch 53/146: 99 priced, 1 not found (5260 total so far)
Batch 54/146: 99 priced, 1 not found (5359 total so far)
Batch 55/146: 99 priced, 1 not found (5458 total so far)
Batch 56/146: 100 priced, 0 not found (5558 total so far)
Batch 57/146: 99 priced, 1 not found (5657 total so far)
Batch 58/146: 100 priced, 0 not found (5757 total so far)
Batch 59/146: 99 priced, 1 not found (5856 total so far)
Batch 60/146: 100 priced, 0 not found (5956 total so far)
Batch 61/146: 99 priced, 1 not found (6055 total so far)
Batch 62/146: 99 priced, 1 not found (6154 total so far)
Batch 63/146: 99 priced, 1 not found (6253 total so far)
Batch 64/146: 98 priced, 2 not found (6351 total so far)
Batch 65/146: 100 priced, 0 not found (6451 total so far)
Batch 66/146: 100 priced, 0 not found (6551 total so far)
Batch 67/146: 100 priced, 0 not found (6651 total so far)
Batch 68/146: 99 priced, 1 not found (6750 total so far)
Batch 69/146: 97 priced, 3 not found (6847 total so far)
Batch 70/146: 98 priced, 2 not found (6945 total so far)
Batch 71/146: 100 priced, 0 not found (7045 total so far)
Batch 72/146: 99 priced, 1 not found (7144 total so far)
Batch 73/146: 100 priced, 0 not found (7244 total so far)
Batch 74/146: 100 priced, 0 not found (7344 total so far)
Batch 75/146: 100 priced, 0 not found (7444 total so far)
Batch 76/146: 99 priced, 1 not found (7543 total so far)
Batch 77/146: 100 priced, 0 not found (7643 total so far)
Batch 78/146: 100 priced, 0 not found (7743 total so far)
Batch 79/146: 99 priced, 1 not found (7842 total so far)
Batch 80/146: 98 priced, 2 not found (7940 total so far)
Batch 81/146: 100 priced, 0 not found (8040 total so far)
Batch 82/146: 99 priced, 1 not found (8139 total so far)
Batch 83/146: 98 priced, 2 not found (8237 total so far)
Batch 84/146: 99 priced, 1 not found (8336 total so far)
Batch 85/146: 98 priced, 2 not found (8434 total so far)
Batch 86/146: 100 priced, 0 not found (8534 total so far)
Batch 87/146: 99 priced, 1 not found (8633 total so far)
Batch 88/146: 100 priced, 0 not found (8733 total so far)
Batch 89/146: 99 priced, 1 not found (8832 total so far)
Batch 90/146: 98 priced, 2 not found (8930 total so far)
Batch 91/146: 99 priced, 1 not found (9029 total so far)
Batch 92/146: 100 priced, 0 not found (9129 total so far)
Batch 93/146: 98 priced, 2 not found (9227 total so far)
Batch 94/146: 100 priced, 0 not found (9327 total so far)
Batch 95/146: 99 priced, 1 not found (9426 total so far)
Batch 96/146: 100 priced, 0 not found (9526 total so far)
Batch 97/146: 99 priced, 1 not found (9625 total so far)
Batch 98/146: 100 priced, 0 not found (9725 total so far)
Batch 99/146: 100 priced, 0 not found (9825 total so far)
Batch 100/146: 98 priced, 2 not found (9923 total so far)
Batch 101/146: 100 priced, 0 not found (10023 total so far)
Batch 102/146: 100 priced, 0 not found (10123 total so far)
Batch 103/146: 97 priced, 3 not found (10220 total so far)
Batch 104/146: 100 priced, 0 not found (10320 total so far)
Batch 105/146: 99 priced, 1 not found (10419 total so far)
Batch 106/146: 98 priced, 2 not found (10517 total so far)
Batch 107/146: 99 priced, 1 not found (10616 total so far)
Batch 108/146: 100 priced, 0 not found (10716 total so far)
Batch 109/146: 100 priced, 0 not found (10816 total so far)
Batch 110/146: 100 priced, 0 not found (10916 total so far)
Batch 111/146: 100 priced, 0 not found (11016 total so far)
Batch 112/146: 100 priced, 0 not found (11116 total so far)
Batch 113/146: 100 priced, 0 not found (11216 total so far)
Batch 114/146: 100 priced, 0 not found (11316 total so far)
Batch 115/146: 99 priced, 1 not found (11415 total so far)
Batch 116/146: 98 priced, 2 not found (11513 total so far)
Batch 117/146: 99 priced, 1 not found (11612 total so far)
Batch 118/146: 100 priced, 0 not found (11712 total so far)
Batch 119/146: 100 priced, 0 not found (11812 total so far)
Batch 120/146: 100 priced, 0 not found (11912 total so far)
Batch 121/146: 100 priced, 0 not found (12012 total so far)
Batch 122/146: 98 priced, 2 not found (12110 total so far)
Batch 123/146: 99 priced, 1 not found (12209 total so far)
Batch 124/146: 99 priced, 1 not found (12308 total so far)
Batch 125/146: 100 priced, 0 not found (12408 total so far)
Batch 126/146: 98 priced, 2 not found (12506 total so far)
Batch 127/146: 99 priced, 1 not found (12605 total so far)
Batch 128/146: 99 priced, 1 not found (12704 total so far)
Batch 129/146: 99 priced, 1 not found (12803 total so far)
Batch 130/146: 100 priced, 0 not found (12903 total so far)
Batch 131/146: 100 priced, 0 not found (13003 total so far)
Batch 132/146: 100 priced, 0 not found (13103 total so far)
Batch 133/146: 99 priced, 1 not found (13202 total so far)
Batch 134/146: 99 priced, 1 not found (13301 total so far)
Batch 135/146: 99 priced, 1 not found (13400 total so far)
Batch 136/146: 99 priced, 1 not found (13499 total so far)
Batch 137/146: 100 priced, 0 not found (13599 total so far)
Batch 138/146: 97 priced, 3 not found (13696 total so far)
Batch 139/146: 100 priced, 0 not found (13796 total so far)
Batch 140/146: 100 priced, 0 not found (13896 total so far)
Batch 141/146: 99 priced, 1 not found (13995 total so far)
Batch 142/146: 100 priced, 0 not found (14095 total so far)
Batch 143/146: 99 priced, 1 not found (14194 total so far)
Batch 144/146: 98 priced, 2 not found (14292 total so far)
Batch 145/146: 99 priced, 1 not found (14391 total so far)
Batch 146/146: 85 priced, 0 not found (14476 total so far)
109 item_ids returned no price data: [
   3919,  3923,  3925,  4244,  4348,  4355,  4431,  4435,  4636,
   4779,  4980,  4997,  5056,  5280,  5435,  5753,  5810,  5822,
   5834,  5913,  5999,  6063,  6143,  6240,  6312,  7038,  7060,
   7345,  7597,  7678,  7715,  7883,  7947,  8179,  8393,  8477,
   8692,  8993,  9153,  9325,  9395,  9454,  9746,  9882, 10074,
  10182, 10302, 10371, 10424, 10850, 10926, 10992, 10996, 11099,
  11103, 11309, 11763, 12031, 12144, 12148, 12410, 12506, 12560,
  12674, 12789, 12809, 13009, 13235, 13300, 13304, 13374, 13618,
  13630, 13844, 14070, 14346, 14422, 14670, 14682, 14719, 14881,
  14978, 15010, 15090, 15946, 16039, 16107, 16212, 16660, 16661,
  16788, 16917, 17117, 17135, 17246, 17287, 17467, 17887, 18011,
  18092,
  ... 9 more items
]
Got prices for 14476 items - inserting into price_history...
Inserted 395440 price rows.
Refreshing current-price views...
 
===== skins 27/08/2026 16:42:53.89 ===== 
Fetching prices for 14585 skin listings...
Batch 1/146: 99 priced, 1 not found (99 total so far)
Batch 2/146: 100 priced, 0 not found (199 total so far)
Batch 3/146: 97 priced, 3 not found (296 total so far)
Batch 4/146: 100 priced, 0 not found (396 total so far)
Batch 5/146: 100 priced, 0 not found (496 total so far)
Batch 6/146: 99 priced, 1 not found (595 total so far)
Batch 7/146: 96 priced, 4 not found (691 total so far)
Batch 8/146: 100 priced, 0 not found (791 total so far)
Batch 9/146: 99 priced, 1 not found (890 total so far)
Batch 10/146: 100 priced, 0 not found (990 total so far)
Batch 11/146: 99 priced, 1 not found (1089 total so far)
Batch 12/146: 100 priced, 0 not found (1189 total so far)
Batch 13/146: 97 priced, 3 not found (1286 total so far)
Batch 14/146: 100 priced, 0 not found (1386 total so far)
Batch 15/146: 100 priced, 0 not found (1486 total so far)
Batch 16/146: 99 priced, 1 not found (1585 total so far)
Batch 17/146: 99 priced, 1 not found (1684 total so far)
Batch 18/146: 100 priced, 0 not found (1784 total so far)
Batch 19/146: 100 priced, 0 not found (1884 total so far)
Batch 20/146: 99 priced, 1 not found (1983 total so far)
Batch 21/146: 97 priced, 3 not found (2080 total so far)
Batch 22/146: 98 priced, 2 not found (2178 total so far)
Batch 23/146: 99 priced, 1 not found (2277 total so far)
Batch 24/146: 99 priced, 1 not found (2376 total so far)
Batch 25/146: 98 priced, 2 not found (2474 total so far)
Batch 26/146: 100 priced, 0 not found (2574 total so far)
Batch 27/146: 100 priced, 0 not found (2674 total so far)
Batch 28/146: 100 priced, 0 not found (2774 total so far)
Batch 29/146: 100 priced, 0 not found (2874 total so far)
Batch 30/146: 100 priced, 0 not found (2974 total so far)
Batch 31/146: 100 priced, 0 not found (3074 total so far)
Batch 32/146: 98 priced, 2 not found (3172 total so far)
Batch 33/146: 100 priced, 0 not found (3272 total so far)
Batch 34/146: 100 priced, 0 not found (3372 total so far)
Batch 35/146: 99 priced, 1 not found (3471 total so far)
Batch 36/146: 100 priced, 0 not found (3571 total so far)
Batch 37/146: 99 priced, 1 not found (3670 total so far)
Batch 38/146: 98 priced, 2 not found (3768 total so far)
Batch 39/146: 100 priced, 0 not found (3868 total so far)
Batch 40/146: 98 priced, 2 not found (3966 total so far)
Batch 41/146: 100 priced, 0 not found (4066 total so far)
Batch 42/146: 100 priced, 0 not found (4166 total so far)
Batch 43/146: 99 priced, 1 not found (4265 total so far)
Batch 44/146: 100 priced, 0 not found (4365 total so far)
Batch 45/146: 98 priced, 2 not found (4463 total so far)
Batch 46/146: 100 priced, 0 not found (4563 total so far)
Batch 47/146: 99 priced, 1 not found (4662 total so far)
Batch 48/146: 100 priced, 0 not found (4762 total so far)
Batch 49/146: 100 priced, 0 not found (4862 total so far)
Batch 50/146: 99 priced, 1 not found (4961 total so far)
Batch 51/146: 100 priced, 0 not found (5061 total so far)
Batch 52/146: 99 priced, 1 not found (5160 total so far)
Batch 53/146: 99 priced, 1 not found (5259 total so far)
Batch 54/146: 99 priced, 1 not found (5358 total so far)
Batch 55/146: 99 priced, 1 not found (5457 total so far)
Batch 56/146: 100 priced, 0 not found (5557 total so far)
Batch 57/146: 99 priced, 1 not found (5656 total so far)
Batch 58/146: 100 priced, 0 not found (5756 total so far)
Batch 59/146: 99 priced, 1 not found (5855 total so far)
Batch 60/146: 100 priced, 0 not found (5955 total so far)
Batch 61/146: 99 priced, 1 not found (6054 total so far)
Batch 62/146: 99 priced, 1 not found (6153 total so far)
Batch 63/146: 99 priced, 1 not found (6252 total so far)
Batch 64/146: 98 priced, 2 not found (6350 total so far)
Batch 65/146: 100 priced, 0 not found (6450 total so far)
Batch 66/146: 100 priced, 0 not found (6550 total so far)
Batch 67/146: 100 priced, 0 not found (6650 total so far)
Batch 68/146: 99 priced, 1 not found (6749 total so far)
Batch 69/146: 97 priced, 3 not found (6846 total so far)
Batch 70/146: 98 priced, 2 not found (6944 total so far)
Batch 71/146: 100 priced, 0 not found (7044 total so far)
Batch 72/146: 99 priced, 1 not found (7143 total so far)
Batch 73/146: 100 priced, 0 not found (7243 total so far)
Batch 74/146: 100 priced, 0 not found (7343 total so far)
Batch 75/146: 100 priced, 0 not found (7443 total so far)
Batch 76/146: 99 priced, 1 not found (7542 total so far)
Batch 77/146: 100 priced, 0 not found (7642 total so far)
Batch 78/146: 100 priced, 0 not found (7742 total so far)
Batch 79/146: 99 priced, 1 not found (7841 total so far)
Batch 80/146: 98 priced, 2 not found (7939 total so far)
Batch 81/146: 100 priced, 0 not found (8039 total so far)
Batch 82/146: 99 priced, 1 not found (8138 total so far)
Batch 83/146: 98 priced, 2 not found (8236 total so far)
Batch 84/146: 99 priced, 1 not found (8335 total so far)
Batch 85/146: 98 priced, 2 not found (8433 total so far)
Batch 86/146: 100 priced, 0 not found (8533 total so far)
Batch 87/146: 99 priced, 1 not found (8632 total so far)
Batch 88/146: 100 priced, 0 not found (8732 total so far)
Batch 89/146: 99 priced, 1 not found (8831 total so far)
Batch 90/146: 98 priced, 2 not found (8929 total so far)
Batch 91/146: 99 priced, 1 not found (9028 total so far)
Batch 92/146: 100 priced, 0 not found (9128 total so far)
Batch 93/146: 98 priced, 2 not found (9226 total so far)
Batch 94/146: 100 priced, 0 not found (9326 total so far)
Batch 95/146: 99 priced, 1 not found (9425 total so far)
Batch 96/146: 100 priced, 0 not found (9525 total so far)
Batch 97/146: 99 priced, 1 not found (9624 total so far)
Batch 98/146: 100 priced, 0 not found (9724 total so far)
Batch 99/146: 100 priced, 0 not found (9824 total so far)
Batch 100/146: 98 priced, 2 not found (9922 total so far)
Batch 101/146: 100 priced, 0 not found (10022 total so far)
Batch 102/146: 100 priced, 0 not found (10122 total so far)
Batch 103/146: 97 priced, 3 not found (10219 total so far)
Batch 104/146: 100 priced, 0 not found (10319 total so far)
Batch 105/146: 99 priced, 1 not found (10418 total so far)
Batch 106/146: 98 priced, 2 not found (10516 total so far)
Batch 107/146: 99 priced, 1 not found (10615 total so far)
Batch 108/146: 100 priced, 0 not found (10715 total so far)
Batch 109/146: 100 priced, 0 not found (10815 total so far)
Batch 110/146: 100 priced, 0 not found (10915 total so far)
Batch 111/146: 100 priced, 0 not found (11015 total so far)
Batch 112/146: 100 priced, 0 not found (11115 total so far)
Batch 113/146: 100 priced, 0 not found (11215 total so far)
Batch 114/146: 100 priced, 0 not found (11315 total so far)
Batch 115/146: 99 priced, 1 not found (11414 total so far)
Batch 116/146: 98 priced, 2 not found (11512 total so far)
Batch 117/146: 99 priced, 1 not found (11611 total so far)
Batch 118/146: 100 priced, 0 not found (11711 total so far)
Batch 119/146: 100 priced, 0 not found (11811 total so far)
Batch 120/146: 100 priced, 0 not found (11911 total so far)
Batch 121/146: 100 priced, 0 not found (12011 total so far)
Batch 122/146: 98 priced, 2 not found (12109 total so far)
Batch 123/146: 99 priced, 1 not found (12208 total so far)
Batch 124/146: 99 priced, 1 not found (12307 total so far)
Batch 125/146: 100 priced, 0 not found (12407 total so far)
Batch 126/146: 98 priced, 2 not found (12505 total so far)
Batch 127/146: 99 priced, 1 not found (12604 total so far)
Batch 128/146: 99 priced, 1 not found (12703 total so far)
Batch 129/146: 99 priced, 1 not found (12802 total so far)
Batch 130/146: 100 priced, 0 not found (12902 total so far)
Batch 131/146: 100 priced, 0 not found (13002 total so far)
Batch 132/146: 100 priced, 0 not found (13102 total so far)
Batch 133/146: 99 priced, 1 not found (13201 total so far)
Batch 134/146: 99 priced, 1 not found (13300 total so far)
Batch 135/146: 99 priced, 1 not found (13399 total so far)
Batch 136/146: 99 priced, 1 not found (13498 total so far)
Batch 137/146: 100 priced, 0 not found (13598 total so far)
Batch 138/146: 97 priced, 3 not found (13695 total so far)
Batch 139/146: 100 priced, 0 not found (13795 total so far)
Batch 140/146: 100 priced, 0 not found (13895 total so far)
Batch 141/146: 99 priced, 1 not found (13994 total so far)
Batch 142/146: 100 priced, 0 not found (14094 total so far)
Batch 143/146: 99 priced, 1 not found (14193 total so far)
Batch 144/146: 98 priced, 2 not found (14291 total so far)
Batch 145/146: 99 priced, 1 not found (14390 total so far)
Batch 146/146: 85 priced, 0 not found (14475 total so far)
110 item_ids returned no price data: [
   3740,  3919,  3923,  3925,  4244,  4348,  4355,  4431,  4435,
   4636,  4779,  4980,  4997,  5056,  5280,  5435,  5753,  5810,
   5822,  5834,  5913,  5999,  6063,  6143,  6240,  6312,  7038,
   7060,  7345,  7597,  7678,  7715,  7883,  7947,  8179,  8393,
   8477,  8692,  8993,  9153,  9325,  9395,  9454,  9746,  9882,
  10074, 10182, 10302, 10371, 10424, 10850, 10926, 10992, 10996,
  11099, 11103, 11309, 11763, 12031, 12144, 12148, 12410, 12506,
  12560, 12674, 12789, 12809, 13009, 13235, 13300, 13304, 13374,
  13618, 13630, 13844, 14070, 14346, 14422, 14670, 14682, 14719,
  14881, 14978, 15010, 15090, 15946, 16039, 16107, 16212, 16660,
  16661, 16788, 16917, 17117, 17135, 17246, 17287, 17467, 17887,
  18011,
  ... 10 more items
]
Got prices for 14475 items - inserting into price_history...
Inserted 400406 price rows.
Refreshing current-price views...
 
===== skins 27/08/2026 19:25:20.42 ===== 
Fetching prices for 14585 skin listings...
[TypeError: fetch failed] {
  [cause]: Error: getaddrinfo ENOTFOUND api.cs2c.app
      at GetAddrInfoReqWrap.onlookupall [as oncomplete] (node:dns:122:26) {
    errno: -3008,
    code: 'ENOTFOUND',
    syscall: 'getaddrinfo',
    hostname: 'api.cs2c.app'
  }
}
 
===== skins 27/08/2026 19:42:53.86 ===== 
Fetching prices for 14585 skin listings...
Batch 1/146: 99 priced, 1 not found (99 total so far)
Batch 2/146: 100 priced, 0 not found (199 total so far)
Batch 3/146: 97 priced, 3 not found (296 total so far)
Batch 4/146: 100 priced, 0 not found (396 total so far)
Batch 5/146: 100 priced, 0 not found (496 total so far)
Batch 6/146: 99 priced, 1 not found (595 total so far)
Batch 7/146: 96 priced, 4 not found (691 total so far)
Batch 8/146: 100 priced, 0 not found (791 total so far)
Batch 9/146: 99 priced, 1 not found (890 total so far)
Batch 10/146: 100 priced, 0 not found (990 total so far)
Batch 11/146: 99 priced, 1 not found (1089 total so far)
Batch 12/146: 100 priced, 0 not found (1189 total so far)
Batch 13/146: 97 priced, 3 not found (1286 total so far)
Batch 14/146: 100 priced, 0 not found (1386 total so far)
Batch 15/146: 100 priced, 0 not found (1486 total so far)
Batch 16/146: 99 priced, 1 not found (1585 total so far)
Batch 17/146: 99 priced, 1 not found (1684 total so far)
Batch 18/146: 100 priced, 0 not found (1784 total so far)
Batch 19/146: 100 priced, 0 not found (1884 total so far)
Batch 20/146: 99 priced, 1 not found (1983 total so far)
Batch 21/146: 97 priced, 3 not found (2080 total so far)
Batch 22/146: 98 priced, 2 not found (2178 total so far)
Batch 23/146: 99 priced, 1 not found (2277 total so far)
Batch 24/146: 99 priced, 1 not found (2376 total so far)
Batch 25/146: 98 priced, 2 not found (2474 total so far)
Batch 26/146: 100 priced, 0 not found (2574 total so far)
Batch 27/146: 100 priced, 0 not found (2674 total so far)
Batch 28/146: 100 priced, 0 not found (2774 total so far)
Batch 29/146: 100 priced, 0 not found (2874 total so far)
Batch 30/146: 100 priced, 0 not found (2974 total so far)
Batch 31/146: 100 priced, 0 not found (3074 total so far)
Batch 32/146: 98 priced, 2 not found (3172 total so far)
Batch 33/146: 100 priced, 0 not found (3272 total so far)
Batch 34/146: 100 priced, 0 not found (3372 total so far)
Batch 35/146: 99 priced, 1 not found (3471 total so far)
Batch 36/146: 100 priced, 0 not found (3571 total so far)
Batch 37/146: 99 priced, 1 not found (3670 total so far)
Batch 38/146: 98 priced, 2 not found (3768 total so far)
Batch 39/146: 100 priced, 0 not found (3868 total so far)
Batch 40/146: 98 priced, 2 not found (3966 total so far)
Batch 41/146: 100 priced, 0 not found (4066 total so far)
Batch 42/146: 100 priced, 0 not found (4166 total so far)
Batch 43/146: 99 priced, 1 not found (4265 total so far)
Batch 44/146: 100 priced, 0 not found (4365 total so far)
Batch 45/146: 98 priced, 2 not found (4463 total so far)
Batch 46/146: 100 priced, 0 not found (4563 total so far)
Batch 47/146: 99 priced, 1 not found (4662 total so far)
Batch 48/146: 100 priced, 0 not found (4762 total so far)
Batch 49/146: 100 priced, 0 not found (4862 total so far)
Batch 50/146: 99 priced, 1 not found (4961 total so far)
Batch 51/146: 100 priced, 0 not found (5061 total so far)
Batch 52/146: 99 priced, 1 not found (5160 total so far)
Batch 53/146: 99 priced, 1 not found (5259 total so far)
Batch 54/146: 99 priced, 1 not found (5358 total so far)
Batch 55/146: 99 priced, 1 not found (5457 total so far)
Batch 56/146: 100 priced, 0 not found (5557 total so far)
Batch 57/146: 99 priced, 1 not found (5656 total so far)
Batch 58/146: 100 priced, 0 not found (5756 total so far)
Batch 59/146: 99 priced, 1 not found (5855 total so far)
Batch 60/146: 100 priced, 0 not found (5955 total so far)
Batch 61/146: 99 priced, 1 not found (6054 total so far)
Batch 62/146: 99 priced, 1 not found (6153 total so far)
Batch 63/146: 99 priced, 1 not found (6252 total so far)
Batch 64/146: 98 priced, 2 not found (6350 total so far)
Batch 65/146: 100 priced, 0 not found (6450 total so far)
Batch 66/146: 100 priced, 0 not found (6550 total so far)
Batch 67/146: 100 priced, 0 not found (6650 total so far)
Batch 68/146: 99 priced, 1 not found (6749 total so far)
Batch 69/146: 97 priced, 3 not found (6846 total so far)
Batch 70/146: 98 priced, 2 not found (6944 total so far)
Batch 71/146: 100 priced, 0 not found (7044 total so far)
Batch 72/146: 99 priced, 1 not found (7143 total so far)
Batch 73/146: 100 priced, 0 not found (7243 total so far)
Batch 74/146: 100 priced, 0 not found (7343 total so far)
Batch 75/146: 100 priced, 0 not found (7443 total so far)
Batch 76/146: 99 priced, 1 not found (7542 total so far)
Batch 77/146: 100 priced, 0 not found (7642 total so far)
Batch 78/146: 100 priced, 0 not found (7742 total so far)
Batch 79/146: 99 priced, 1 not found (7841 total so far)
Batch 80/146: 98 priced, 2 not found (7939 total so far)
Batch 81/146: 100 priced, 0 not found (8039 total so far)
Batch 82/146: 99 priced, 1 not found (8138 total so far)
Batch 83/146: 98 priced, 2 not found (8236 total so far)
Batch 84/146: 99 priced, 1 not found (8335 total so far)
Batch 85/146: 98 priced, 2 not found (8433 total so far)
Batch 86/146: 100 priced, 0 not found (8533 total so far)
Batch 87/146: 99 priced, 1 not found (8632 total so far)
Batch 88/146: 100 priced, 0 not found (8732 total so far)
Batch 89/146: 99 priced, 1 not found (8831 total so far)
Batch 90/146: 98 priced, 2 not found (8929 total so far)
Batch 91/146: 99 priced, 1 not found (9028 total so far)
Batch 92/146: 100 priced, 0 not found (9128 total so far)
Batch 93/146: 98 priced, 2 not found (9226 total so far)
Batch 94/146: 100 priced, 0 not found (9326 total so far)
Batch 95/146: 99 priced, 1 not found (9425 total so far)
Batch 96/146: 100 priced, 0 not found (9525 total so far)
Batch 97/146: 99 priced, 1 not found (9624 total so far)
Batch 98/146: 100 priced, 0 not found (9724 total so far)
Batch 99/146: 100 priced, 0 not found (9824 total so far)
Batch 100/146: 98 priced, 2 not found (9922 total so far)
Batch 101/146: 100 priced, 0 not found (10022 total so far)
Batch 102/146: 100 priced, 0 not found (10122 total so far)
Batch 103/146: 97 priced, 3 not found (10219 total so far)
Batch 104/146: 100 priced, 0 not found (10319 total so far)
Batch 105/146: 99 priced, 1 not found (10418 total so far)
Batch 106/146: 98 priced, 2 not found (10516 total so far)
Batch 107/146: 99 priced, 1 not found (10615 total so far)
Batch 108/146: 100 priced, 0 not found (10715 total so far)
Batch 109/146: 100 priced, 0 not found (10815 total so far)
Batch 110/146: 100 priced, 0 not found (10915 total so far)
Batch 111/146: 100 priced, 0 not found (11015 total so far)
Batch 112/146: 100 priced, 0 not found (11115 total so far)
Batch 113/146: 100 priced, 0 not found (11215 total so far)
Batch 114/146: 100 priced, 0 not found (11315 total so far)
Batch 115/146: 99 priced, 1 not found (11414 total so far)
Batch 116/146: 98 priced, 2 not found (11512 total so far)
Batch 117/146: 99 priced, 1 not found (11611 total so far)
Batch 118/146: 100 priced, 0 not found (11711 total so far)
Batch 119/146: 100 priced, 0 not found (11811 total so far)
Batch 120/146: 100 priced, 0 not found (11911 total so far)
Batch 121/146: 100 priced, 0 not found (12011 total so far)
Batch 122/146: 98 priced, 2 not found (12109 total so far)
Batch 123/146: 99 priced, 1 not found (12208 total so far)
Batch 124/146: 99 priced, 1 not found (12307 total so far)
Batch 125/146: 100 priced, 0 not found (12407 total so far)
Batch 126/146: 98 priced, 2 not found (12505 total so far)
Batch 127/146: 99 priced, 1 not found (12604 total so far)
Batch 128/146: 99 priced, 1 not found (12703 total so far)
Batch 129/146: 99 priced, 1 not found (12802 total so far)
Batch 130/146: 100 priced, 0 not found (12902 total so far)
Batch 131/146: 100 priced, 0 not found (13002 total so far)
Batch 132/146: 100 priced, 0 not found (13102 total so far)
Batch 133/146: 99 priced, 1 not found (13201 total so far)
Batch 134/146: 99 priced, 1 not found (13300 total so far)
Batch 135/146: 99 priced, 1 not found (13399 total so far)
Batch 136/146: 99 priced, 1 not found (13498 total so far)
Batch 137/146: 100 priced, 0 not found (13598 total so far)
Batch 138/146: 97 priced, 3 not found (13695 total so far)
Batch 139/146: 100 priced, 0 not found (13795 total so far)
Batch 140/146: 100 priced, 0 not found (13895 total so far)
Batch 141/146: 99 priced, 1 not found (13994 total so far)
Batch 142/146: 100 priced, 0 not found (14094 total so far)
Batch 143/146: 99 priced, 1 not found (14193 total so far)
Batch 144/146: 98 priced, 2 not found (14291 total so far)
Batch 145/146: 99 priced, 1 not found (14390 total so far)
Batch 146/146: 85 priced, 0 not found (14475 total so far)
110 item_ids returned no price data: [
   3740,  3919,  3923,  3925,  4244,  4348,  4355,  4431,  4435,
   4636,  4779,  4980,  4997,  5056,  5280,  5435,  5753,  5810,
   5822,  5834,  5913,  5999,  6063,  6143,  6240,  6312,  7038,
   7060,  7345,  7597,  7678,  7715,  7883,  7947,  8179,  8393,
   8477,  8692,  8993,  9153,  9325,  9395,  9454,  9746,  9882,
  10074, 10182, 10302, 10371, 10424, 10850, 10926, 10992, 10996,
  11099, 11103, 11309, 11763, 12031, 12144, 12148, 12410, 12506,
  12560, 12674, 12789, 12809, 13009, 13235, 13300, 13304, 13374,
  13618, 13630, 13844, 14070, 14346, 14422, 14670, 14682, 14719,
  14881, 14978, 15010, 15090, 15946, 16039, 16107, 16212, 16660,
  16661, 16788, 16917, 17117, 17135, 17246, 17287, 17467, 17887,
  18011,
  ... 10 more items
]
Got prices for 14475 items - inserting into price_history...
Inserted 400399 price rows.
Refreshing current-price views...
 
===== skins 27/08/2026 21:00:01.13 ===== 
Fetching prices for 14585 skin listings...
Batch 1/146: 99 priced, 1 not found (99 total so far)
Batch 2/146: 100 priced, 0 not found (199 total so far)
Batch 3/146: 97 priced, 3 not found (296 total so far)
Batch 4/146: 100 priced, 0 not found (396 total so far)
Batch 5/146: 100 priced, 0 not found (496 total so far)
Batch 6/146: 99 priced, 1 not found (595 total so far)
Batch 7/146: 96 priced, 4 not found (691 total so far)
Batch 8/146: 100 priced, 0 not found (791 total so far)
Batch 9/146: 99 priced, 1 not found (890 total so far)
Batch 10/146: 100 priced, 0 not found (990 total so far)
Batch 11/146: 99 priced, 1 not found (1089 total so far)
Batch 12/146: 100 priced, 0 not found (1189 total so far)
Batch 13/146: 97 priced, 3 not found (1286 total so far)
Batch 14/146: 100 priced, 0 not found (1386 total so far)
Batch 15/146: 100 priced, 0 not found (1486 total so far)
Batch 16/146: 99 priced, 1 not found (1585 total so far)
Batch 17/146: 99 priced, 1 not found (1684 total so far)
Batch 18/146: 100 priced, 0 not found (1784 total so far)
Batch 19/146: 100 priced, 0 not found (1884 total so far)
Batch 20/146: 99 priced, 1 not found (1983 total so far)
Batch 21/146: 97 priced, 3 not found (2080 total so far)
Batch 22/146: 98 priced, 2 not found (2178 total so far)
Batch 23/146: 99 priced, 1 not found (2277 total so far)
Batch 24/146: 99 priced, 1 not found (2376 total so far)
Batch 25/146: 98 priced, 2 not found (2474 total so far)
Batch 26/146: 100 priced, 0 not found (2574 total so far)
Batch 27/146: 100 priced, 0 not found (2674 total so far)
Batch 28/146: 100 priced, 0 not found (2774 total so far)
Batch 29/146: 100 priced, 0 not found (2874 total so far)
Batch 30/146: 100 priced, 0 not found (2974 total so far)
Batch 31/146: 100 priced, 0 not found (3074 total so far)
Batch 32/146: 98 priced, 2 not found (3172 total so far)
Batch 33/146: 100 priced, 0 not found (3272 total so far)
Batch 34/146: 100 priced, 0 not found (3372 total so far)
Batch 35/146: 99 priced, 1 not found (3471 total so far)
Batch 36/146: 100 priced, 0 not found (3571 total so far)
Batch 37/146: 99 priced, 1 not found (3670 total so far)
Batch 38/146: 98 priced, 2 not found (3768 total so far)
Batch 39/146: 100 priced, 0 not found (3868 total so far)
Batch 40/146: 98 priced, 2 not found (3966 total so far)
Batch 41/146: 100 priced, 0 not found (4066 total so far)
Batch 42/146: 100 priced, 0 not found (4166 total so far)
Batch 43/146: 99 priced, 1 not found (4265 total so far)
Batch 44/146: 100 priced, 0 not found (4365 total so far)
Batch 45/146: 98 priced, 2 not found (4463 total so far)
Batch 46/146: 100 priced, 0 not found (4563 total so far)
Batch 47/146: 99 priced, 1 not found (4662 total so far)
Batch 48/146: 100 priced, 0 not found (4762 total so far)
Batch 49/146: 100 priced, 0 not found (4862 total so far)
Batch 50/146: 99 priced, 1 not found (4961 total so far)
Batch 51/146: 100 priced, 0 not found (5061 total so far)
Batch 52/146: 99 priced, 1 not found (5160 total so far)
Batch 53/146: 99 priced, 1 not found (5259 total so far)
Batch 54/146: 99 priced, 1 not found (5358 total so far)
Batch 55/146: 99 priced, 1 not found (5457 total so far)
Batch 56/146: 100 priced, 0 not found (5557 total so far)
Batch 57/146: 99 priced, 1 not found (5656 total so far)
Batch 58/146: 100 priced, 0 not found (5756 total so far)
Batch 59/146: 99 priced, 1 not found (5855 total so far)
Batch 60/146: 100 priced, 0 not found (5955 total so far)
Batch 61/146: 99 priced, 1 not found (6054 total so far)
Batch 62/146: 99 priced, 1 not found (6153 total so far)
Batch 63/146: 99 priced, 1 not found (6252 total so far)
Batch 64/146: 98 priced, 2 not found (6350 total so far)
Batch 65/146: 100 priced, 0 not found (6450 total so far)
Batch 66/146: 100 priced, 0 not found (6550 total so far)
Batch 67/146: 100 priced, 0 not found (6650 total so far)
Batch 68/146: 99 priced, 1 not found (6749 total so far)
Batch 69/146: 97 priced, 3 not found (6846 total so far)
Batch 70/146: 98 priced, 2 not found (6944 total so far)
Batch 71/146: 100 priced, 0 not found (7044 total so far)
Batch 72/146: 99 priced, 1 not found (7143 total so far)
Batch 73/146: 100 priced, 0 not found (7243 total so far)
Batch 74/146: 100 priced, 0 not found (7343 total so far)
Batch 75/146: 100 priced, 0 not found (7443 total so far)
Batch 76/146: 99 priced, 1 not found (7542 total so far)
Batch 77/146: 100 priced, 0 not found (7642 total so far)
Batch 78/146: 100 priced, 0 not found (7742 total so far)
Batch 79/146: 99 priced, 1 not found (7841 total so far)
Batch 80/146: 98 priced, 2 not found (7939 total so far)
Batch 81/146: 100 priced, 0 not found (8039 total so far)
Batch 82/146: 99 priced, 1 not found (8138 total so far)
Batch 83/146: 98 priced, 2 not found (8236 total so far)
Batch 84/146: 99 priced, 1 not found (8335 total so far)
Batch 85/146: 98 priced, 2 not found (8433 total so far)
Batch 86/146: 100 priced, 0 not found (8533 total so far)
Batch 87/146: 99 priced, 1 not found (8632 total so far)
Batch 88/146: 100 priced, 0 not found (8732 total so far)
Batch 89/146: 99 priced, 1 not found (8831 total so far)
Batch 90/146: 98 priced, 2 not found (8929 total so far)
Batch 91/146: 99 priced, 1 not found (9028 total so far)
Batch 92/146: 100 priced, 0 not found (9128 total so far)
Batch 93/146: 98 priced, 2 not found (9226 total so far)
Batch 94/146: 100 priced, 0 not found (9326 total so far)
Batch 95/146: 99 priced, 1 not found (9425 total so far)
Batch 96/146: 100 priced, 0 not found (9525 total so far)
Batch 97/146: 99 priced, 1 not found (9624 total so far)
Batch 98/146: 100 priced, 0 not found (9724 total so far)
Batch 99/146: 100 priced, 0 not found (9824 total so far)
Batch 100/146: 98 priced, 2 not found (9922 total so far)
Batch 101/146: 100 priced, 0 not found (10022 total so far)
Batch 102/146: 100 priced, 0 not found (10122 total so far)
Batch 103/146: 97 priced, 3 not found (10219 total so far)
Batch 104/146: 100 priced, 0 not found (10319 total so far)
Batch 105/146: 99 priced, 1 not found (10418 total so far)
Batch 106/146: 98 priced, 2 not found (10516 total so far)
Batch 107/146: 99 priced, 1 not found (10615 total so far)
Batch 108/146: 100 priced, 0 not found (10715 total so far)
Batch 109/146: 100 priced, 0 not found (10815 total so far)
Batch 110/146: 100 priced, 0 not found (10915 total so far)
Batch 111/146: 100 priced, 0 not found (11015 total so far)
Batch 112/146: 100 priced, 0 not found (11115 total so far)
Batch 113/146: 100 priced, 0 not found (11215 total so far)
Batch 114/146: 100 priced, 0 not found (11315 total so far)
Batch 115/146: 99 priced, 1 not found (11414 total so far)
Batch 116/146: 98 priced, 2 not found (11512 total so far)
Batch 117/146: 99 priced, 1 not found (11611 total so far)
Batch 118/146: 100 priced, 0 not found (11711 total so far)
Batch 119/146: 100 priced, 0 not found (11811 total so far)
Batch 120/146: 100 priced, 0 not found (11911 total so far)
Batch 121/146: 100 priced, 0 not found (12011 total so far)
Batch 122/146: 98 priced, 2 not found (12109 total so far)
Batch 123/146: 99 priced, 1 not found (12208 total so far)
Batch 124/146: 99 priced, 1 not found (12307 total so far)
Batch 125/146: 100 priced, 0 not found (12407 total so far)
Batch 126/146: 98 priced, 2 not found (12505 total so far)
Batch 127/146: 99 priced, 1 not found (12604 total so far)
Batch 128/146: 99 priced, 1 not found (12703 total so far)
Batch 129/146: 99 priced, 1 not found (12802 total so far)
Batch 130/146: 100 priced, 0 not found (12902 total so far)
Batch 131/146: 100 priced, 0 not found (13002 total so far)
Batch 132/146: 100 priced, 0 not found (13102 total so far)
Batch 133/146: 99 priced, 1 not found (13201 total so far)
Batch 134/146: 99 priced, 1 not found (13300 total so far)
Batch 135/146: 99 priced, 1 not found (13399 total so far)
Batch 136/146: 99 priced, 1 not found (13498 total so far)
Batch 137/146: 100 priced, 0 not found (13598 total so far)
Batch 138/146: 97 priced, 3 not found (13695 total so far)
Batch 139/146: 100 priced, 0 not found (13795 total so far)
Batch 140/146: 100 priced, 0 not found (13895 total so far)
Batch 141/146: 99 priced, 1 not found (13994 total so far)
Batch 142/146: 100 priced, 0 not found (14094 total so far)
Batch 143/146: 99 priced, 1 not found (14193 total so far)
Batch 144/146: 98 priced, 2 not found (14291 total so far)
Batch 145/146: 99 priced, 1 not found (14390 total so far)
Batch 146/146: 85 priced, 0 not found (14475 total so far)
110 item_ids returned no price data: [
   3740,  3919,  3923,  3925,  4244,  4348,  4355,  4431,  4435,
   4636,  4779,  4980,  4997,  5056,  5280,  5435,  5753,  5810,
   5822,  5834,  5913,  5999,  6063,  6143,  6240,  6312,  7038,
   7060,  7345,  7597,  7678,  7715,  7883,  7947,  8179,  8393,
   8477,  8692,  8993,  9153,  9325,  9395,  9454,  9746,  9882,
  10074, 10182, 10302, 10371, 10424, 10850, 10926, 10992, 10996,
  11099, 11103, 11309, 11763, 12031, 12144, 12148, 12410, 12506,
  12560, 12674, 12789, 12809, 13009, 13235, 13300, 13304, 13374,
  13618, 13630, 13844, 14070, 14346, 14422, 14670, 14682, 14719,
  14881, 14978, 15010, 15090, 15946, 16039, 16107, 16212, 16660,
  16661, 16788, 16917, 17117, 17135, 17246, 17287, 17467, 17887,
  18011,
  ... 10 more items
]
Got prices for 14475 items - inserting into price_history...
Inserted 400364 price rows.
Refreshing current-price views...
 
===== skins 27/08/2026 22:42:53.93 ===== 
Fetching prices for 14585 skin listings...
Batch 1/146: 99 priced, 1 not found (99 total so far)
Batch 2/146: 100 priced, 0 not found (199 total so far)
Batch 3/146: 97 priced, 3 not found (296 total so far)
Batch 4/146: 100 priced, 0 not found (396 total so far)
Batch 5/146: 100 priced, 0 not found (496 total so far)
Batch 6/146: 99 priced, 1 not found (595 total so far)
Batch 7/146: 96 priced, 4 not found (691 total so far)
Batch 8/146: 100 priced, 0 not found (791 total so far)
Batch 9/146: 99 priced, 1 not found (890 total so far)
Batch 10/146: 100 priced, 0 not found (990 total so far)
Batch 11/146: 99 priced, 1 not found (1089 total so far)
Batch 12/146: 100 priced, 0 not found (1189 total so far)
Batch 13/146: 97 priced, 3 not found (1286 total so far)
Batch 14/146: 100 priced, 0 not found (1386 total so far)
Batch 15/146: 100 priced, 0 not found (1486 total so far)
Batch 16/146: 99 priced, 1 not found (1585 total so far)
Batch 17/146: 99 priced, 1 not found (1684 total so far)
Batch 18/146: 100 priced, 0 not found (1784 total so far)
Batch 19/146: 100 priced, 0 not found (1884 total so far)
Batch 20/146: 99 priced, 1 not found (1983 total so far)
Batch 21/146: 97 priced, 3 not found (2080 total so far)
Batch 22/146: 98 priced, 2 not found (2178 total so far)
Batch 23/146: 99 priced, 1 not found (2277 total so far)
Batch 24/146: 99 priced, 1 not found (2376 total so far)
Batch 25/146: 98 priced, 2 not found (2474 total so far)
Batch 26/146: 100 priced, 0 not found (2574 total so far)
Batch 27/146: 100 priced, 0 not found (2674 total so far)
Batch 28/146: 100 priced, 0 not found (2774 total so far)
Batch 29/146: 100 priced, 0 not found (2874 total so far)
Batch 30/146: 100 priced, 0 not found (2974 total so far)
Batch 31/146: 100 priced, 0 not found (3074 total so far)
Batch 32/146: 98 priced, 2 not found (3172 total so far)
Batch 33/146: 100 priced, 0 not found (3272 total so far)
Batch 34/146: 100 priced, 0 not found (3372 total so far)
Batch 35/146: 99 priced, 1 not found (3471 total so far)
Batch 36/146: 100 priced, 0 not found (3571 total so far)
Batch 37/146: 99 priced, 1 not found (3670 total so far)
Batch 38/146: 98 priced, 2 not found (3768 total so far)
Batch 39/146: 100 priced, 0 not found (3868 total so far)
Batch 40/146: 98 priced, 2 not found (3966 total so far)
Batch 41/146: 100 priced, 0 not found (4066 total so far)
Batch 42/146: 100 priced, 0 not found (4166 total so far)
Batch 43/146: 99 priced, 1 not found (4265 total so far)
Batch 44/146: 100 priced, 0 not found (4365 total so far)
Batch 45/146: 99 priced, 1 not found (4464 total so far)
Batch 46/146: 100 priced, 0 not found (4564 total so far)
Batch 47/146: 99 priced, 1 not found (4663 total so far)
Batch 48/146: 100 priced, 0 not found (4763 total so far)
Batch 49/146: 100 priced, 0 not found (4863 total so far)
Batch 50/146: 99 priced, 1 not found (4962 total so far)
Batch 51/146: 100 priced, 0 not found (5062 total so far)
Batch 52/146: 99 priced, 1 not found (5161 total so far)
Batch 53/146: 99 priced, 1 not found (5260 total so far)
Batch 54/146: 99 priced, 1 not found (5359 total so far)
Batch 55/146: 99 priced, 1 not found (5458 total so far)
Batch 56/146: 100 priced, 0 not found (5558 total so far)
Batch 57/146: 99 priced, 1 not found (5657 total so far)
Batch 58/146: 100 priced, 0 not found (5757 total so far)
Batch 59/146: 99 priced, 1 not found (5856 total so far)
Batch 60/146: 100 priced, 0 not found (5956 total so far)
Batch 61/146: 99 priced, 1 not found (6055 total so far)
Batch 62/146: 99 priced, 1 not found (6154 total so far)
Batch 63/146: 99 priced, 1 not found (6253 total so far)
Batch 64/146: 98 priced, 2 not found (6351 total so far)
Batch 65/146: 100 priced, 0 not found (6451 total so far)
Batch 66/146: 100 priced, 0 not found (6551 total so far)
Batch 67/146: 100 priced, 0 not found (6651 total so far)
Batch 68/146: 99 priced, 1 not found (6750 total so far)
Batch 69/146: 97 priced, 3 not found (6847 total so far)
Batch 70/146: 98 priced, 2 not found (6945 total so far)
Batch 71/146: 100 priced, 0 not found (7045 total so far)
Batch 72/146: 99 priced, 1 not found (7144 total so far)
Batch 73/146: 100 priced, 0 not found (7244 total so far)
Batch 74/146: 100 priced, 0 not found (7344 total so far)
Batch 75/146: 100 priced, 0 not found (7444 total so far)
Batch 76/146: 99 priced, 1 not found (7543 total so far)
Batch 77/146: 100 priced, 0 not found (7643 total so far)
Batch 78/146: 100 priced, 0 not found (7743 total so far)
Batch 79/146: 99 priced, 1 not found (7842 total so far)
Batch 80/146: 98 priced, 2 not found (7940 total so far)
Batch 81/146: 100 priced, 0 not found (8040 total so far)
Batch 82/146: 99 priced, 1 not found (8139 total so far)
Batch 83/146: 98 priced, 2 not found (8237 total so far)
Batch 84/146: 99 priced, 1 not found (8336 total so far)
Batch 85/146: 98 priced, 2 not found (8434 total so far)
Batch 86/146: 100 priced, 0 not found (8534 total so far)
Batch 87/146: 99 priced, 1 not found (8633 total so far)
Batch 88/146: 100 priced, 0 not found (8733 total so far)
Batch 89/146: 99 priced, 1 not found (8832 total so far)
Batch 90/146: 98 priced, 2 not found (8930 total so far)
Batch 91/146: 99 priced, 1 not found (9029 total so far)
Batch 92/146: 100 priced, 0 not found (9129 total so far)
Batch 93/146: 98 priced, 2 not found (9227 total so far)
Batch 94/146: 100 priced, 0 not found (9327 total so far)
Batch 95/146: 99 priced, 1 not found (9426 total so far)
Batch 96/146: 100 priced, 0 not found (9526 total so far)
Batch 97/146: 99 priced, 1 not found (9625 total so far)
Batch 98/146: 100 priced, 0 not found (9725 total so far)
Batch 99/146: 100 priced, 0 not found (9825 total so far)
Batch 100/146: 98 priced, 2 not found (9923 total so far)
Batch 101/146: 100 priced, 0 not found (10023 total so far)
Batch 102/146: 100 priced, 0 not found (10123 total so far)
Batch 103/146: 97 priced, 3 not found (10220 total so far)
Batch 104/146: 100 priced, 0 not found (10320 total so far)
Batch 105/146: 99 priced, 1 not found (10419 total so far)
Batch 106/146: 98 priced, 2 not found (10517 total so far)
Batch 107/146: 99 priced, 1 not found (10616 total so far)
Batch 108/146: 100 priced, 0 not found (10716 total so far)
Batch 109/146: 100 priced, 0 not found (10816 total so far)
Batch 110/146: 100 priced, 0 not found (10916 total so far)
Batch 111/146: 100 priced, 0 not found (11016 total so far)
Batch 112/146: 100 priced, 0 not found (11116 total so far)
Batch 113/146: 100 priced, 0 not found (11216 total so far)
Batch 114/146: 100 priced, 0 not found (11316 total so far)
Batch 115/146: 99 priced, 1 not found (11415 total so far)
Batch 116/146: 98 priced, 2 not found (11513 total so far)
Batch 117/146: 99 priced, 1 not found (11612 total so far)
Batch 118/146: 100 priced, 0 not found (11712 total so far)
Batch 119/146: 100 priced, 0 not found (11812 total so far)
Batch 120/146: 100 priced, 0 not found (11912 total so far)
Batch 121/146: 100 priced, 0 not found (12012 total so far)
Batch 122/146: 98 priced, 2 not found (12110 total so far)
Batch 123/146: 99 priced, 1 not found (12209 total so far)
Batch 124/146: 99 priced, 1 not found (12308 total so far)
Batch 125/146: 100 priced, 0 not found (12408 total so far)
Batch 126/146: 98 priced, 2 not found (12506 total so far)
Batch 127/146: 99 priced, 1 not found (12605 total so far)
Batch 128/146: 99 priced, 1 not found (12704 total so far)
Batch 129/146: 99 priced, 1 not found (12803 total so far)
Batch 130/146: 100 priced, 0 not found (12903 total so far)
Batch 131/146: 100 priced, 0 not found (13003 total so far)
Batch 132/146: 100 priced, 0 not found (13103 total so far)
Batch 133/146: 99 priced, 1 not found (13202 total so far)
Batch 134/146: 99 priced, 1 not found (13301 total so far)
Batch 135/146: 99 priced, 1 not found (13400 total so far)
Batch 136/146: 99 priced, 1 not found (13499 total so far)
Batch 137/146: 100 priced, 0 not found (13599 total so far)
Batch 138/146: 97 priced, 3 not found (13696 total so far)
Batch 139/146: 100 priced, 0 not found (13796 total so far)
Batch 140/146: 100 priced, 0 not found (13896 total so far)
Batch 141/146: 99 priced, 1 not found (13995 total so far)
Batch 142/146: 100 priced, 0 not found (14095 total so far)
Batch 143/146: 99 priced, 1 not found (14194 total so far)
Batch 144/146: 98 priced, 2 not found (14292 total so far)
Batch 145/146: 99 priced, 1 not found (14391 total so far)
Batch 146/146: 85 priced, 0 not found (14476 total so far)
109 item_ids returned no price data: [
   3740,  3919,  3923,  3925,  4244,  4348,  4355,  4431,  4435,
   4636,  4779,  4980,  4997,  5056,  5280,  5435,  5753,  5810,
   5822,  5834,  5913,  5999,  6063,  6143,  6240,  6312,  7038,
   7060,  7345,  7597,  7678,  7715,  7883,  7947,  8179,  8393,
   8692,  8993,  9153,  9325,  9395,  9454,  9746,  9882, 10074,
  10182, 10302, 10371, 10424, 10850, 10926, 10992, 10996, 11099,
  11103, 11309, 11763, 12031, 12144, 12148, 12410, 12506, 12560,
  12674, 12789, 12809, 13009, 13235, 13300, 13304, 13374, 13618,
  13630, 13844, 14070, 14346, 14422, 14670, 14682, 14719, 14881,
  14978, 15010, 15090, 15946, 16039, 16107, 16212, 16660, 16661,
  16788, 16917, 17117, 17135, 17246, 17287, 17467, 17887, 18011,
  18092,
  ... 9 more items
]
Got prices for 14476 items - inserting into price_history...
Inserted 399838 price rows.
Refreshing current-price views...
 
===== skins 28/08/2026 12:00:01.10 ===== 
Fetching prices for 14585 skin listings...
Batch 1/146: 98 priced, 2 not found (98 total so far)
Batch 2/146: 100 priced, 0 not found (198 total so far)
Batch 3/146: 97 priced, 3 not found (295 total so far)
Batch 4/146: 100 priced, 0 not found (395 total so far)
Batch 5/146: 100 priced, 0 not found (495 total so far)
Batch 6/146: 99 priced, 1 not found (594 total so far)
Batch 7/146: 96 priced, 4 not found (690 total so far)
Batch 8/146: 100 priced, 0 not found (790 total so far)
Batch 9/146: 99 priced, 1 not found (889 total so far)
Batch 10/146: 100 priced, 0 not found (989 total so far)
Batch 11/146: 99 priced, 1 not found (1088 total so far)
Batch 12/146: 100 priced, 0 not found (1188 total so far)
Batch 13/146: 97 priced, 3 not found (1285 total so far)
Batch 14/146: 100 priced, 0 not found (1385 total so far)
Batch 15/146: 100 priced, 0 not found (1485 total so far)
Batch 16/146: 99 priced, 1 not found (1584 total so far)
Batch 17/146: 99 priced, 1 not found (1683 total so far)
Batch 18/146: 100 priced, 0 not found (1783 total so far)
Batch 19/146: 100 priced, 0 not found (1883 total so far)
Batch 20/146: 99 priced, 1 not found (1982 total so far)
Batch 21/146: 97 priced, 3 not found (2079 total so far)
Batch 22/146: 98 priced, 2 not found (2177 total so far)
Batch 23/146: 99 priced, 1 not found (2276 total so far)
Batch 24/146: 99 priced, 1 not found (2375 total so far)
Batch 25/146: 98 priced, 2 not found (2473 total so far)
Batch 26/146: 100 priced, 0 not found (2573 total so far)
Batch 27/146: 100 priced, 0 not found (2673 total so far)
Batch 28/146: 100 priced, 0 not found (2773 total so far)
Batch 29/146: 100 priced, 0 not found (2873 total so far)
Batch 30/146: 100 priced, 0 not found (2973 total so far)
Batch 31/146: 100 priced, 0 not found (3073 total so far)
Batch 32/146: 98 priced, 2 not found (3171 total so far)
Batch 33/146: 100 priced, 0 not found (3271 total so far)
Batch 34/146: 100 priced, 0 not found (3371 total so far)
Batch 35/146: 99 priced, 1 not found (3470 total so far)
Batch 36/146: 100 priced, 0 not found (3570 total so far)
Batch 37/146: 99 priced, 1 not found (3669 total so far)
Batch 38/146: 98 priced, 2 not found (3767 total so far)
Batch 39/146: 100 priced, 0 not found (3867 total so far)
Batch 40/146: 98 priced, 2 not found (3965 total so far)
Batch 41/146: 100 priced, 0 not found (4065 total so far)
Batch 42/146: 100 priced, 0 not found (4165 total so far)
Batch 43/146: 99 priced, 1 not found (4264 total so far)
Batch 44/146: 100 priced, 0 not found (4364 total so far)
Batch 45/146: 99 priced, 1 not found (4463 total so far)
Batch 46/146: 100 priced, 0 not found (4563 total so far)
Batch 47/146: 99 priced, 1 not found (4662 total so far)
Batch 48/146: 100 priced, 0 not found (4762 total so far)
Batch 49/146: 100 priced, 0 not found (4862 total so far)
Batch 50/146: 99 priced, 1 not found (4961 total so far)
Batch 51/146: 100 priced, 0 not found (5061 total so far)
Batch 52/146: 99 priced, 1 not found (5160 total so far)
Batch 53/146: 99 priced, 1 not found (5259 total so far)
Batch 54/146: 99 priced, 1 not found (5358 total so far)
Batch 55/146: 99 priced, 1 not found (5457 total so far)
Batch 56/146: 100 priced, 0 not found (5557 total so far)
Batch 57/146: 99 priced, 1 not found (5656 total so far)
Batch 58/146: 100 priced, 0 not found (5756 total so far)
Batch 59/146: 99 priced, 1 not found (5855 total so far)
Batch 60/146: 100 priced, 0 not found (5955 total so far)
Batch 61/146: 99 priced, 1 not found (6054 total so far)
Batch 62/146: 99 priced, 1 not found (6153 total so far)
Batch 63/146: 99 priced, 1 not found (6252 total so far)
Batch 64/146: 98 priced, 2 not found (6350 total so far)
Batch 65/146: 100 priced, 0 not found (6450 total so far)
Batch 66/146: 100 priced, 0 not found (6550 total so far)
Batch 67/146: 100 priced, 0 not found (6650 total so far)
Batch 68/146: 99 priced, 1 not found (6749 total so far)
Batch 69/146: 97 priced, 3 not found (6846 total so far)
Batch 70/146: 98 priced, 2 not found (6944 total so far)
Batch 71/146: 100 priced, 0 not found (7044 total so far)
Batch 72/146: 99 priced, 1 not found (7143 total so far)
Batch 73/146: 100 priced, 0 not found (7243 total so far)
Batch 74/146: 100 priced, 0 not found (7343 total so far)
Batch 75/146: 100 priced, 0 not found (7443 total so far)
Batch 76/146: 99 priced, 1 not found (7542 total so far)
Batch 77/146: 100 priced, 0 not found (7642 total so far)
Batch 78/146: 100 priced, 0 not found (7742 total so far)
Batch 79/146: 99 priced, 1 not found (7841 total so far)
Batch 80/146: 98 priced, 2 not found (7939 total so far)
Batch 81/146: 100 priced, 0 not found (8039 total so far)
Batch 82/146: 99 priced, 1 not found (8138 total so far)
Batch 83/146: 98 priced, 2 not found (8236 total so far)
Batch 84/146: 99 priced, 1 not found (8335 total so far)
Batch 85/146: 98 priced, 2 not found (8433 total so far)
Batch 86/146: 100 priced, 0 not found (8533 total so far)
Batch 87/146: 99 priced, 1 not found (8632 total so far)
Batch 88/146: 100 priced, 0 not found (8732 total so far)
Batch 89/146: 99 priced, 1 not found (8831 total so far)
Batch 90/146: 98 priced, 2 not found (8929 total so far)
Batch 91/146: 99 priced, 1 not found (9028 total so far)
Batch 92/146: 100 priced, 0 not found (9128 total so far)
Batch 93/146: 98 priced, 2 not found (9226 total so far)
Batch 94/146: 100 priced, 0 not found (9326 total so far)
Batch 95/146: 99 priced, 1 not found (9425 total so far)
Batch 96/146: 100 priced, 0 not found (9525 total so far)
Batch 97/146: 99 priced, 1 not found (9624 total so far)
Batch 98/146: 100 priced, 0 not found (9724 total so far)
Batch 99/146: 100 priced, 0 not found (9824 total so far)
Batch 100/146: 98 priced, 2 not found (9922 total so far)
Batch 101/146: 100 priced, 0 not found (10022 total so far)
Batch 102/146: 100 priced, 0 not found (10122 total so far)
Batch 103/146: 97 priced, 3 not found (10219 total so far)
Batch 104/146: 100 priced, 0 not found (10319 total so far)
Batch 105/146: 99 priced, 1 not found (10418 total so far)
Batch 106/146: 98 priced, 2 not found (10516 total so far)
Batch 107/146: 99 priced, 1 not found (10615 total so far)
Batch 108/146: 100 priced, 0 not found (10715 total so far)
Batch 109/146: 100 priced, 0 not found (10815 total so far)
Batch 110/146: 100 priced, 0 not found (10915 total so far)
Batch 111/146: 100 priced, 0 not found (11015 total so far)
Batch 112/146: 100 priced, 0 not found (11115 total so far)
Batch 113/146: 100 priced, 0 not found (11215 total so far)
Batch 114/146: 100 priced, 0 not found (11315 total so far)
Batch 115/146: 99 priced, 1 not found (11414 total so far)
Batch 116/146: 98 priced, 2 not found (11512 total so far)
Batch 117/146: 99 priced, 1 not found (11611 total so far)
Batch 118/146: 100 priced, 0 not found (11711 total so far)
Batch 119/146: 100 priced, 0 not found (11811 total so far)
Batch 120/146: 100 priced, 0 not found (11911 total so far)
Batch 121/146: 100 priced, 0 not found (12011 total so far)
Batch 122/146: 98 priced, 2 not found (12109 total so far)
Batch 123/146: 99 priced, 1 not found (12208 total so far)
Batch 124/146: 99 priced, 1 not found (12307 total so far)
Batch 125/146: 100 priced, 0 not found (12407 total so far)
Batch 126/146: 98 priced, 2 not found (12505 total so far)
Batch 127/146: 99 priced, 1 not found (12604 total so far)
Batch 128/146: 99 priced, 1 not found (12703 total so far)
Batch 129/146: 99 priced, 1 not found (12802 total so far)
Batch 130/146: 100 priced, 0 not found (12902 total so far)
Batch 131/146: 100 priced, 0 not found (13002 total so far)
Batch 132/146: 100 priced, 0 not found (13102 total so far)
Batch 133/146: 99 priced, 1 not found (13201 total so far)
Batch 134/146: 99 priced, 1 not found (13300 total so far)
Batch 135/146: 99 priced, 1 not found (13399 total so far)
Batch 136/146: 99 priced, 1 not found (13498 total so far)
Batch 137/146: 100 priced, 0 not found (13598 total so far)
Batch 138/146: 97 priced, 3 not found (13695 total so far)
Batch 139/146: 100 priced, 0 not found (13795 total so far)
Batch 140/146: 100 priced, 0 not found (13895 total so far)
Batch 141/146: 99 priced, 1 not found (13994 total so far)
Batch 142/146: 100 priced, 0 not found (14094 total so far)
Batch 143/146: 99 priced, 1 not found (14193 total so far)
Batch 144/146: 98 priced, 2 not found (14291 total so far)
Batch 145/146: 98 priced, 2 not found (14389 total so far)
Batch 146/146: 85 priced, 0 not found (14474 total so far)
111 item_ids returned no price data: [
   3718,  3740,  3919,  3923,  3925,  4244,  4348,  4355,  4431,
   4435,  4636,  4779,  4980,  4997,  5056,  5280,  5435,  5753,
   5810,  5822,  5834,  5913,  5999,  6063,  6143,  6240,  6312,
   7038,  7060,  7345,  7597,  7678,  7715,  7883,  7947,  8179,
   8393,  8692,  8993,  9153,  9325,  9395,  9454,  9746,  9882,
  10074, 10182, 10302, 10371, 10424, 10850, 10926, 10992, 10996,
  11099, 11103, 11309, 11763, 12031, 12144, 12148, 12410, 12506,
  12560, 12674, 12789, 12809, 13009, 13235, 13300, 13304, 13374,
  13618, 13630, 13844, 14070, 14346, 14422, 14670, 14682, 14719,
  14881, 14978, 15010, 15090, 15946, 16039, 16107, 16212, 16660,
  16661, 16788, 16917, 17117, 17135, 17246, 17287, 17467, 17887,
  18011,
  ... 11 more items
]
Got prices for 14474 items - inserting into price_history...
Inserted 400285 price rows.
Refreshing current-price views...
 
===== skins 28/08/2026 15:00:01.21 ===== 
Fetching prices for 14585 skin listings...
Batch 1/146: 98 priced, 2 not found (98 total so far)
Batch 2/146: 100 priced, 0 not found (198 total so far)
Batch 3/146: 97 priced, 3 not found (295 total so far)
Batch 4/146: 100 priced, 0 not found (395 total so far)
Batch 5/146: 100 priced, 0 not found (495 total so far)
Batch 6/146: 99 priced, 1 not found (594 total so far)
Batch 7/146: 96 priced, 4 not found (690 total so far)
Batch 8/146: 100 priced, 0 not found (790 total so far)
Batch 9/146: 99 priced, 1 not found (889 total so far)
Batch 10/146: 100 priced, 0 not found (989 total so far)
Batch 11/146: 99 priced, 1 not found (1088 total so far)
Batch 12/146: 100 priced, 0 not found (1188 total so far)
Batch 13/146: 97 priced, 3 not found (1285 total so far)
Batch 14/146: 100 priced, 0 not found (1385 total so far)
Batch 15/146: 100 priced, 0 not found (1485 total so far)
Batch 16/146: 99 priced, 1 not found (1584 total so far)
Batch 17/146: 99 priced, 1 not found (1683 total so far)
Batch 18/146: 100 priced, 0 not found (1783 total so far)
Batch 19/146: 100 priced, 0 not found (1883 total so far)
Batch 20/146: 99 priced, 1 not found (1982 total so far)
Batch 21/146: 97 priced, 3 not found (2079 total so far)
Batch 22/146: 98 priced, 2 not found (2177 total so far)
Batch 23/146: 99 priced, 1 not found (2276 total so far)
Batch 24/146: 99 priced, 1 not found (2375 total so far)
Batch 25/146: 98 priced, 2 not found (2473 total so far)
Batch 26/146: 100 priced, 0 not found (2573 total so far)
Batch 27/146: 100 priced, 0 not found (2673 total so far)
Batch 28/146: 100 priced, 0 not found (2773 total so far)
Batch 29/146: 100 priced, 0 not found (2873 total so far)
Batch 30/146: 100 priced, 0 not found (2973 total so far)
Batch 31/146: 100 priced, 0 not found (3073 total so far)
Batch 32/146: 98 priced, 2 not found (3171 total so far)
Batch 33/146: 100 priced, 0 not found (3271 total so far)
Batch 34/146: 100 priced, 0 not found (3371 total so far)
Batch 35/146: 99 priced, 1 not found (3470 total so far)
Batch 36/146: 100 priced, 0 not found (3570 total so far)
Batch 37/146: 99 priced, 1 not found (3669 total so far)
Batch 38/146: 98 priced, 2 not found (3767 total so far)
Batch 39/146: 100 priced, 0 not found (3867 total so far)
Batch 40/146: 98 priced, 2 not found (3965 total so far)
Batch 41/146: 100 priced, 0 not found (4065 total so far)
Batch 42/146: 100 priced, 0 not found (4165 total so far)
Batch 43/146: 99 priced, 1 not found (4264 total so far)
Batch 44/146: 100 priced, 0 not found (4364 total so far)
Batch 45/146: 99 priced, 1 not found (4463 total so far)
Batch 46/146: 100 priced, 0 not found (4563 total so far)
Batch 47/146: 99 priced, 1 not found (4662 total so far)
Batch 48/146: 100 priced, 0 not found (4762 total so far)
Batch 49/146: 100 priced, 0 not found (4862 total so far)
Batch 50/146: 99 priced, 1 not found (4961 total so far)
Batch 51/146: 100 priced, 0 not found (5061 total so far)
Batch 52/146: 99 priced, 1 not found (5160 total so far)
Batch 53/146: 99 priced, 1 not found (5259 total so far)
Batch 54/146: 99 priced, 1 not found (5358 total so far)
Batch 55/146: 99 priced, 1 not found (5457 total so far)
Batch 56/146: 100 priced, 0 not found (5557 total so far)
Batch 57/146: 99 priced, 1 not found (5656 total so far)
Batch 58/146: 100 priced, 0 not found (5756 total so far)
Batch 59/146: 99 priced, 1 not found (5855 total so far)
Batch 60/146: 100 priced, 0 not found (5955 total so far)
Batch 61/146: 99 priced, 1 not found (6054 total so far)
Batch 62/146: 99 priced, 1 not found (6153 total so far)
Batch 63/146: 99 priced, 1 not found (6252 total so far)
Batch 64/146: 98 priced, 2 not found (6350 total so far)
Batch 65/146: 100 priced, 0 not found (6450 total so far)
Batch 66/146: 100 priced, 0 not found (6550 total so far)
Batch 67/146: 100 priced, 0 not found (6650 total so far)
Batch 68/146: 99 priced, 1 not found (6749 total so far)
Batch 69/146: 97 priced, 3 not found (6846 total so far)
Batch 70/146: 98 priced, 2 not found (6944 total so far)
Batch 71/146: 100 priced, 0 not found (7044 total so far)
Batch 72/146: 99 priced, 1 not found (7143 total so far)
Batch 73/146: 100 priced, 0 not found (7243 total so far)
Batch 74/146: 100 priced, 0 not found (7343 total so far)
Batch 75/146: 100 priced, 0 not found (7443 total so far)
Batch 76/146: 99 priced, 1 not found (7542 total so far)
Batch 77/146: 100 priced, 0 not found (7642 total so far)
Batch 78/146: 100 priced, 0 not found (7742 total so far)
Batch 79/146: 99 priced, 1 not found (7841 total so far)
Batch 80/146: 98 priced, 2 not found (7939 total so far)
Batch 81/146: 100 priced, 0 not found (8039 total so far)
Batch 82/146: 99 priced, 1 not found (8138 total so far)
Batch 83/146: 98 priced, 2 not found (8236 total so far)
Batch 84/146: 99 priced, 1 not found (8335 total so far)
Batch 85/146: 98 priced, 2 not found (8433 total so far)
Batch 86/146: 100 priced, 0 not found (8533 total so far)
Batch 87/146: 99 priced, 1 not found (8632 total so far)
Batch 88/146: 100 priced, 0 not found (8732 total so far)
Batch 89/146: 99 priced, 1 not found (8831 total so far)
Batch 90/146: 98 priced, 2 not found (8929 total so far)
Batch 91/146: 99 priced, 1 not found (9028 total so far)
Batch 92/146: 100 priced, 0 not found (9128 total so far)
Batch 93/146: 98 priced, 2 not found (9226 total so far)
Batch 94/146: 100 priced, 0 not found (9326 total so far)
Batch 95/146: 99 priced, 1 not found (9425 total so far)
Batch 96/146: 100 priced, 0 not found (9525 total so far)
Batch 97/146: 99 priced, 1 not found (9624 total so far)
Batch 98/146: 100 priced, 0 not found (9724 total so far)
Batch 99/146: 100 priced, 0 not found (9824 total so far)
Batch 100/146: 98 priced, 2 not found (9922 total so far)
Batch 101/146: 100 priced, 0 not found (10022 total so far)
Batch 102/146: 100 priced, 0 not found (10122 total so far)
Batch 103/146: 97 priced, 3 not found (10219 total so far)
Batch 104/146: 100 priced, 0 not found (10319 total so far)
Batch 105/146: 99 priced, 1 not found (10418 total so far)
Batch 106/146: 98 priced, 2 not found (10516 total so far)
Batch 107/146: 99 priced, 1 not found (10615 total so far)
Batch 108/146: 100 priced, 0 not found (10715 total so far)
Batch 109/146: 100 priced, 0 not found (10815 total so far)
Batch 110/146: 100 priced, 0 not found (10915 total so far)
Batch 111/146: 100 priced, 0 not found (11015 total so far)
Batch 112/146: 100 priced, 0 not found (11115 total so far)
Batch 113/146: 100 priced, 0 not found (11215 total so far)
Batch 114/146: 100 priced, 0 not found (11315 total so far)
Batch 115/146: 99 priced, 1 not found (11414 total so far)
Batch 116/146: 98 priced, 2 not found (11512 total so far)
Batch 117/146: 99 priced, 1 not found (11611 total so far)
Batch 118/146: 100 priced, 0 not found (11711 total so far)
Batch 119/146: 100 priced, 0 not found (11811 total so far)
Batch 120/146: 100 priced, 0 not found (11911 total so far)
Batch 121/146: 100 priced, 0 not found (12011 total so far)
Batch 122/146: 98 priced, 2 not found (12109 total so far)
Batch 123/146: 99 priced, 1 not found (12208 total so far)
Batch 124/146: 99 priced, 1 not found (12307 total so far)
Batch 125/146: 100 priced, 0 not found (12407 total so far)
Batch 126/146: 98 priced, 2 not found (12505 total so far)
Batch 127/146: 99 priced, 1 not found (12604 total so far)
Batch 128/146: 99 priced, 1 not found (12703 total so far)
Batch 129/146: 99 priced, 1 not found (12802 total so far)
Batch 130/146: 100 priced, 0 not found (12902 total so far)
Batch 131/146: 100 priced, 0 not found (13002 total so far)
Batch 132/146: 100 priced, 0 not found (13102 total so far)
Batch 133/146: 99 priced, 1 not found (13201 total so far)
Batch 134/146: 99 priced, 1 not found (13300 total so far)
Batch 135/146: 99 priced, 1 not found (13399 total so far)
Batch 136/146: 99 priced, 1 not found (13498 total so far)
Batch 137/146: 100 priced, 0 not found (13598 total so far)
Batch 138/146: 97 priced, 3 not found (13695 total so far)
Batch 139/146: 100 priced, 0 not found (13795 total so far)
Batch 140/146: 100 priced, 0 not found (13895 total so far)
Batch 141/146: 99 priced, 1 not found (13994 total so far)
Batch 142/146: 100 priced, 0 not found (14094 total so far)
Batch 143/146: 99 priced, 1 not found (14193 total so far)
Batch 144/146: 98 priced, 2 not found (14291 total so far)
Batch 145/146: 98 priced, 2 not found (14389 total so far)
Batch 146/146: 85 priced, 0 not found (14474 total so far)
111 item_ids returned no price data: [
   3718,  3740,  3919,  3923,  3925,  4244,  4348,  4355,  4431,
   4435,  4636,  4779,  4980,  4997,  5056,  5280,  5435,  5753,
   5810,  5822,  5834,  5913,  5999,  6063,  6143,  6240,  6312,
   7038,  7060,  7345,  7597,  7678,  7715,  7883,  7947,  8179,
   8393,  8692,  8993,  9153,  9325,  9395,  9454,  9746,  9882,
  10074, 10182, 10302, 10371, 10424, 10850, 10926, 10992, 10996,
  11099, 11103, 11309, 11763, 12031, 12144, 12148, 12410, 12506,
  12560, 12674, 12789, 12809, 13009, 13235, 13300, 13304, 13374,
  13618, 13630, 13844, 14070, 14346, 14422, 14670, 14682, 14719,
  14881, 14978, 15010, 15090, 15946, 16039, 16107, 16212, 16660,
  16661, 16788, 16917, 17117, 17135, 17246, 17287, 17467, 17887,
  18011,
  ... 11 more items
]
Got prices for 14474 items - inserting into price_history...
Inserted 395410 price rows.
Refreshing current-price views...
 
===== skins 28/08/2026 18:00:01.23 ===== 
Fetching prices for 14585 skin listings...
Batch 1/146: 98 priced, 2 not found (98 total so far)
Batch 2/146: 100 priced, 0 not found (198 total so far)
Batch 3/146: 97 priced, 3 not found (295 total so far)
Batch 4/146: 100 priced, 0 not found (395 total so far)
Batch 5/146: 100 priced, 0 not found (495 total so far)
Batch 6/146: 99 priced, 1 not found (594 total so far)
Batch 7/146: 96 priced, 4 not found (690 total so far)
Batch 8/146: 100 priced, 0 not found (790 total so far)
Batch 9/146: 99 priced, 1 not found (889 total so far)
Batch 10/146: 100 priced, 0 not found (989 total so far)
Batch 11/146: 99 priced, 1 not found (1088 total so far)
Batch 12/146: 100 priced, 0 not found (1188 total so far)
Batch 13/146: 97 priced, 3 not found (1285 total so far)
Batch 14/146: 100 priced, 0 not found (1385 total so far)
Batch 15/146: 100 priced, 0 not found (1485 total so far)
Batch 16/146: 99 priced, 1 not found (1584 total so far)
Batch 17/146: 99 priced, 1 not found (1683 total so far)
Batch 18/146: 100 priced, 0 not found (1783 total so far)
Batch 19/146: 100 priced, 0 not found (1883 total so far)
Batch 20/146: 99 priced, 1 not found (1982 total so far)
Batch 21/146: 97 priced, 3 not found (2079 total so far)
Batch 22/146: 98 priced, 2 not found (2177 total so far)
Batch 23/146: 99 priced, 1 not found (2276 total so far)
Batch 24/146: 99 priced, 1 not found (2375 total so far)
Batch 25/146: 98 priced, 2 not found (2473 total so far)
Batch 26/146: 100 priced, 0 not found (2573 total so far)
Batch 27/146: 100 priced, 0 not found (2673 total so far)
Batch 28/146: 100 priced, 0 not found (2773 total so far)
Batch 29/146: 100 priced, 0 not found (2873 total so far)
Batch 30/146: 100 priced, 0 not found (2973 total so far)
Batch 31/146: 100 priced, 0 not found (3073 total so far)
Batch 32/146: 98 priced, 2 not found (3171 total so far)
Batch 33/146: 100 priced, 0 not found (3271 total so far)
Batch 34/146: 100 priced, 0 not found (3371 total so far)
Batch 35/146: 99 priced, 1 not found (3470 total so far)
Batch 36/146: 100 priced, 0 not found (3570 total so far)
Batch 37/146: 99 priced, 1 not found (3669 total so far)
Batch 38/146: 98 priced, 2 not found (3767 total so far)
Batch 39/146: 100 priced, 0 not found (3867 total so far)
Batch 40/146: 98 priced, 2 not found (3965 total so far)
Batch 41/146: 100 priced, 0 not found (4065 total so far)
Batch 42/146: 100 priced, 0 not found (4165 total so far)
Batch 43/146: 99 priced, 1 not found (4264 total so far)
Batch 44/146: 100 priced, 0 not found (4364 total so far)
Batch 45/146: 99 priced, 1 not found (4463 total so far)
Batch 46/146: 100 priced, 0 not found (4563 total so far)
Batch 47/146: 99 priced, 1 not found (4662 total so far)
Batch 48/146: 100 priced, 0 not found (4762 total so far)
Batch 49/146: 100 priced, 0 not found (4862 total so far)
Batch 50/146: 99 priced, 1 not found (4961 total so far)
Batch 51/146: 100 priced, 0 not found (5061 total so far)
Batch 52/146: 99 priced, 1 not found (5160 total so far)
Batch 53/146: 99 priced, 1 not found (5259 total so far)
Batch 54/146: 99 priced, 1 not found (5358 total so far)
Batch 55/146: 99 priced, 1 not found (5457 total so far)
Batch 56/146: 100 priced, 0 not found (5557 total so far)
Batch 57/146: 99 priced, 1 not found (5656 total so far)
Batch 58/146: 100 priced, 0 not found (5756 total so far)
Batch 59/146: 99 priced, 1 not found (5855 total so far)
Batch 60/146: 100 priced, 0 not found (5955 total so far)
Batch 61/146: 99 priced, 1 not found (6054 total so far)
Batch 62/146: 99 priced, 1 not found (6153 total so far)
Batch 63/146: 99 priced, 1 not found (6252 total so far)
Batch 64/146: 98 priced, 2 not found (6350 total so far)
Batch 65/146: 100 priced, 0 not found (6450 total so far)
Batch 66/146: 100 priced, 0 not found (6550 total so far)
Batch 67/146: 100 priced, 0 not found (6650 total so far)
Batch 68/146: 99 priced, 1 not found (6749 total so far)
Batch 69/146: 97 priced, 3 not found (6846 total so far)
Batch 70/146: 98 priced, 2 not found (6944 total so far)
Batch 71/146: 100 priced, 0 not found (7044 total so far)
Batch 72/146: 99 priced, 1 not found (7143 total so far)
Batch 73/146: 100 priced, 0 not found (7243 total so far)
Batch 74/146: 100 priced, 0 not found (7343 total so far)
Batch 75/146: 100 priced, 0 not found (7443 total so far)
Batch 76/146: 99 priced, 1 not found (7542 total so far)
Batch 77/146: 100 priced, 0 not found (7642 total so far)
Batch 78/146: 100 priced, 0 not found (7742 total so far)
Batch 79/146: 99 priced, 1 not found (7841 total so far)
Batch 80/146: 98 priced, 2 not found (7939 total so far)
Batch 81/146: 100 priced, 0 not found (8039 total so far)
Batch 82/146: 99 priced, 1 not found (8138 total so far)
Batch 83/146: 98 priced, 2 not found (8236 total so far)
Batch 84/146: 99 priced, 1 not found (8335 total so far)
Batch 85/146: 98 priced, 2 not found (8433 total so far)
Batch 86/146: 100 priced, 0 not found (8533 total so far)
Batch 87/146: 99 priced, 1 not found (8632 total so far)
Batch 88/146: 100 priced, 0 not found (8732 total so far)
Batch 89/146: 99 priced, 1 not found (8831 total so far)
Batch 90/146: 98 priced, 2 not found (8929 total so far)
Batch 91/146: 99 priced, 1 not found (9028 total so far)
Batch 92/146: 100 priced, 0 not found (9128 total so far)
Batch 93/146: 98 priced, 2 not found (9226 total so far)
Batch 94/146: 100 priced, 0 not found (9326 total so far)
Batch 95/146: 99 priced, 1 not found (9425 total so far)
Batch 96/146: 100 priced, 0 not found (9525 total so far)
Batch 97/146: 99 priced, 1 not found (9624 total so far)
Batch 98/146: 100 priced, 0 not found (9724 total so far)
Batch 99/146: 100 priced, 0 not found (9824 total so far)
Batch 100/146: 98 priced, 2 not found (9922 total so far)
Batch 101/146: 100 priced, 0 not found (10022 total so far)
Batch 102/146: 100 priced, 0 not found (10122 total so far)
Batch 103/146: 97 priced, 3 not found (10219 total so far)
Batch 104/146: 100 priced, 0 not found (10319 total so far)
Batch 105/146: 99 priced, 1 not found (10418 total so far)
Batch 106/146: 98 priced, 2 not found (10516 total so far)
Batch 107/146: 99 priced, 1 not found (10615 total so far)
Batch 108/146: 100 priced, 0 not found (10715 total so far)
Batch 109/146: 100 priced, 0 not found (10815 total so far)
Batch 110/146: 100 priced, 0 not found (10915 total so far)
Batch 111/146: 100 priced, 0 not found (11015 total so far)
Batch 112/146: 100 priced, 0 not found (11115 total so far)
Batch 113/146: 100 priced, 0 not found (11215 total so far)
Batch 114/146: 100 priced, 0 not found (11315 total so far)
Batch 115/146: 99 priced, 1 not found (11414 total so far)
Batch 116/146: 98 priced, 2 not found (11512 total so far)
Batch 117/146: 99 priced, 1 not found (11611 total so far)
Batch 118/146: 100 priced, 0 not found (11711 total so far)
Batch 119/146: 100 priced, 0 not found (11811 total so far)
Batch 120/146: 100 priced, 0 not found (11911 total so far)
Batch 121/146: 100 priced, 0 not found (12011 total so far)
Batch 122/146: 98 priced, 2 not found (12109 total so far)
Batch 123/146: 99 priced, 1 not found (12208 total so far)
Batch 124/146: 99 priced, 1 not found (12307 total so far)
Batch 125/146: 100 priced, 0 not found (12407 total so far)
Batch 126/146: 98 priced, 2 not found (12505 total so far)
Batch 127/146: 99 priced, 1 not found (12604 total so far)
Batch 128/146: 99 priced, 1 not found (12703 total so far)
Batch 129/146: 99 priced, 1 not found (12802 total so far)
Batch 130/146: 100 priced, 0 not found (12902 total so far)
Batch 131/146: 100 priced, 0 not found (13002 total so far)
Batch 132/146: 100 priced, 0 not found (13102 total so far)
Batch 133/146: 99 priced, 1 not found (13201 total so far)
Batch 134/146: 99 priced, 1 not found (13300 total so far)
Batch 135/146: 99 priced, 1 not found (13399 total so far)
Batch 136/146: 99 priced, 1 not found (13498 total so far)
Batch 137/146: 100 priced, 0 not found (13598 total so far)
Batch 138/146: 97 priced, 3 not found (13695 total so far)
Batch 139/146: 100 priced, 0 not found (13795 total so far)
Batch 140/146: 100 priced, 0 not found (13895 total so far)
Batch 141/146: 99 priced, 1 not found (13994 total so far)
Batch 142/146: 100 priced, 0 not found (14094 total so far)
Batch 143/146: 99 priced, 1 not found (14193 total so far)
Batch 144/146: 98 priced, 2 not found (14291 total so far)
Batch 145/146: 98 priced, 2 not found (14389 total so far)
Batch 146/146: 85 priced, 0 not found (14474 total so far)
111 item_ids returned no price data: [
   3718,  3740,  3919,  3923,  3925,  4244,  4348,  4355,  4431,
   4435,  4636,  4779,  4980,  4997,  5056,  5280,  5435,  5753,
   5810,  5822,  5834,  5913,  5999,  6063,  6143,  6240,  6312,
   7038,  7060,  7345,  7597,  7678,  7715,  7883,  7947,  8179,
   8393,  8692,  8993,  9153,  9325,  9395,  9454,  9746,  9882,
  10074, 10182, 10302, 10371, 10424, 10850, 10926, 10992, 10996,
  11099, 11103, 11309, 11763, 12031, 12144, 12148, 12410, 12506,
  12560, 12674, 12789, 12809, 13009, 13235, 13300, 13304, 13374,
  13618, 13630, 13844, 14070, 14346, 14422, 14670, 14682, 14719,
  14881, 14978, 15010, 15090, 15946, 16039, 16107, 16212, 16660,
  16661, 16788, 16917, 17117, 17135, 17246, 17287, 17467, 17887,
  18011,
  ... 11 more items
]
Got prices for 14474 items - inserting into price_history...
Inserted 400646 price rows.
Refreshing current-price views...
 
===== skins 28/08/2026 21:00:01.28 ===== 
Fetching prices for 14585 skin listings...
Batch 1/146: 98 priced, 2 not found (98 total so far)
Batch 2/146: 100 priced, 0 not found (198 total so far)
Batch 3/146: 97 priced, 3 not found (295 total so far)
Batch 4/146: 100 priced, 0 not found (395 total so far)
Batch 5/146: 100 priced, 0 not found (495 total so far)
Batch 6/146: 99 priced, 1 not found (594 total so far)
Batch 7/146: 96 priced, 4 not found (690 total so far)
Batch 8/146: 100 priced, 0 not found (790 total so far)
Batch 9/146: 99 priced, 1 not found (889 total so far)
Batch 10/146: 100 priced, 0 not found (989 total so far)
Batch 11/146: 99 priced, 1 not found (1088 total so far)
Batch 12/146: 100 priced, 0 not found (1188 total so far)
Batch 13/146: 97 priced, 3 not found (1285 total so far)
Batch 14/146: 100 priced, 0 not found (1385 total so far)
Batch 15/146: 100 priced, 0 not found (1485 total so far)
Batch 16/146: 99 priced, 1 not found (1584 total so far)
Batch 17/146: 99 priced, 1 not found (1683 total so far)
Batch 18/146: 100 priced, 0 not found (1783 total so far)
Batch 19/146: 100 priced, 0 not found (1883 total so far)
Batch 20/146: 99 priced, 1 not found (1982 total so far)
Batch 21/146: 97 priced, 3 not found (2079 total so far)
Batch 22/146: 98 priced, 2 not found (2177 total so far)
Batch 23/146: 99 priced, 1 not found (2276 total so far)
Batch 24/146: 99 priced, 1 not found (2375 total so far)
Batch 25/146: 98 priced, 2 not found (2473 total so far)
Batch 26/146: 100 priced, 0 not found (2573 total so far)
Batch 27/146: 100 priced, 0 not found (2673 total so far)
Batch 28/146: 100 priced, 0 not found (2773 total so far)
Batch 29/146: 100 priced, 0 not found (2873 total so far)
Batch 30/146: 100 priced, 0 not found (2973 total so far)
Batch 31/146: 100 priced, 0 not found (3073 total so far)
Batch 32/146: 98 priced, 2 not found (3171 total so far)
Batch 33/146: 100 priced, 0 not found (3271 total so far)
Batch 34/146: 100 priced, 0 not found (3371 total so far)
Batch 35/146: 99 priced, 1 not found (3470 total so far)
Batch 36/146: 100 priced, 0 not found (3570 total so far)
Batch 37/146: 99 priced, 1 not found (3669 total so far)
Batch 38/146: 98 priced, 2 not found (3767 total so far)
Batch 39/146: 100 priced, 0 not found (3867 total so far)
Batch 40/146: 98 priced, 2 not found (3965 total so far)
Batch 41/146: 100 priced, 0 not found (4065 total so far)
Batch 42/146: 100 priced, 0 not found (4165 total so far)
Batch 43/146: 99 priced, 1 not found (4264 total so far)
Batch 44/146: 100 priced, 0 not found (4364 total so far)
Batch 45/146: 99 priced, 1 not found (4463 total so far)
Batch 46/146: 100 priced, 0 not found (4563 total so far)
Batch 47/146: 99 priced, 1 not found (4662 total so far)
Batch 48/146: 100 priced, 0 not found (4762 total so far)
Batch 49/146: 100 priced, 0 not found (4862 total so far)
Batch 50/146: 99 priced, 1 not found (4961 total so far)
Batch 51/146: 100 priced, 0 not found (5061 total so far)
Batch 52/146: 99 priced, 1 not found (5160 total so far)
Batch 53/146: 99 priced, 1 not found (5259 total so far)
Batch 54/146: 99 priced, 1 not found (5358 total so far)
Batch 55/146: 99 priced, 1 not found (5457 total so far)
Batch 56/146: 100 priced, 0 not found (5557 total so far)
Batch 57/146: 99 priced, 1 not found (5656 total so far)
Batch 58/146: 100 priced, 0 not found (5756 total so far)
Batch 59/146: 99 priced, 1 not found (5855 total so far)
Batch 60/146: 100 priced, 0 not found (5955 total so far)
Batch 61/146: 99 priced, 1 not found (6054 total so far)
Batch 62/146: 99 priced, 1 not found (6153 total so far)
Batch 63/146: 99 priced, 1 not found (6252 total so far)
Batch 64/146: 98 priced, 2 not found (6350 total so far)
Batch 65/146: 100 priced, 0 not found (6450 total so far)
Batch 66/146: 100 priced, 0 not found (6550 total so far)
Batch 67/146: 100 priced, 0 not found (6650 total so far)
Batch 68/146: 99 priced, 1 not found (6749 total so far)
Batch 69/146: 97 priced, 3 not found (6846 total so far)
Batch 70/146: 98 priced, 2 not found (6944 total so far)
Batch 71/146: 100 priced, 0 not found (7044 total so far)
Batch 72/146: 99 priced, 1 not found (7143 total so far)
Batch 73/146: 100 priced, 0 not found (7243 total so far)
Batch 74/146: 100 priced, 0 not found (7343 total so far)
Batch 75/146: 100 priced, 0 not found (7443 total so far)
Batch 76/146: 99 priced, 1 not found (7542 total so far)
Batch 77/146: 100 priced, 0 not found (7642 total so far)
Batch 78/146: 100 priced, 0 not found (7742 total so far)
Batch 79/146: 99 priced, 1 not found (7841 total so far)
Batch 80/146: 98 priced, 2 not found (7939 total so far)
Batch 81/146: 100 priced, 0 not found (8039 total so far)
Batch 82/146: 99 priced, 1 not found (8138 total so far)
Batch 83/146: 98 priced, 2 not found (8236 total so far)
Batch 84/146: 99 priced, 1 not found (8335 total so far)
Batch 85/146: 98 priced, 2 not found (8433 total so far)
Batch 86/146: 100 priced, 0 not found (8533 total so far)
Batch 87/146: 99 priced, 1 not found (8632 total so far)
Batch 88/146: 100 priced, 0 not found (8732 total so far)
Batch 89/146: 99 priced, 1 not found (8831 total so far)
Batch 90/146: 98 priced, 2 not found (8929 total so far)
Batch 91/146: 99 priced, 1 not found (9028 total so far)
Batch 92/146: 100 priced, 0 not found (9128 total so far)
Batch 93/146: 98 priced, 2 not found (9226 total so far)
Batch 94/146: 100 priced, 0 not found (9326 total so far)
Batch 95/146: 99 priced, 1 not found (9425 total so far)
Batch 96/146: 100 priced, 0 not found (9525 total so far)
Batch 97/146: 99 priced, 1 not found (9624 total so far)
Batch 98/146: 100 priced, 0 not found (9724 total so far)
Batch 99/146: 100 priced, 0 not found (9824 total so far)
Batch 100/146: 98 priced, 2 not found (9922 total so far)
Batch 101/146: 100 priced, 0 not found (10022 total so far)
Batch 102/146: 100 priced, 0 not found (10122 total so far)
Batch 103/146: 97 priced, 3 not found (10219 total so far)
Batch 104/146: 100 priced, 0 not found (10319 total so far)
Batch 105/146: 99 priced, 1 not found (10418 total so far)
Batch 106/146: 98 priced, 2 not found (10516 total so far)
Batch 107/146: 99 priced, 1 not found (10615 total so far)
Batch 108/146: 100 priced, 0 not found (10715 total so far)
Batch 109/146: 100 priced, 0 not found (10815 total so far)
Batch 110/146: 100 priced, 0 not found (10915 total so far)
Batch 111/146: 100 priced, 0 not found (11015 total so far)
Batch 112/146: 100 priced, 0 not found (11115 total so far)
Batch 113/146: 100 priced, 0 not found (11215 total so far)
Batch 114/146: 100 priced, 0 not found (11315 total so far)
Batch 115/146: 99 priced, 1 not found (11414 total so far)
Batch 116/146: 98 priced, 2 not found (11512 total so far)
Batch 117/146: 99 priced, 1 not found (11611 total so far)
Batch 118/146: 100 priced, 0 not found (11711 total so far)
Batch 119/146: 100 priced, 0 not found (11811 total so far)
Batch 120/146: 100 priced, 0 not found (11911 total so far)
Batch 121/146: 100 priced, 0 not found (12011 total so far)
Batch 122/146: 98 priced, 2 not found (12109 total so far)
Batch 123/146: 99 priced, 1 not found (12208 total so far)
Batch 124/146: 99 priced, 1 not found (12307 total so far)
Batch 125/146: 100 priced, 0 not found (12407 total so far)
Batch 126/146: 98 priced, 2 not found (12505 total so far)
Batch 127/146: 99 priced, 1 not found (12604 total so far)
Batch 128/146: 99 priced, 1 not found (12703 total so far)
Batch 129/146: 99 priced, 1 not found (12802 total so far)
Batch 130/146: 100 priced, 0 not found (12902 total so far)
Batch 131/146: 100 priced, 0 not found (13002 total so far)
Batch 132/146: 100 priced, 0 not found (13102 total so far)
Batch 133/146: 99 priced, 1 not found (13201 total so far)
Batch 134/146: 99 priced, 1 not found (13300 total so far)
Batch 135/146: 99 priced, 1 not found (13399 total so far)
Batch 136/146: 99 priced, 1 not found (13498 total so far)
Batch 137/146: 100 priced, 0 not found (13598 total so far)
Batch 138/146: 97 priced, 3 not found (13695 total so far)
Batch 139/146: 100 priced, 0 not found (13795 total so far)
Batch 140/146: 100 priced, 0 not found (13895 total so far)
Batch 141/146: 99 priced, 1 not found (13994 total so far)
Batch 142/146: 100 priced, 0 not found (14094 total so far)
Batch 143/146: 99 priced, 1 not found (14193 total so far)
Batch 144/146: 98 priced, 2 not found (14291 total so far)
Batch 145/146: 98 priced, 2 not found (14389 total so far)
Batch 146/146: 85 priced, 0 not found (14474 total so far)
111 item_ids returned no price data: [
   3718,  3740,  3919,  3923,  3925,  4244,  4348,  4355,  4431,
   4435,  4636,  4779,  4980,  4997,  5056,  5280,  5435,  5753,
   5810,  5822,  5834,  5913,  5999,  6063,  6143,  6240,  6312,
   7038,  7060,  7345,  7597,  7678,  7715,  7883,  7947,  8179,
   8393,  8692,  8993,  9153,  9325,  9395,  9454,  9746,  9882,
  10074, 10182, 10302, 10371, 10424, 10850, 10926, 10992, 10996,
  11099, 11103, 11309, 11763, 12031, 12144, 12148, 12410, 12506,
  12560, 12674, 12789, 12809, 13009, 13235, 13300, 13304, 13374,
  13618, 13630, 13844, 14070, 14346, 14422, 14670, 14682, 14719,
  14881, 14978, 15010, 15090, 15946, 16039, 16107, 16212, 16660,
  16661, 16788, 16917, 17117, 17135, 17246, 17287, 17467, 17887,
  18011,
  ... 11 more items
]
Got prices for 14474 items - inserting into price_history...
Inserted 393162 price rows.
Refreshing current-price views...
 
===== skins 29/08/2026  1:20:02.93 ===== 
Fetching prices for 14585 skin listings...
Batch 1/146: 98 priced, 2 not found (98 total so far)
Batch 2/146: 100 priced, 0 not found (198 total so far)
Batch 3/146: 97 priced, 3 not found (295 total so far)
Batch 4/146: 100 priced, 0 not found (395 total so far)
Batch 5/146: 100 priced, 0 not found (495 total so far)
Batch 6/146: 99 priced, 1 not found (594 total so far)
Batch 7/146: 96 priced, 4 not found (690 total so far)
Batch 8/146: 100 priced, 0 not found (790 total so far)
Batch 9/146: 99 priced, 1 not found (889 total so far)
Batch 10/146: 100 priced, 0 not found (989 total so far)
Batch 11/146: 99 priced, 1 not found (1088 total so far)
Batch 12/146: 100 priced, 0 not found (1188 total so far)
Batch 13/146: 97 priced, 3 not found (1285 total so far)
Batch 14/146: 100 priced, 0 not found (1385 total so far)
Batch 15/146: 100 priced, 0 not found (1485 total so far)
Batch 16/146: 99 priced, 1 not found (1584 total so far)
Batch 17/146: 99 priced, 1 not found (1683 total so far)
Batch 18/146: 100 priced, 0 not found (1783 total so far)
Batch 19/146: 100 priced, 0 not found (1883 total so far)
Batch 20/146: 99 priced, 1 not found (1982 total so far)
Batch 21/146: 97 priced, 3 not found (2079 total so far)
Batch 22/146: 98 priced, 2 not found (2177 total so far)
Batch 23/146: 99 priced, 1 not found (2276 total so far)
Batch 24/146: 99 priced, 1 not found (2375 total so far)
Batch 25/146: 98 priced, 2 not found (2473 total so far)
Batch 26/146: 100 priced, 0 not found (2573 total so far)
Batch 27/146: 100 priced, 0 not found (2673 total so far)
Batch 28/146: 100 priced, 0 not found (2773 total so far)
Batch 29/146: 100 priced, 0 not found (2873 total so far)
Batch 30/146: 100 priced, 0 not found (2973 total so far)
Batch 31/146: 100 priced, 0 not found (3073 total so far)
Batch 32/146: 98 priced, 2 not found (3171 total so far)
Batch 33/146: 100 priced, 0 not found (3271 total so far)
Batch 34/146: 100 priced, 0 not found (3371 total so far)
Batch 35/146: 99 priced, 1 not found (3470 total so far)
Batch 36/146: 100 priced, 0 not found (3570 total so far)
Batch 37/146: 99 priced, 1 not found (3669 total so far)
Batch 38/146: 98 priced, 2 not found (3767 total so far)
Batch 39/146: 100 priced, 0 not found (3867 total so far)
Batch 40/146: 98 priced, 2 not found (3965 total so far)
Batch 41/146: 100 priced, 0 not found (4065 total so far)
Batch 42/146: 100 priced, 0 not found (4165 total so far)
Batch 43/146: 99 priced, 1 not found (4264 total so far)
Batch 44/146: 100 priced, 0 not found (4364 total so far)
Batch 45/146: 99 priced, 1 not found (4463 total so far)
Batch 46/146: 100 priced, 0 not found (4563 total so far)
Batch 47/146: 99 priced, 1 not found (4662 total so far)
Batch 48/146: 100 priced, 0 not found (4762 total so far)
 
===== items 29/08/2026 12:38:47.48 ===== 
Fetching prices for 13360 non-skin items (agents, charms, patches, music kits, graffiti, stickers, collectibles)...
Batch 1/134: 100 priced, 0 not found (100 total so far)
Batch 2/134: 100 priced, 0 not found (200 total so far)
Batch 3/134: 100 priced, 0 not found (300 total so far)
Batch 4/134: 100 priced, 0 not found (400 total so far)
Batch 5/134: 100 priced, 0 not found (500 total so far)
Batch 6/134: 100 priced, 0 not found (600 total so far)
Batch 7/134: 100 priced, 0 not found (700 total so far)
Batch 8/134: 100 priced, 0 not found (800 total so far)
Batch 9/134: 100 priced, 0 not found (900 total so far)
Batch 10/134: 100 priced, 0 not found (1000 total so far)
Batch 11/134: 100 priced, 0 not found (1100 total so far)
Batch 12/134: 100 priced, 0 not found (1200 total so far)
Batch 13/134: 100 priced, 0 not found (1300 total so far)
Batch 14/134: 100 priced, 0 not found (1400 total so far)
Batch 15/134: 100 priced, 0 not found (1500 total so far)
Batch 16/134: 100 priced, 0 not found (1600 total so far)
Batch 17/134: 100 priced, 0 not found (1700 total so far)
Batch 18/134: 100 priced, 0 not found (1800 total so far)
Batch 19/134: 100 priced, 0 not found (1900 total so far)
Batch 20/134: 100 priced, 0 not found (2000 total so far)
Batch 21/134: 100 priced, 0 not found (2100 total so far)
Batch 22/134: 97 priced, 3 not found (2197 total so far)
Batch 23/134: 99 priced, 1 not found (2296 total so far)
Batch 24/134: 98 priced, 2 not found (2394 total so far)
Batch 25/134: 97 priced, 3 not found (2491 total so far)
Batch 26/134: 98 priced, 2 not found (2589 total so far)
Batch 27/134: 98 priced, 2 not found (2687 total so far)
Batch 28/134: 97 priced, 3 not found (2784 total so far)
Batch 29/134: 98 priced, 2 not found (2882 total so far)
Batch 30/134: 97 priced, 3 not found (2979 total so far)
Batch 31/134: 97 priced, 3 not found (3076 total so far)
Batch 32/134: 97 priced, 3 not found (3173 total so far)
Batch 33/134: 96 priced, 4 not found (3269 total so far)
Batch 34/134: 97 priced, 3 not found (3366 total so far)
Batch 35/134: 97 priced, 3 not found (3463 total so far)
Batch 36/134: 84 priced, 16 not found (3547 total so far)
Batch 37/134: 92 priced, 8 not found (3639 total so far)
Batch 38/134: 96 priced, 4 not found (3735 total so far)
Batch 39/134: 91 priced, 9 not found (3826 total so far)
Batch 40/134: 92 priced, 8 not found (3918 total so far)
Batch 41/134: 90 priced, 10 not found (4008 total so far)
Batch 42/134: 78 priced, 22 not found (4086 total so far)
Batch 43/134: 71 priced, 29 not found (4157 total so far)
Batch 44/134: 74 priced, 26 not found (4231 total so far)
Batch 45/134: 70 priced, 30 not found (4301 total so far)
Batch 46/134: 66 priced, 34 not found (4367 total so far)
Batch 47/134: 72 priced, 28 not found (4439 total so far)
Batch 48/134: 74 priced, 26 not found (4513 total so far)
Batch 49/134: 70 priced, 30 not found (4583 total so far)
Batch 50/134: 68 priced, 32 not found (4651 total so far)
Batch 51/134: 79 priced, 21 not found (4730 total so far)
Batch 52/134: 100 priced, 0 not found (4830 total so far)
Batch 53/134: 100 priced, 0 not found (4930 total so far)
Batch 54/134: 88 priced, 12 not found (5018 total so far)
Batch 55/134: 68 priced, 32 not found (5086 total so far)
Batch 56/134: 97 priced, 3 not found (5183 total so far)
Batch 57/134: 100 priced, 0 not found (5283 total so far)
Batch 58/134: 100 priced, 0 not found (5383 total so far)
Batch 59/134: 99 priced, 1 not found (5482 total so far)
Batch 60/134: 79 priced, 21 not found (5561 total so far)
Batch 61/134: 88 priced, 12 not found (5649 total so far)
Batch 62/134: 97 priced, 3 not found (5746 total so far)
Batch 63/134: 98 priced, 2 not found (5844 total so far)
Batch 64/134: 98 priced, 2 not found (5942 total so far)
Batch 65/134: 89 priced, 11 not found (6031 total so far)
Batch 66/134: 82 priced, 18 not found (6113 total so far)
Batch 67/134: 100 priced, 0 not found (6213 total so far)
Batch 68/134: 100 priced, 0 not found (6313 total so far)
Batch 69/134: 98 priced, 2 not found (6411 total so far)
Batch 70/134: 97 priced, 3 not found (6508 total so far)
Batch 71/134: 76 priced, 24 not found (6584 total so far)
Batch 72/134: 90 priced, 10 not found (6674 total so far)
Batch 73/134: 97 priced, 3 not found (6771 total so far)
Batch 74/134: 97 priced, 3 not found (6868 total so far)
Batch 75/134: 97 priced, 3 not found (6965 total so far)
Batch 76/134: 95 priced, 5 not found (7060 total so far)
Batch 77/134: 97 priced, 3 not found (7157 total so far)
Batch 78/134: 97 priced, 3 not found (7254 total so far)
Batch 79/134: 97 priced, 3 not found (7351 total so far)
Batch 80/134: 96 priced, 4 not found (7447 total so far)
Batch 81/134: 94 priced, 6 not found (7541 total so far)
Batch 82/134: 97 priced, 3 not found (7638 total so far)
Batch 83/134: 97 priced, 3 not found (7735 total so far)
Batch 84/134: 96 priced, 4 not found (7831 total so far)
Batch 85/134: 97 priced, 3 not found (7928 total so far)
Batch 86/134: 97 priced, 3 not found (8025 total so far)
Batch 87/134: 97 priced, 3 not found (8122 total so far)
Batch 88/134: 97 priced, 3 not found (8219 total so far)
Batch 89/134: 97 priced, 3 not found (8316 total so far)
Batch 90/134: 97 priced, 3 not found (8413 total so far)
Batch 91/134: 96 priced, 4 not found (8509 total so far)
Batch 92/134: 96 priced, 4 not found (8605 total so far)
Batch 93/134: 97 priced, 3 not found (8702 total so far)
Batch 94/134: 97 priced, 3 not found (8799 total so far)
Batch 95/134: 97 priced, 3 not found (8896 total so far)
Batch 96/134: 97 priced, 3 not found (8993 total so far)
Batch 97/134: 97 priced, 3 not found (9090 total so far)
Batch 98/134: 97 priced, 3 not found (9187 total so far)
Batch 99/134: 97 priced, 3 not found (9284 total so far)
Batch 100/134: 97 priced, 3 not found (9381 total so far)
Batch 101/134: 96 priced, 4 not found (9477 total so far)
Batch 102/134: 97 priced, 3 not found (9574 total so far)
Batch 103/134: 97 priced, 3 not found (9671 total so far)
Batch 104/134: 97 priced, 3 not found (9768 total so far)
Batch 105/134: 96 priced, 4 not found (9864 total so far)
Batch 106/134: 97 priced, 3 not found (9961 total so far)
Batch 107/134: 97 priced, 3 not found (10058 total so far)
Batch 108/134: 97 priced, 3 not found (10155 total so far)
Batch 109/134: 97 priced, 3 not found (10252 total so far)
Batch 110/134: 97 priced, 3 not found (10349 total so far)
Batch 111/134: 97 priced, 3 not found (10446 total so far)
Batch 112/134: 95 priced, 5 not found (10541 total so far)
Batch 113/134: 97 priced, 3 not found (10638 total so far)
Batch 114/134: 97 priced, 3 not found (10735 total so far)
Batch 115/134: 96 priced, 4 not found (10831 total so far)
Batch 116/134: 96 priced, 4 not found (10927 total so far)
Batch 117/134: 96 priced, 4 not found (11023 total so far)
Batch 118/134: 96 priced, 4 not found (11119 total so far)
Batch 119/134: 95 priced, 5 not found (11214 total so far)
Batch 120/134: 96 priced, 4 not found (11310 total so far)
Batch 121/134: 96 priced, 4 not found (11406 total so far)
Batch 122/134: 97 priced, 3 not found (11503 total so far)
Batch 123/134: 95 priced, 5 not found (11598 total so far)
Batch 124/134: 96 priced, 4 not found (11694 total so far)
Batch 125/134: 96 priced, 4 not found (11790 total so far)
Batch 126/134: 96 priced, 4 not found (11886 total so far)
Batch 127/134: 96 priced, 4 not found (11982 total so far)
Batch 128/134: 96 priced, 4 not found (12078 total so far)
Batch 129/134: 96 priced, 4 not found (12174 total so far)
Batch 130/134: 99 priced, 1 not found (12273 total so far)
Batch 131/134: 99 priced, 1 not found (12372 total so far)
Batch 132/134: 99 priced, 1 not found (12471 total so far)
Batch 133/134: 100 priced, 0 not found (12571 total so far)
Batch 134/134: 60 priced, 0 not found (12631 total so far)
729 item_ids returned no price data: [
  37622, 37623, 37624, 37625, 37626, 37627, 37628, 37629,
  37630, 37631, 37632, 37633, 37634, 37635, 37636, 37637,
  37638, 37639, 37640, 37641, 37642, 37643, 37644, 37645,
  37646, 37647, 37648, 37649, 37650, 37651, 37652, 37653,
  37654, 37655, 37656, 37657, 37658, 37659, 41044, 41050,
  41056, 41059, 37660, 41065, 41068, 41071, 41074, 41077,
  41083, 41086, 41092, 37661, 41098, 41113, 37662, 37663,
  41169, 41170, 41182, 37664, 41185, 37665, 37666, 41248,
  37667, 37668, 41308, 41317, 41325, 41329, 37669, 41353,
  37670, 41377, 41392, 37671, 41407, 41416, 37672, 41446,
  37673, 41470, 41476, 41479, 37674, 41491, 37675, 41515,
  41521, 41530, 41542, 37676, 41572, 37677, 41596, 37678,
  37679, 37680, 37681, 37682,
  ... 629 more items
]
Got prices for 12631 items - inserting into item_price_history...
Inserted 244439 price rows.
Refreshing current-price views...
 
===== skins 29/08/2026 16:14:28.03 ===== 
Fetching prices for 14585 skin listings...
[TypeError: fetch failed] {
  [cause]: Error: getaddrinfo ENOTFOUND api.cs2c.app
      at GetAddrInfoReqWrap.onlookupall [as oncomplete] (node:dns:122:26) {
    errno: -3008,
    code: 'ENOTFOUND',
    syscall: 'getaddrinfo',
    hostname: 'api.cs2c.app'
  }
}
 
===== skins 29/08/2026 18:00:01.13 ===== 
Fetching prices for 14585 skin listings...
Batch 1/146: 98 priced, 2 not found (98 total so far)
Batch 2/146: 100 priced, 0 not found (198 total so far)
Batch 3/146: 97 priced, 3 not found (295 total so far)
Batch 4/146: 100 priced, 0 not found (395 total so far)
Batch 5/146: 100 priced, 0 not found (495 total so far)
Batch 6/146: 99 priced, 1 not found (594 total so far)
Batch 7/146: 96 priced, 4 not found (690 total so far)
Batch 8/146: 100 priced, 0 not found (790 total so far)
Batch 9/146: 99 priced, 1 not found (889 total so far)
Batch 10/146: 100 priced, 0 not found (989 total so far)
Batch 11/146: 99 priced, 1 not found (1088 total so far)
Batch 12/146: 100 priced, 0 not found (1188 total so far)
Batch 13/146: 97 priced, 3 not found (1285 total so far)
Batch 14/146: 100 priced, 0 not found (1385 total so far)
Batch 15/146: 100 priced, 0 not found (1485 total so far)
Batch 16/146: 99 priced, 1 not found (1584 total so far)
Batch 17/146: 99 priced, 1 not found (1683 total so far)
Batch 18/146: 100 priced, 0 not found (1783 total so far)
Batch 19/146: 100 priced, 0 not found (1883 total so far)
Batch 20/146: 99 priced, 1 not found (1982 total so far)
Batch 21/146: 97 priced, 3 not found (2079 total so far)
Batch 22/146: 98 priced, 2 not found (2177 total so far)
Batch 23/146: 99 priced, 1 not found (2276 total so far)
Batch 24/146: 99 priced, 1 not found (2375 total so far)
Batch 25/146: 98 priced, 2 not found (2473 total so far)
Batch 26/146: 100 priced, 0 not found (2573 total so far)
Batch 27/146: 100 priced, 0 not found (2673 total so far)
Batch 28/146: 100 priced, 0 not found (2773 total so far)
Batch 29/146: 100 priced, 0 not found (2873 total so far)
Batch 30/146: 100 priced, 0 not found (2973 total so far)
Batch 31/146: 100 priced, 0 not found (3073 total so far)
Batch 32/146: 98 priced, 2 not found (3171 total so far)
Batch 33/146: 100 priced, 0 not found (3271 total so far)
Batch 34/146: 100 priced, 0 not found (3371 total so far)
Batch 35/146: 99 priced, 1 not found (3470 total so far)
Batch 36/146: 100 priced, 0 not found (3570 total so far)
Batch 37/146: 99 priced, 1 not found (3669 total so far)
Batch 38/146: 98 priced, 2 not found (3767 total so far)
Batch 39/146: 100 priced, 0 not found (3867 total so far)
Batch 40/146: 98 priced, 2 not found (3965 total so far)
Batch 41/146: 100 priced, 0 not found (4065 total so far)
Batch 42/146: 100 priced, 0 not found (4165 total so far)
Batch 43/146: 99 priced, 1 not found (4264 total so far)
Batch 44/146: 100 priced, 0 not found (4364 total so far)
Batch 45/146: 99 priced, 1 not found (4463 total so far)
Batch 46/146: 100 priced, 0 not found (4563 total so far)
Batch 47/146: 99 priced, 1 not found (4662 total so far)
Batch 48/146: 100 priced, 0 not found (4762 total so far)
Batch 49/146: 100 priced, 0 not found (4862 total so far)
Batch 50/146: 99 priced, 1 not found (4961 total so far)
Batch 51/146: 100 priced, 0 not found (5061 total so far)
Batch 52/146: 99 priced, 1 not found (5160 total so far)
Batch 53/146: 99 priced, 1 not found (5259 total so far)
Batch 54/146: 99 priced, 1 not found (5358 total so far)
Batch 55/146: 99 priced, 1 not found (5457 total so far)
Batch 56/146: 100 priced, 0 not found (5557 total so far)
Batch 57/146: 99 priced, 1 not found (5656 total so far)
Batch 58/146: 100 priced, 0 not found (5756 total so far)
Batch 59/146: 99 priced, 1 not found (5855 total so far)
Batch 60/146: 100 priced, 0 not found (5955 total so far)
Batch 61/146: 99 priced, 1 not found (6054 total so far)
Batch 62/146: 99 priced, 1 not found (6153 total so far)
Batch 63/146: 99 priced, 1 not found (6252 total so far)
Batch 64/146: 98 priced, 2 not found (6350 total so far)
Batch 65/146: 100 priced, 0 not found (6450 total so far)
Batch 66/146: 100 priced, 0 not found (6550 total so far)
Batch 67/146: 100 priced, 0 not found (6650 total so far)
Batch 68/146: 99 priced, 1 not found (6749 total so far)
Batch 69/146: 97 priced, 3 not found (6846 total so far)
Batch 70/146: 98 priced, 2 not found (6944 total so far)
Batch 71/146: 100 priced, 0 not found (7044 total so far)
Batch 72/146: 99 priced, 1 not found (7143 total so far)
Batch 73/146: 100 priced, 0 not found (7243 total so far)
Batch 74/146: 100 priced, 0 not found (7343 total so far)
Batch 75/146: 100 priced, 0 not found (7443 total so far)
Batch 76/146: 99 priced, 1 not found (7542 total so far)
Batch 77/146: 100 priced, 0 not found (7642 total so far)
Batch 78/146: 100 priced, 0 not found (7742 total so far)
Batch 79/146: 99 priced, 1 not found (7841 total so far)
Batch 80/146: 98 priced, 2 not found (7939 total so far)
Batch 81/146: 100 priced, 0 not found (8039 total so far)
Batch 82/146: 99 priced, 1 not found (8138 total so far)
Batch 83/146: 98 priced, 2 not found (8236 total so far)
Batch 84/146: 99 priced, 1 not found (8335 total so far)
Batch 85/146: 98 priced, 2 not found (8433 total so far)
Batch 86/146: 100 priced, 0 not found (8533 total so far)
Batch 87/146: 99 priced, 1 not found (8632 total so far)
Batch 88/146: 100 priced, 0 not found (8732 total so far)
Batch 89/146: 99 priced, 1 not found (8831 total so far)
Batch 90/146: 98 priced, 2 not found (8929 total so far)
Batch 91/146: 99 priced, 1 not found (9028 total so far)
Batch 92/146: 100 priced, 0 not found (9128 total so far)
Batch 93/146: 98 priced, 2 not found (9226 total so far)
Batch 94/146: 100 priced, 0 not found (9326 total so far)
Batch 95/146: 99 priced, 1 not found (9425 total so far)
Batch 96/146: 100 priced, 0 not found (9525 total so far)
Batch 97/146: 99 priced, 1 not found (9624 total so far)
Batch 98/146: 100 priced, 0 not found (9724 total so far)
Batch 99/146: 100 priced, 0 not found (9824 total so far)
Batch 100/146: 98 priced, 2 not found (9922 total so far)
Batch 101/146: 100 priced, 0 not found (10022 total so far)
Batch 102/146: 100 priced, 0 not found (10122 total so far)
Batch 103/146: 97 priced, 3 not found (10219 total so far)
Batch 104/146: 100 priced, 0 not found (10319 total so far)
Batch 105/146: 99 priced, 1 not found (10418 total so far)
Batch 106/146: 98 priced, 2 not found (10516 total so far)
Batch 107/146: 99 priced, 1 not found (10615 total so far)
Batch 108/146: 100 priced, 0 not found (10715 total so far)
Batch 109/146: 100 priced, 0 not found (10815 total so far)
Batch 110/146: 100 priced, 0 not found (10915 total so far)
Batch 111/146: 100 priced, 0 not found (11015 total so far)
Batch 112/146: 100 priced, 0 not found (11115 total so far)
Batch 113/146: 100 priced, 0 not found (11215 total so far)
Batch 114/146: 100 priced, 0 not found (11315 total so far)
Batch 115/146: 99 priced, 1 not found (11414 total so far)
Batch 116/146: 98 priced, 2 not found (11512 total so far)
Batch 117/146: 99 priced, 1 not found (11611 total so far)
Batch 118/146: 100 priced, 0 not found (11711 total so far)
Batch 119/146: 100 priced, 0 not found (11811 total so far)
Batch 120/146: 100 priced, 0 not found (11911 total so far)
Batch 121/146: 100 priced, 0 not found (12011 total so far)
Batch 122/146: 98 priced, 2 not found (12109 total so far)
Batch 123/146: 99 priced, 1 not found (12208 total so far)
Batch 124/146: 99 priced, 1 not found (12307 total so far)
Batch 125/146: 100 priced, 0 not found (12407 total so far)
Batch 126/146: 98 priced, 2 not found (12505 total so far)
Batch 127/146: 100 priced, 0 not found (12605 total so far)
Batch 128/146: 99 priced, 1 not found (12704 total so far)
Batch 129/146: 99 priced, 1 not found (12803 total so far)
Batch 130/146: 100 priced, 0 not found (12903 total so far)
Batch 131/146: 100 priced, 0 not found (13003 total so far)
Batch 132/146: 100 priced, 0 not found (13103 total so far)
Batch 133/146: 99 priced, 1 not found (13202 total so far)
Batch 134/146: 99 priced, 1 not found (13301 total so far)
Batch 135/146: 99 priced, 1 not found (13400 total so far)
Batch 136/146: 99 priced, 1 not found (13499 total so far)
Batch 137/146: 100 priced, 0 not found (13599 total so far)
Batch 138/146: 97 priced, 3 not found (13696 total so far)
Batch 139/146: 100 priced, 0 not found (13796 total so far)
Batch 140/146: 100 priced, 0 not found (13896 total so far)
Batch 141/146: 99 priced, 1 not found (13995 total so far)
Batch 142/146: 100 priced, 0 not found (14095 total so far)
Batch 143/146: 99 priced, 1 not found (14194 total so far)
Batch 144/146: 98 priced, 2 not found (14292 total so far)
Batch 145/146: 98 priced, 2 not found (14390 total so far)
Batch 146/146: 85 priced, 0 not found (14475 total so far)
110 item_ids returned no price data: [
   3718,  3740,  3919,  3923,  3925,  4244,  4348,  4355,  4431,
   4435,  4636,  4779,  4980,  4997,  5056,  5280,  5435,  5753,
   5810,  5822,  5834,  5913,  5999,  6063,  6143,  6240,  6312,
   7038,  7060,  7345,  7597,  7678,  7715,  7883,  7947,  8179,
   8393,  8692,  8993,  9153,  9325,  9395,  9454,  9746,  9882,
  10074, 10182, 10302, 10371, 10424, 10850, 10926, 10992, 10996,
  11099, 11103, 11309, 11763, 12031, 12144, 12148, 12410, 12506,
  12560, 12674, 12789, 12809, 13009, 13235, 13300, 13304, 13374,
  13618, 13630, 13844, 14070, 14346, 14422, 14670, 14682, 14719,
  14881, 14978, 15010, 15090, 15946, 16039, 16107, 16212, 16660,
  16661, 16788, 16917, 17117, 17135, 17287, 17467, 17887, 18011,
  18092,
  ... 10 more items
]
Got prices for 14475 items - inserting into price_history...
Inserted 397649 price rows.
Refreshing current-price views...
 
===== skins 29/08/2026 18:38:47.71 ===== 
Fetching prices for 14585 skin listings...
Batch 1/146: 98 priced, 2 not found (98 total so far)
Batch 2/146: 100 priced, 0 not found (198 total so far)
Batch 3/146: 97 priced, 3 not found (295 total so far)
Batch 4/146: 100 priced, 0 not found (395 total so far)
Batch 5/146: 100 priced, 0 not found (495 total so far)
Batch 6/146: 99 priced, 1 not found (594 total so far)
Batch 7/146: 96 priced, 4 not found (690 total so far)
Batch 8/146: 100 priced, 0 not found (790 total so far)
Batch 9/146: 99 priced, 1 not found (889 total so far)
Batch 10/146: 100 priced, 0 not found (989 total so far)
Batch 11/146: 99 priced, 1 not found (1088 total so far)
Batch 12/146: 100 priced, 0 not found (1188 total so far)
Batch 13/146: 97 priced, 3 not found (1285 total so far)
Batch 14/146: 100 priced, 0 not found (1385 total so far)
Batch 15/146: 100 priced, 0 not found (1485 total so far)
Batch 16/146: 99 priced, 1 not found (1584 total so far)
Batch 17/146: 99 priced, 1 not found (1683 total so far)
Batch 18/146: 100 priced, 0 not found (1783 total so far)
Batch 19/146: 100 priced, 0 not found (1883 total so far)
Batch 20/146: 99 priced, 1 not found (1982 total so far)
Batch 21/146: 97 priced, 3 not found (2079 total so far)
Batch 22/146: 98 priced, 2 not found (2177 total so far)
Batch 23/146: 99 priced, 1 not found (2276 total so far)
Batch 24/146: 99 priced, 1 not found (2375 total so far)
Batch 25/146: 98 priced, 2 not found (2473 total so far)
Batch 26/146: 100 priced, 0 not found (2573 total so far)
Batch 27/146: 100 priced, 0 not found (2673 total so far)
Batch 28/146: 100 priced, 0 not found (2773 total so far)
Batch 29/146: 100 priced, 0 not found (2873 total so far)
Batch 30/146: 100 priced, 0 not found (2973 total so far)
Batch 31/146: 100 priced, 0 not found (3073 total so far)
Batch 32/146: 98 priced, 2 not found (3171 total so far)
Batch 33/146: 100 priced, 0 not found (3271 total so far)
Batch 34/146: 100 priced, 0 not found (3371 total so far)
Batch 35/146: 99 priced, 1 not found (3470 total so far)
Batch 36/146: 100 priced, 0 not found (3570 total so far)
Batch 37/146: 99 priced, 1 not found (3669 total so far)
Batch 38/146: 98 priced, 2 not found (3767 total so far)
Batch 39/146: 100 priced, 0 not found (3867 total so far)
Batch 40/146: 98 priced, 2 not found (3965 total so far)
Batch 41/146: 100 priced, 0 not found (4065 total so far)
Batch 42/146: 100 priced, 0 not found (4165 total so far)
Batch 43/146: 99 priced, 1 not found (4264 total so far)
Batch 44/146: 100 priced, 0 not found (4364 total so far)
Batch 45/146: 99 priced, 1 not found (4463 total so far)
Batch 46/146: 100 priced, 0 not found (4563 total so far)
Batch 47/146: 99 priced, 1 not found (4662 total so far)
Batch 48/146: 100 priced, 0 not found (4762 total so far)
Batch 49/146: 100 priced, 0 not found (4862 total so far)
Batch 50/146: 99 priced, 1 not found (4961 total so far)
Batch 51/146: 100 priced, 0 not found (5061 total so far)
Batch 52/146: 99 priced, 1 not found (5160 total so far)
Batch 53/146: 99 priced, 1 not found (5259 total so far)
Batch 54/146: 99 priced, 1 not found (5358 total so far)
Batch 55/146: 99 priced, 1 not found (5457 total so far)
Batch 56/146: 100 priced, 0 not found (5557 total so far)
Batch 57/146: 99 priced, 1 not found (5656 total so far)
Batch 58/146: 100 priced, 0 not found (5756 total so far)
Batch 59/146: 99 priced, 1 not found (5855 total so far)
Batch 60/146: 100 priced, 0 not found (5955 total so far)
Batch 61/146: 99 priced, 1 not found (6054 total so far)
Batch 62/146: 99 priced, 1 not found (6153 total so far)
Batch 63/146: 99 priced, 1 not found (6252 total so far)
Batch 64/146: 98 priced, 2 not found (6350 total so far)
Batch 65/146: 100 priced, 0 not found (6450 total so far)
Batch 66/146: 100 priced, 0 not found (6550 total so far)
Batch 67/146: 100 priced, 0 not found (6650 total so far)
Batch 68/146: 99 priced, 1 not found (6749 total so far)
Batch 69/146: 97 priced, 3 not found (6846 total so far)
Batch 70/146: 98 priced, 2 not found (6944 total so far)
Batch 71/146: 100 priced, 0 not found (7044 total so far)
Batch 72/146: 99 priced, 1 not found (7143 total so far)
Batch 73/146: 100 priced, 0 not found (7243 total so far)
Batch 74/146: 100 priced, 0 not found (7343 total so far)
Batch 75/146: 100 priced, 0 not found (7443 total so far)
Batch 76/146: 99 priced, 1 not found (7542 total so far)
Batch 77/146: 100 priced, 0 not found (7642 total so far)
Batch 78/146: 100 priced, 0 not found (7742 total so far)
Batch 79/146: 99 priced, 1 not found (7841 total so far)
Batch 80/146: 98 priced, 2 not found (7939 total so far)
Batch 81/146: 100 priced, 0 not found (8039 total so far)
Batch 82/146: 99 priced, 1 not found (8138 total so far)
Batch 83/146: 98 priced, 2 not found (8236 total so far)
Batch 84/146: 99 priced, 1 not found (8335 total so far)
Batch 85/146: 98 priced, 2 not found (8433 total so far)
Batch 86/146: 100 priced, 0 not found (8533 total so far)
Batch 87/146: 99 priced, 1 not found (8632 total so far)
Batch 88/146: 100 priced, 0 not found (8732 total so far)
Batch 89/146: 99 priced, 1 not found (8831 total so far)
Batch 90/146: 98 priced, 2 not found (8929 total so far)
Batch 91/146: 99 priced, 1 not found (9028 total so far)
Batch 92/146: 100 priced, 0 not found (9128 total so far)
Batch 93/146: 98 priced, 2 not found (9226 total so far)
Batch 94/146: 100 priced, 0 not found (9326 total so far)
Batch 95/146: 99 priced, 1 not found (9425 total so far)
Batch 96/146: 100 priced, 0 not found (9525 total so far)
Batch 97/146: 99 priced, 1 not found (9624 total so far)
Batch 98/146: 100 priced, 0 not found (9724 total so far)
Batch 99/146: 100 priced, 0 not found (9824 total so far)
Batch 100/146: 98 priced, 2 not found (9922 total so far)
Batch 101/146: 100 priced, 0 not found (10022 total so far)
Batch 102/146: 100 priced, 0 not found (10122 total so far)
Batch 103/146: 97 priced, 3 not found (10219 total so far)
Batch 104/146: 100 priced, 0 not found (10319 total so far)
Batch 105/146: 99 priced, 1 not found (10418 total so far)
Batch 106/146: 98 priced, 2 not found (10516 total so far)
Batch 107/146: 99 priced, 1 not found (10615 total so far)
Batch 108/146: 100 priced, 0 not found (10715 total so far)
Batch 109/146: 100 priced, 0 not found (10815 total so far)
Batch 110/146: 100 priced, 0 not found (10915 total so far)
Batch 111/146: 100 priced, 0 not found (11015 total so far)
Batch 112/146: 100 priced, 0 not found (11115 total so far)
Batch 113/146: 100 priced, 0 not found (11215 total so far)
Batch 114/146: 100 priced, 0 not found (11315 total so far)
Batch 115/146: 99 priced, 1 not found (11414 total so far)
Batch 116/146: 98 priced, 2 not found (11512 total so far)
Batch 117/146: 99 priced, 1 not found (11611 total so far)
Batch 118/146: 100 priced, 0 not found (11711 total so far)
Batch 119/146: 100 priced, 0 not found (11811 total so far)
Batch 120/146: 100 priced, 0 not found (11911 total so far)
Batch 121/146: 100 priced, 0 not found (12011 total so far)
Batch 122/146: 98 priced, 2 not found (12109 total so far)
Batch 123/146: 99 priced, 1 not found (12208 total so far)
Batch 124/146: 99 priced, 1 not found (12307 total so far)
Batch 125/146: 100 priced, 0 not found (12407 total so far)
Batch 126/146: 98 priced, 2 not found (12505 total so far)
Batch 127/146: 100 priced, 0 not found (12605 total so far)
Batch 128/146: 99 priced, 1 not found (12704 total so far)
Batch 129/146: 99 priced, 1 not found (12803 total so far)
Batch 130/146: 100 priced, 0 not found (12903 total so far)
Batch 131/146: 100 priced, 0 not found (13003 total so far)
Batch 132/146: 100 priced, 0 not found (13103 total so far)
Batch 133/146: 99 priced, 1 not found (13202 total so far)
Batch 134/146: 99 priced, 1 not found (13301 total so far)
Batch 135/146: 99 priced, 1 not found (13400 total so far)
Batch 136/146: 99 priced, 1 not found (13499 total so far)
Batch 137/146: 100 priced, 0 not found (13599 total so far)
Batch 138/146: 97 priced, 3 not found (13696 total so far)
Batch 139/146: 100 priced, 0 not found (13796 total so far)
Batch 140/146: 100 priced, 0 not found (13896 total so far)
Batch 141/146: 99 priced, 1 not found (13995 total so far)
Batch 142/146: 100 priced, 0 not found (14095 total so far)
Batch 143/146: 99 priced, 1 not found (14194 total so far)
Batch 144/146: 98 priced, 2 not found (14292 total so far)
Batch 145/146: 98 priced, 2 not found (14390 total so far)
Batch 146/146: 85 priced, 0 not found (14475 total so far)
110 item_ids returned no price data: [
   3718,  3740,  3919,  3923,  3925,  4244,  4348,  4355,  4431,
   4435,  4636,  4779,  4980,  4997,  5056,  5280,  5435,  5753,
   5810,  5822,  5834,  5913,  5999,  6063,  6143,  6240,  6312,
   7038,  7060,  7345,  7597,  7678,  7715,  7883,  7947,  8179,
   8393,  8692,  8993,  9153,  9325,  9395,  9454,  9746,  9882,
  10074, 10182, 10302, 10371, 10424, 10850, 10926, 10992, 10996,
  11099, 11103, 11309, 11763, 12031, 12144, 12148, 12410, 12506,
  12560, 12674, 12789, 12809, 13009, 13235, 13300, 13304, 13374,
  13618, 13630, 13844, 14070, 14346, 14422, 14670, 14682, 14719,
  14881, 14978, 15010, 15090, 15946, 16039, 16107, 16212, 16660,
  16661, 16788, 16917, 17117, 17135, 17287, 17467, 17887, 18011,
  18092,
  ... 10 more items
]
Got prices for 14475 items - inserting into price_history...
Inserted 396976 price rows.
Refreshing current-price views...
 
===== skins 29/08/2026 21:00:01.16 ===== 
Fetching prices for 14585 skin listings...
Batch 1/146: 98 priced, 2 not found (98 total so far)
Batch 2/146: 100 priced, 0 not found (198 total so far)
Batch 3/146: 97 priced, 3 not found (295 total so far)
Batch 4/146: 100 priced, 0 not found (395 total so far)
Batch 5/146: 100 priced, 0 not found (495 total so far)
Batch 6/146: 99 priced, 1 not found (594 total so far)
Batch 7/146: 96 priced, 4 not found (690 total so far)
Batch 8/146: 100 priced, 0 not found (790 total so far)
Batch 9/146: 99 priced, 1 not found (889 total so far)
Batch 10/146: 100 priced, 0 not found (989 total so far)
Batch 11/146: 99 priced, 1 not found (1088 total so far)
Batch 12/146: 100 priced, 0 not found (1188 total so far)
Batch 13/146: 97 priced, 3 not found (1285 total so far)
Batch 14/146: 100 priced, 0 not found (1385 total so far)
Batch 15/146: 100 priced, 0 not found (1485 total so far)
Batch 16/146: 99 priced, 1 not found (1584 total so far)
Batch 17/146: 99 priced, 1 not found (1683 total so far)
Batch 18/146: 100 priced, 0 not found (1783 total so far)
Batch 19/146: 100 priced, 0 not found (1883 total so far)
Batch 20/146: 99 priced, 1 not found (1982 total so far)
Batch 21/146: 97 priced, 3 not found (2079 total so far)
Batch 22/146: 98 priced, 2 not found (2177 total so far)
Batch 23/146: 99 priced, 1 not found (2276 total so far)
Batch 24/146: 99 priced, 1 not found (2375 total so far)
Batch 25/146: 98 priced, 2 not found (2473 total so far)
Batch 26/146: 100 priced, 0 not found (2573 total so far)
Batch 27/146: 100 priced, 0 not found (2673 total so far)
Batch 28/146: 100 priced, 0 not found (2773 total so far)
Batch 29/146: 100 priced, 0 not found (2873 total so far)
Batch 30/146: 100 priced, 0 not found (2973 total so far)
Batch 31/146: 100 priced, 0 not found (3073 total so far)
Batch 32/146: 98 priced, 2 not found (3171 total so far)
Batch 33/146: 100 priced, 0 not found (3271 total so far)
Batch 34/146: 100 priced, 0 not found (3371 total so far)
Batch 35/146: 99 priced, 1 not found (3470 total so far)
Batch 36/146: 100 priced, 0 not found (3570 total so far)
Batch 37/146: 99 priced, 1 not found (3669 total so far)
Batch 38/146: 98 priced, 2 not found (3767 total so far)
Batch 39/146: 100 priced, 0 not found (3867 total so far)
Batch 40/146: 98 priced, 2 not found (3965 total so far)
Batch 41/146: 100 priced, 0 not found (4065 total so far)
Batch 42/146: 100 priced, 0 not found (4165 total so far)
Batch 43/146: 99 priced, 1 not found (4264 total so far)
Batch 44/146: 100 priced, 0 not found (4364 total so far)
Batch 45/146: 99 priced, 1 not found (4463 total so far)
Batch 46/146: 100 priced, 0 not found (4563 total so far)
Batch 47/146: 99 priced, 1 not found (4662 total so far)
Batch 48/146: 100 priced, 0 not found (4762 total so far)
Batch 49/146: 100 priced, 0 not found (4862 total so far)
Batch 50/146: 99 priced, 1 not found (4961 total so far)
Batch 51/146: 100 priced, 0 not found (5061 total so far)
Batch 52/146: 99 priced, 1 not found (5160 total so far)
Batch 53/146: 99 priced, 1 not found (5259 total so far)
Batch 54/146: 99 priced, 1 not found (5358 total so far)
Batch 55/146: 99 priced, 1 not found (5457 total so far)
Batch 56/146: 100 priced, 0 not found (5557 total so far)
Batch 57/146: 99 priced, 1 not found (5656 total so far)
Batch 58/146: 100 priced, 0 not found (5756 total so far)
Batch 59/146: 99 priced, 1 not found (5855 total so far)
Batch 60/146: 100 priced, 0 not found (5955 total so far)
Batch 61/146: 99 priced, 1 not found (6054 total so far)
Batch 62/146: 99 priced, 1 not found (6153 total so far)
Batch 63/146: 99 priced, 1 not found (6252 total so far)
Batch 64/146: 98 priced, 2 not found (6350 total so far)
Batch 65/146: 100 priced, 0 not found (6450 total so far)
Batch 66/146: 100 priced, 0 not found (6550 total so far)
Batch 67/146: 100 priced, 0 not found (6650 total so far)
Batch 68/146: 99 priced, 1 not found (6749 total so far)
Batch 69/146: 97 priced, 3 not found (6846 total so far)
Batch 70/146: 98 priced, 2 not found (6944 total so far)
Batch 71/146: 100 priced, 0 not found (7044 total so far)
Batch 72/146: 99 priced, 1 not found (7143 total so far)
Batch 73/146: 100 priced, 0 not found (7243 total so far)
Batch 74/146: 100 priced, 0 not found (7343 total so far)
Batch 75/146: 100 priced, 0 not found (7443 total so far)
Batch 76/146: 99 priced, 1 not found (7542 total so far)
Batch 77/146: 100 priced, 0 not found (7642 total so far)
Batch 78/146: 100 priced, 0 not found (7742 total so far)
Batch 79/146: 99 priced, 1 not found (7841 total so far)
Batch 80/146: 98 priced, 2 not found (7939 total so far)
Batch 81/146: 100 priced, 0 not found (8039 total so far)
Batch 82/146: 99 priced, 1 not found (8138 total so far)
Batch 83/146: 98 priced, 2 not found (8236 total so far)
Batch 84/146: 99 priced, 1 not found (8335 total so far)
Batch 85/146: 98 priced, 2 not found (8433 total so far)
Batch 86/146: 100 priced, 0 not found (8533 total so far)
Batch 87/146: 99 priced, 1 not found (8632 total so far)
Batch 88/146: 100 priced, 0 not found (8732 total so far)
Batch 89/146: 99 priced, 1 not found (8831 total so far)
Batch 90/146: 98 priced, 2 not found (8929 total so far)
Batch 91/146: 99 priced, 1 not found (9028 total so far)
Batch 92/146: 100 priced, 0 not found (9128 total so far)
Batch 93/146: 98 priced, 2 not found (9226 total so far)
Batch 94/146: 100 priced, 0 not found (9326 total so far)
Batch 95/146: 99 priced, 1 not found (9425 total so far)
Batch 96/146: 100 priced, 0 not found (9525 total so far)
Batch 97/146: 99 priced, 1 not found (9624 total so far)
Batch 98/146: 100 priced, 0 not found (9724 total so far)
Batch 99/146: 100 priced, 0 not found (9824 total so far)
Batch 100/146: 98 priced, 2 not found (9922 total so far)
Batch 101/146: 100 priced, 0 not found (10022 total so far)
Batch 102/146: 100 priced, 0 not found (10122 total so far)
Batch 103/146: 97 priced, 3 not found (10219 total so far)
Batch 104/146: 100 priced, 0 not found (10319 total so far)
Batch 105/146: 99 priced, 1 not found (10418 total so far)
Batch 106/146: 98 priced, 2 not found (10516 total so far)
Batch 107/146: 99 priced, 1 not found (10615 total so far)
Batch 108/146: 100 priced, 0 not found (10715 total so far)
Batch 109/146: 100 priced, 0 not found (10815 total so far)
Batch 110/146: 100 priced, 0 not found (10915 total so far)
Batch 111/146: 100 priced, 0 not found (11015 total so far)
Batch 112/146: 100 priced, 0 not found (11115 total so far)
Batch 113/146: 100 priced, 0 not found (11215 total so far)
Batch 114/146: 100 priced, 0 not found (11315 total so far)
Batch 115/146: 99 priced, 1 not found (11414 total so far)
Batch 116/146: 98 priced, 2 not found (11512 total so far)
Batch 117/146: 99 priced, 1 not found (11611 total so far)
Batch 118/146: 100 priced, 0 not found (11711 total so far)
Batch 119/146: 100 priced, 0 not found (11811 total so far)
Batch 120/146: 100 priced, 0 not found (11911 total so far)
Batch 121/146: 100 priced, 0 not found (12011 total so far)
Batch 122/146: 98 priced, 2 not found (12109 total so far)
Batch 123/146: 99 priced, 1 not found (12208 total so far)
Batch 124/146: 99 priced, 1 not found (12307 total so far)
Batch 125/146: 100 priced, 0 not found (12407 total so far)
Batch 126/146: 98 priced, 2 not found (12505 total so far)
Batch 127/146: 100 priced, 0 not found (12605 total so far)
Batch 128/146: 99 priced, 1 not found (12704 total so far)
Batch 129/146: 99 priced, 1 not found (12803 total so far)
Batch 130/146: 100 priced, 0 not found (12903 total so far)
Batch 131/146: 100 priced, 0 not found (13003 total so far)
Batch 132/146: 100 priced, 0 not found (13103 total so far)
Batch 133/146: 99 priced, 1 not found (13202 total so far)
Batch 134/146: 99 priced, 1 not found (13301 total so far)
Batch 135/146: 99 priced, 1 not found (13400 total so far)
Batch 136/146: 99 priced, 1 not found (13499 total so far)
Batch 137/146: 100 priced, 0 not found (13599 total so far)
Batch 138/146: 97 priced, 3 not found (13696 total so far)
Batch 139/146: 100 priced, 0 not found (13796 total so far)
Batch 140/146: 100 priced, 0 not found (13896 total so far)
Batch 141/146: 99 priced, 1 not found (13995 total so far)
Batch 142/146: 100 priced, 0 not found (14095 total so far)
Batch 143/146: 99 priced, 1 not found (14194 total so far)
Batch 144/146: 98 priced, 2 not found (14292 total so far)
Batch 145/146: 98 priced, 2 not found (14390 total so far)
Batch 146/146: 85 priced, 0 not found (14475 total so far)
110 item_ids returned no price data: [
   3718,  3740,  3919,  3923,  3925,  4244,  4348,  4355,  4431,
   4435,  4636,  4779,  4980,  4997,  5056,  5280,  5435,  5753,
   5810,  5822,  5834,  5913,  5999,  6063,  6143,  6240,  6312,
   7038,  7060,  7345,  7597,  7678,  7715,  7883,  7947,  8179,
   8393,  8692,  8993,  9153,  9325,  9395,  9454,  9746,  9882,
  10074, 10182, 10302, 10371, 10424, 10850, 10926, 10992, 10996,
  11099, 11103, 11309, 11763, 12031, 12144, 12148, 12410, 12506,
  12560, 12674, 12789, 12809, 13009, 13235, 13300, 13304, 13374,
  13618, 13630, 13844, 14070, 14346, 14422, 14670, 14682, 14719,
  14881, 14978, 15010, 15090, 15946, 16039, 16107, 16212, 16660,
  16661, 16788, 16917, 17117, 17135, 17287, 17467, 17887, 18011,
  18092,
  ... 10 more items
]
Got prices for 14475 items - inserting into price_history...
Inserted 395860 price rows.
Refreshing current-price views...
 
===== skins 29/08/2026 21:38:47.69 ===== 
Fetching prices for 14585 skin listings...
Batch 1/146: 98 priced, 2 not found (98 total so far)
Batch 2/146: 100 priced, 0 not found (198 total so far)
Batch 3/146: 97 priced, 3 not found (295 total so far)
Batch 4/146: 100 priced, 0 not found (395 total so far)
Batch 5/146: 100 priced, 0 not found (495 total so far)
Batch 6/146: 99 priced, 1 not found (594 total so far)
Batch 7/146: 96 priced, 4 not found (690 total so far)
Batch 8/146: 100 priced, 0 not found (790 total so far)
Batch 9/146: 99 priced, 1 not found (889 total so far)
Batch 10/146: 100 priced, 0 not found (989 total so far)
Batch 11/146: 99 priced, 1 not found (1088 total so far)
Batch 12/146: 100 priced, 0 not found (1188 total so far)
Batch 13/146: 97 priced, 3 not found (1285 total so far)
Batch 14/146: 100 priced, 0 not found (1385 total so far)
Batch 15/146: 100 priced, 0 not found (1485 total so far)
Batch 16/146: 99 priced, 1 not found (1584 total so far)
Batch 17/146: 99 priced, 1 not found (1683 total so far)
Batch 18/146: 100 priced, 0 not found (1783 total so far)
Batch 19/146: 100 priced, 0 not found (1883 total so far)
Batch 20/146: 99 priced, 1 not found (1982 total so far)
Batch 21/146: 97 priced, 3 not found (2079 total so far)
Batch 22/146: 98 priced, 2 not found (2177 total so far)
Batch 23/146: 99 priced, 1 not found (2276 total so far)
Batch 24/146: 99 priced, 1 not found (2375 total so far)
Batch 25/146: 98 priced, 2 not found (2473 total so far)
Batch 26/146: 100 priced, 0 not found (2573 total so far)
Batch 27/146: 100 priced, 0 not found (2673 total so far)
Batch 28/146: 100 priced, 0 not found (2773 total so far)
Batch 29/146: 100 priced, 0 not found (2873 total so far)
Batch 30/146: 100 priced, 0 not found (2973 total so far)
Batch 31/146: 100 priced, 0 not found (3073 total so far)
Batch 32/146: 98 priced, 2 not found (3171 total so far)
Batch 33/146: 100 priced, 0 not found (3271 total so far)
Batch 34/146: 100 priced, 0 not found (3371 total so far)
Batch 35/146: 99 priced, 1 not found (3470 total so far)
Batch 36/146: 100 priced, 0 not found (3570 total so far)
Batch 37/146: 99 priced, 1 not found (3669 total so far)
Batch 38/146: 98 priced, 2 not found (3767 total so far)
Batch 39/146: 100 priced, 0 not found (3867 total so far)
Batch 40/146: 98 priced, 2 not found (3965 total so far)
Batch 41/146: 100 priced, 0 not found (4065 total so far)
Batch 42/146: 100 priced, 0 not found (4165 total so far)
Batch 43/146: 99 priced, 1 not found (4264 total so far)
Batch 44/146: 100 priced, 0 not found (4364 total so far)
Batch 45/146: 99 priced, 1 not found (4463 total so far)
Batch 46/146: 100 priced, 0 not found (4563 total so far)
Batch 47/146: 99 priced, 1 not found (4662 total so far)
Batch 48/146: 100 priced, 0 not found (4762 total so far)
Batch 49/146: 100 priced, 0 not found (4862 total so far)
Batch 50/146: 99 priced, 1 not found (4961 total so far)
Batch 51/146: 100 priced, 0 not found (5061 total so far)
Batch 52/146: 99 priced, 1 not found (5160 total so far)
Batch 53/146: 99 priced, 1 not found (5259 total so far)
Batch 54/146: 99 priced, 1 not found (5358 total so far)
Batch 55/146: 99 priced, 1 not found (5457 total so far)
Batch 56/146: 100 priced, 0 not found (5557 total so far)
Batch 57/146: 99 priced, 1 not found (5656 total so far)
Batch 58/146: 100 priced, 0 not found (5756 total so far)
Batch 59/146: 99 priced, 1 not found (5855 total so far)
Batch 60/146: 100 priced, 0 not found (5955 total so far)
Batch 61/146: 99 priced, 1 not found (6054 total so far)
Batch 62/146: 99 priced, 1 not found (6153 total so far)
Batch 63/146: 99 priced, 1 not found (6252 total so far)
Batch 64/146: 98 priced, 2 not found (6350 total so far)
Batch 65/146: 100 priced, 0 not found (6450 total so far)
Batch 66/146: 100 priced, 0 not found (6550 total so far)
Batch 67/146: 100 priced, 0 not found (6650 total so far)
Batch 68/146: 99 priced, 1 not found (6749 total so far)
Batch 69/146: 97 priced, 3 not found (6846 total so far)
Batch 70/146: 98 priced, 2 not found (6944 total so far)
Batch 71/146: 100 priced, 0 not found (7044 total so far)
Batch 72/146: 99 priced, 1 not found (7143 total so far)
Batch 73/146: 100 priced, 0 not found (7243 total so far)
Batch 74/146: 100 priced, 0 not found (7343 total so far)
Batch 75/146: 100 priced, 0 not found (7443 total so far)
Batch 76/146: 99 priced, 1 not found (7542 total so far)
Batch 77/146: 100 priced, 0 not found (7642 total so far)
Batch 78/146: 100 priced, 0 not found (7742 total so far)
Batch 79/146: 99 priced, 1 not found (7841 total so far)
Batch 80/146: 98 priced, 2 not found (7939 total so far)
Batch 81/146: 100 priced, 0 not found (8039 total so far)
Batch 82/146: 99 priced, 1 not found (8138 total so far)
Batch 83/146: 98 priced, 2 not found (8236 total so far)
Batch 84/146: 99 priced, 1 not found (8335 total so far)
Batch 85/146: 98 priced, 2 not found (8433 total so far)
Batch 86/146: 100 priced, 0 not found (8533 total so far)
Batch 87/146: 99 priced, 1 not found (8632 total so far)
Batch 88/146: 100 priced, 0 not found (8732 total so far)
Batch 89/146: 99 priced, 1 not found (8831 total so far)
Batch 90/146: 98 priced, 2 not found (8929 total so far)
Batch 91/146: 99 priced, 1 not found (9028 total so far)
Batch 92/146: 100 priced, 0 not found (9128 total so far)
Batch 93/146: 98 priced, 2 not found (9226 total so far)
Batch 94/146: 100 priced, 0 not found (9326 total so far)
Batch 95/146: 99 priced, 1 not found (9425 total so far)
Batch 96/146: 100 priced, 0 not found (9525 total so far)
Batch 97/146: 99 priced, 1 not found (9624 total so far)
Batch 98/146: 100 priced, 0 not found (9724 total so far)
Batch 99/146: 100 priced, 0 not found (9824 total so far)
Batch 100/146: 98 priced, 2 not found (9922 total so far)
Batch 101/146: 100 priced, 0 not found (10022 total so far)
Batch 102/146: 100 priced, 0 not found (10122 total so far)
Batch 103/146: 97 priced, 3 not found (10219 total so far)
Batch 104/146: 100 priced, 0 not found (10319 total so far)
Batch 105/146: 99 priced, 1 not found (10418 total so far)
Batch 106/146: 98 priced, 2 not found (10516 total so far)
Batch 107/146: 99 priced, 1 not found (10615 total so far)
Batch 108/146: 100 priced, 0 not found (10715 total so far)
Batch 109/146: 100 priced, 0 not found (10815 total so far)
Batch 110/146: 100 priced, 0 not found (10915 total so far)
Batch 111/146: 100 priced, 0 not found (11015 total so far)
Batch 112/146: 100 priced, 0 not found (11115 total so far)
Batch 113/146: 100 priced, 0 not found (11215 total so far)
Batch 114/146: 100 priced, 0 not found (11315 total so far)
Batch 115/146: 99 priced, 1 not found (11414 total so far)
Batch 116/146: 98 priced, 2 not found (11512 total so far)
Batch 117/146: 99 priced, 1 not found (11611 total so far)
Batch 118/146: 100 priced, 0 not found (11711 total so far)
Batch 119/146: 100 priced, 0 not found (11811 total so far)
Batch 120/146: 100 priced, 0 not found (11911 total so far)
Batch 121/146: 100 priced, 0 not found (12011 total so far)
Batch 122/146: 98 priced, 2 not found (12109 total so far)
Batch 123/146: 99 priced, 1 not found (12208 total so far)
Batch 124/146: 99 priced, 1 not found (12307 total so far)
Batch 125/146: 100 priced, 0 not found (12407 total so far)
Batch 126/146: 98 priced, 2 not found (12505 total so far)
Batch 127/146: 100 priced, 0 not found (12605 total so far)
Batch 128/146: 99 priced, 1 not found (12704 total so far)
Batch 129/146: 99 priced, 1 not found (12803 total so far)
Batch 130/146: 100 priced, 0 not found (12903 total so far)
Batch 131/146: 100 priced, 0 not found (13003 total so far)
Batch 132/146: 100 priced, 0 not found (13103 total so far)
Batch 133/146: 99 priced, 1 not found (13202 total so far)
Batch 134/146: 99 priced, 1 not found (13301 total so far)
Batch 135/146: 99 priced, 1 not found (13400 total so far)
Batch 136/146: 99 priced, 1 not found (13499 total so far)
Batch 137/146: 100 priced, 0 not found (13599 total so far)
Batch 138/146: 97 priced, 3 not found (13696 total so far)
Batch 139/146: 100 priced, 0 not found (13796 total so far)
Batch 140/146: 100 priced, 0 not found (13896 total so far)
Batch 141/146: 99 priced, 1 not found (13995 total so far)
Batch 142/146: 100 priced, 0 not found (14095 total so far)
Batch 143/146: 99 priced, 1 not found (14194 total so far)
Batch 144/146: 98 priced, 2 not found (14292 total so far)
Batch 145/146: 98 priced, 2 not found (14390 total so far)
Batch 146/146: 85 priced, 0 not found (14475 total so far)
110 item_ids returned no price data: [
   3718,  3740,  3919,  3923,  3925,  4244,  4348,  4355,  4431,
   4435,  4636,  4779,  4980,  4997,  5056,  5280,  5435,  5753,
   5810,  5822,  5834,  5913,  5999,  6063,  6143,  6240,  6312,
   7038,  7060,  7345,  7597,  7678,  7715,  7883,  7947,  8179,
   8393,  8692,  8993,  9153,  9325,  9395,  9454,  9746,  9882,
  10074, 10182, 10302, 10371, 10424, 10850, 10926, 10992, 10996,
  11099, 11103, 11309, 11763, 12031, 12144, 12148, 12410, 12506,
  12560, 12674, 12789, 12809, 13009, 13235, 13300, 13304, 13374,
  13618, 13630, 13844, 14070, 14346, 14422, 14670, 14682, 14719,
  14881, 14978, 15010, 15090, 15946, 16039, 16107, 16212, 16660,
  16661, 16788, 16917, 17117, 17135, 17287, 17467, 17887, 18011,
  18092,
  ... 10 more items
]
Got prices for 14475 items - inserting into price_history...
Inserted 397220 price rows.
Refreshing current-price views...
 
===== skins 30/08/2026  0:38:47.67 ===== 
Fetching prices for 14585 skin listings...
Batch 1/146: 98 priced, 2 not found (98 total so far)
Batch 2/146: 100 priced, 0 not found (198 total so far)
Batch 3/146: 97 priced, 3 not found (295 total so far)
Batch 4/146: 100 priced, 0 not found (395 total so far)
Batch 5/146: 100 priced, 0 not found (495 total so far)
Batch 6/146: 99 priced, 1 not found (594 total so far)
Batch 7/146: 96 priced, 4 not found (690 total so far)
Batch 8/146: 100 priced, 0 not found (790 total so far)
Batch 9/146: 99 priced, 1 not found (889 total so far)
Batch 10/146: 100 priced, 0 not found (989 total so far)
Batch 11/146: 99 priced, 1 not found (1088 total so far)
Batch 12/146: 100 priced, 0 not found (1188 total so far)
Batch 13/146: 97 priced, 3 not found (1285 total so far)
Batch 14/146: 100 priced, 0 not found (1385 total so far)
Batch 15/146: 100 priced, 0 not found (1485 total so far)
Batch 16/146: 99 priced, 1 not found (1584 total so far)
Batch 17/146: 99 priced, 1 not found (1683 total so far)
Batch 18/146: 100 priced, 0 not found (1783 total so far)
Batch 19/146: 100 priced, 0 not found (1883 total so far)
Batch 20/146: 99 priced, 1 not found (1982 total so far)
Batch 21/146: 97 priced, 3 not found (2079 total so far)
Batch 22/146: 98 priced, 2 not found (2177 total so far)
Batch 23/146: 99 priced, 1 not found (2276 total so far)
Batch 24/146: 99 priced, 1 not found (2375 total so far)
Batch 25/146: 98 priced, 2 not found (2473 total so far)
Batch 26/146: 100 priced, 0 not found (2573 total so far)
Batch 27/146: 100 priced, 0 not found (2673 total so far)
Batch 28/146: 100 priced, 0 not found (2773 total so far)
Batch 29/146: 100 priced, 0 not found (2873 total so far)
Batch 30/146: 100 priced, 0 not found (2973 total so far)
Batch 31/146: 100 priced, 0 not found (3073 total so far)
Batch 32/146: 98 priced, 2 not found (3171 total so far)
Batch 33/146: 100 priced, 0 not found (3271 total so far)
Batch 34/146: 100 priced, 0 not found (3371 total so far)
Batch 35/146: 99 priced, 1 not found (3470 total so far)
Batch 36/146: 100 priced, 0 not found (3570 total so far)
Batch 37/146: 99 priced, 1 not found (3669 total so far)
Batch 38/146: 98 priced, 2 not found (3767 total so far)
Batch 39/146: 100 priced, 0 not found (3867 total so far)
Batch 40/146: 98 priced, 2 not found (3965 total so far)
Batch 41/146: 100 priced, 0 not found (4065 total so far)
Batch 42/146: 100 priced, 0 not found (4165 total so far)
Batch 43/146: 99 priced, 1 not found (4264 total so far)
Batch 44/146: 100 priced, 0 not found (4364 total so far)
Batch 45/146: 99 priced, 1 not found (4463 total so far)
Batch 46/146: 100 priced, 0 not found (4563 total so far)
Batch 47/146: 99 priced, 1 not found (4662 total so far)
Batch 48/146: 100 priced, 0 not found (4762 total so far)
Batch 49/146: 100 priced, 0 not found (4862 total so far)
Batch 50/146: 99 priced, 1 not found (4961 total so far)
Batch 51/146: 100 priced, 0 not found (5061 total so far)
Batch 52/146: 99 priced, 1 not found (5160 total so far)
Batch 53/146: 99 priced, 1 not found (5259 total so far)
Batch 54/146: 99 priced, 1 not found (5358 total so far)
Batch 55/146: 99 priced, 1 not found (5457 total so far)
Batch 56/146: 100 priced, 0 not found (5557 total so far)
Batch 57/146: 99 priced, 1 not found (5656 total so far)
Batch 58/146: 100 priced, 0 not found (5756 total so far)
Batch 59/146: 99 priced, 1 not found (5855 total so far)
Batch 60/146: 100 priced, 0 not found (5955 total so far)
Batch 61/146: 99 priced, 1 not found (6054 total so far)
Batch 62/146: 99 priced, 1 not found (6153 total so far)
Batch 63/146: 99 priced, 1 not found (6252 total so far)
Batch 64/146: 98 priced, 2 not found (6350 total so far)
Batch 65/146: 100 priced, 0 not found (6450 total so far)
Batch 66/146: 100 priced, 0 not found (6550 total so far)
Batch 67/146: 100 priced, 0 not found (6650 total so far)
Batch 68/146: 99 priced, 1 not found (6749 total so far)
Batch 69/146: 97 priced, 3 not found (6846 total so far)
Batch 70/146: 98 priced, 2 not found (6944 total so far)
Batch 71/146: 100 priced, 0 not found (7044 total so far)
Batch 72/146: 99 priced, 1 not found (7143 total so far)
Batch 73/146: 100 priced, 0 not found (7243 total so far)
Batch 74/146: 100 priced, 0 not found (7343 total so far)
Batch 75/146: 100 priced, 0 not found (7443 total so far)
Batch 76/146: 99 priced, 1 not found (7542 total so far)
Batch 77/146: 100 priced, 0 not found (7642 total so far)
Batch 78/146: 100 priced, 0 not found (7742 total so far)
Batch 79/146: 99 priced, 1 not found (7841 total so far)
Batch 80/146: 98 priced, 2 not found (7939 total so far)
Batch 81/146: 100 priced, 0 not found (8039 total so far)
Batch 82/146: 99 priced, 1 not found (8138 total so far)
Batch 83/146: 98 priced, 2 not found (8236 total so far)
Batch 84/146: 99 priced, 1 not found (8335 total so far)
Batch 85/146: 98 priced, 2 not found (8433 total so far)
Batch 86/146: 100 priced, 0 not found (8533 total so far)
Batch 87/146: 99 priced, 1 not found (8632 total so far)
Batch 88/146: 100 priced, 0 not found (8732 total so far)
Batch 89/146: 99 priced, 1 not found (8831 total so far)
Batch 90/146: 98 priced, 2 not found (8929 total so far)
Batch 91/146: 99 priced, 1 not found (9028 total so far)
Batch 92/146: 100 priced, 0 not found (9128 total so far)
Batch 93/146: 98 priced, 2 not found (9226 total so far)
Batch 94/146: 100 priced, 0 not found (9326 total so far)
Batch 95/146: 99 priced, 1 not found (9425 total so far)
Batch 96/146: 100 priced, 0 not found (9525 total so far)
Batch 97/146: 99 priced, 1 not found (9624 total so far)
Batch 98/146: 100 priced, 0 not found (9724 total so far)
Batch 99/146: 100 priced, 0 not found (9824 total so far)
Batch 100/146: 98 priced, 2 not found (9922 total so far)
Batch 101/146: 100 priced, 0 not found (10022 total so far)
Batch 102/146: 100 priced, 0 not found (10122 total so far)
Batch 103/146: 97 priced, 3 not found (10219 total so far)
Batch 104/146: 100 priced, 0 not found (10319 total so far)
Batch 105/146: 99 priced, 1 not found (10418 total so far)
Batch 106/146: 98 priced, 2 not found (10516 total so far)
Batch 107/146: 99 priced, 1 not found (10615 total so far)
Batch 108/146: 100 priced, 0 not found (10715 total so far)
Batch 109/146: 100 priced, 0 not found (10815 total so far)
Batch 110/146: 100 priced, 0 not found (10915 total so far)
Batch 111/146: 100 priced, 0 not found (11015 total so far)
Batch 112/146: 100 priced, 0 not found (11115 total so far)
Batch 113/146: 100 priced, 0 not found (11215 total so far)
Batch 114/146: 100 priced, 0 not found (11315 total so far)
Batch 115/146: 99 priced, 1 not found (11414 total so far)
Batch 116/146: 98 priced, 2 not found (11512 total so far)
Batch 117/146: 99 priced, 1 not found (11611 total so far)
Batch 118/146: 100 priced, 0 not found (11711 total so far)
Batch 119/146: 100 priced, 0 not found (11811 total so far)
Batch 120/146: 100 priced, 0 not found (11911 total so far)
Batch 121/146: 100 priced, 0 not found (12011 total so far)
Batch 122/146: 98 priced, 2 not found (12109 total so far)
Batch 123/146: 99 priced, 1 not found (12208 total so far)
Batch 124/146: 99 priced, 1 not found (12307 total so far)
Batch 125/146: 100 priced, 0 not found (12407 total so far)
Batch 126/146: 98 priced, 2 not found (12505 total so far)
Batch 127/146: 100 priced, 0 not found (12605 total so far)
Batch 128/146: 99 priced, 1 not found (12704 total so far)
Batch 129/146: 99 priced, 1 not found (12803 total so far)
Batch 130/146: 100 priced, 0 not found (12903 total so far)
Batch 131/146: 100 priced, 0 not found (13003 total so far)
Batch 132/146: 100 priced, 0 not found (13103 total so far)
Batch 133/146: 99 priced, 1 not found (13202 total so far)
Batch 134/146: 99 priced, 1 not found (13301 total so far)
Batch 135/146: 99 priced, 1 not found (13400 total so far)
Batch 136/146: 99 priced, 1 not found (13499 total so far)
Batch 137/146: 100 priced, 0 not found (13599 total so far)
Batch 138/146: 97 priced, 3 not found (13696 total so far)
Batch 139/146: 100 priced, 0 not found (13796 total so far)
Batch 140/146: 100 priced, 0 not found (13896 total so far)
Batch 141/146: 99 priced, 1 not found (13995 total so far)
Batch 142/146: 100 priced, 0 not found (14095 total so far)
Batch 143/146: 99 priced, 1 not found (14194 total so far)
Batch 144/146: 98 priced, 2 not found (14292 total so far)
Batch 145/146: 99 priced, 1 not found (14391 total so far)
Batch 146/146: 85 priced, 0 not found (14476 total so far)
109 item_ids returned no price data: [
   3718,  3740,  3919,  3923,  3925,  4244,  4348,  4355,  4431,
   4435,  4636,  4779,  4980,  4997,  5056,  5280,  5435,  5753,
   5810,  5822,  5834,  5913,  5999,  6063,  6143,  6240,  6312,
   7038,  7060,  7345,  7597,  7678,  7715,  7883,  7947,  8179,
   8393,  8692,  8993,  9153,  9325,  9395,  9454,  9746,  9882,
  10074, 10182, 10302, 10371, 10424, 10850, 10926, 10992, 10996,
  11099, 11103, 11309, 11763, 12031, 12144, 12148, 12410, 12506,
  12560, 12674, 12789, 12809, 13009, 13235, 13300, 13304, 13374,
  13618, 13630, 13844, 14070, 14346, 14422, 14670, 14682, 14719,
  14881, 14978, 15010, 15090, 15946, 16039, 16107, 16212, 16660,
  16661, 16788, 16917, 17117, 17135, 17287, 17467, 17887, 18011,
  18092,
  ... 9 more items
]
Got prices for 14476 items - inserting into price_history...
Inserted 397224 price rows.
Refreshing current-price views...
 
===== skins 30/08/2026 13:56:06.43 ===== 
Fetching prices for 14585 skin listings...
Batch 1/146: 98 priced, 2 not found (98 total so far)
Batch 2/146: 100 priced, 0 not found (198 total so far)
Batch 3/146: 97 priced, 3 not found (295 total so far)
Batch 4/146: 100 priced, 0 not found (395 total so far)
Batch 5/146: 100 priced, 0 not found (495 total so far)
Batch 6/146: 99 priced, 1 not found (594 total so far)
Batch 7/146: 96 priced, 4 not found (690 total so far)
Batch 8/146: 100 priced, 0 not found (790 total so far)
Batch 9/146: 99 priced, 1 not found (889 total so far)
Batch 10/146: 100 priced, 0 not found (989 total so far)
Batch 11/146: 99 priced, 1 not found (1088 total so far)
Batch 12/146: 100 priced, 0 not found (1188 total so far)
Batch 13/146: 97 priced, 3 not found (1285 total so far)
Batch 14/146: 100 priced, 0 not found (1385 total so far)
Batch 15/146: 100 priced, 0 not found (1485 total so far)
Batch 16/146: 99 priced, 1 not found (1584 total so far)
Batch 17/146: 99 priced, 1 not found (1683 total so far)
Batch 18/146: 100 priced, 0 not found (1783 total so far)
Batch 19/146: 100 priced, 0 not found (1883 total so far)
Batch 20/146: 99 priced, 1 not found (1982 total so far)
Batch 21/146: 97 priced, 3 not found (2079 total so far)
Batch 22/146: 98 priced, 2 not found (2177 total so far)
Batch 23/146: 99 priced, 1 not found (2276 total so far)
Batch 24/146: 99 priced, 1 not found (2375 total so far)
Batch 25/146: 98 priced, 2 not found (2473 total so far)
Batch 26/146: 100 priced, 0 not found (2573 total so far)
Batch 27/146: 100 priced, 0 not found (2673 total so far)
Batch 28/146: 100 priced, 0 not found (2773 total so far)
Batch 29/146: 100 priced, 0 not found (2873 total so far)
Batch 30/146: 100 priced, 0 not found (2973 total so far)
Batch 31/146: 100 priced, 0 not found (3073 total so far)
Batch 32/146: 98 priced, 2 not found (3171 total so far)
Batch 33/146: 100 priced, 0 not found (3271 total so far)
Batch 34/146: 100 priced, 0 not found (3371 total so far)
Batch 35/146: 99 priced, 1 not found (3470 total so far)
Batch 36/146: 100 priced, 0 not found (3570 total so far)
Batch 37/146: 99 priced, 1 not found (3669 total so far)
Batch 38/146: 98 priced, 2 not found (3767 total so far)
Batch 39/146: 100 priced, 0 not found (3867 total so far)
Batch 40/146: 98 priced, 2 not found (3965 total so far)
Batch 41/146: 100 priced, 0 not found (4065 total so far)
Batch 42/146: 100 priced, 0 not found (4165 total so far)
Batch 43/146: 99 priced, 1 not found (4264 total so far)
Batch 44/146: 100 priced, 0 not found (4364 total so far)
Batch 45/146: 99 priced, 1 not found (4463 total so far)
Batch 46/146: 100 priced, 0 not found (4563 total so far)
Batch 47/146: 99 priced, 1 not found (4662 total so far)
Batch 48/146: 100 priced, 0 not found (4762 total so far)
Batch 49/146: 100 priced, 0 not found (4862 total so far)
Batch 50/146: 99 priced, 1 not found (4961 total so far)
Batch 51/146: 100 priced, 0 not found (5061 total so far)
Batch 52/146: 99 priced, 1 not found (5160 total so far)
Batch 53/146: 99 priced, 1 not found (5259 total so far)
Batch 54/146: 99 priced, 1 not found (5358 total so far)
Batch 55/146: 99 priced, 1 not found (5457 total so far)
Batch 56/146: 100 priced, 0 not found (5557 total so far)
Batch 57/146: 99 priced, 1 not found (5656 total so far)
Batch 58/146: 100 priced, 0 not found (5756 total so far)
Batch 59/146: 99 priced, 1 not found (5855 total so far)
Batch 60/146: 100 priced, 0 not found (5955 total so far)
Batch 61/146: 99 priced, 1 not found (6054 total so far)
Batch 62/146: 99 priced, 1 not found (6153 total so far)
Batch 63/146: 99 priced, 1 not found (6252 total so far)
Batch 64/146: 98 priced, 2 not found (6350 total so far)
Batch 65/146: 100 priced, 0 not found (6450 total so far)
Batch 66/146: 100 priced, 0 not found (6550 total so far)
Batch 67/146: 100 priced, 0 not found (6650 total so far)
Batch 68/146: 99 priced, 1 not found (6749 total so far)
Batch 69/146: 97 priced, 3 not found (6846 total so far)
Batch 70/146: 98 priced, 2 not found (6944 total so far)
Batch 71/146: 100 priced, 0 not found (7044 total so far)
Batch 72/146: 99 priced, 1 not found (7143 total so far)
Batch 73/146: 100 priced, 0 not found (7243 total so far)
Batch 74/146: 100 priced, 0 not found (7343 total so far)
Batch 75/146: 100 priced, 0 not found (7443 total so far)
Batch 76/146: 99 priced, 1 not found (7542 total so far)
Batch 77/146: 100 priced, 0 not found (7642 total so far)
Batch 78/146: 100 priced, 0 not found (7742 total so far)
Batch 79/146: 99 priced, 1 not found (7841 total so far)
Batch 80/146: 98 priced, 2 not found (7939 total so far)
Batch 81/146: 100 priced, 0 not found (8039 total so far)
Batch 82/146: 99 priced, 1 not found (8138 total so far)
Batch 83/146: 98 priced, 2 not found (8236 total so far)
Batch 84/146: 99 priced, 1 not found (8335 total so far)
Batch 85/146: 98 priced, 2 not found (8433 total so far)
Batch 86/146: 100 priced, 0 not found (8533 total so far)
^C 
===== skins 30/08/2026 15:00:01.27 ===== 
Fetching prices for 14585 skin listings...
Batch 1/146: 98 priced, 2 not found (98 total so far)
Batch 2/146: 100 priced, 0 not found (198 total so far)
Batch 3/146: 97 priced, 3 not found (295 total so far)
Batch 4/146: 100 priced, 0 not found (395 total so far)
Batch 5/146: 100 priced, 0 not found (495 total so far)
Batch 6/146: 99 priced, 1 not found (594 total so far)
Batch 7/146: 96 priced, 4 not found (690 total so far)
Batch 8/146: 100 priced, 0 not found (790 total so far)
Batch 9/146: 99 priced, 1 not found (889 total so far)
Batch 10/146: 100 priced, 0 not found (989 total so far)
Batch 11/146: 99 priced, 1 not found (1088 total so far)
Batch 12/146: 100 priced, 0 not found (1188 total so far)
Batch 13/146: 97 priced, 3 not found (1285 total so far)
Batch 14/146: 100 priced, 0 not found (1385 total so far)
Batch 15/146: 100 priced, 0 not found (1485 total so far)
Batch 16/146: 99 priced, 1 not found (1584 total so far)
Batch 17/146: 99 priced, 1 not found (1683 total so far)
Batch 18/146: 100 priced, 0 not found (1783 total so far)
Batch 19/146: 100 priced, 0 not found (1883 total so far)
Batch 20/146: 99 priced, 1 not found (1982 total so far)
Batch 21/146: 97 priced, 3 not found (2079 total so far)
Batch 22/146: 98 priced, 2 not found (2177 total so far)
Batch 23/146: 99 priced, 1 not found (2276 total so far)
Batch 24/146: 99 priced, 1 not found (2375 total so far)
Batch 25/146: 98 priced, 2 not found (2473 total so far)
Batch 26/146: 100 priced, 0 not found (2573 total so far)
Batch 27/146: 100 priced, 0 not found (2673 total so far)
Batch 28/146: 100 priced, 0 not found (2773 total so far)
Batch 29/146: 100 priced, 0 not found (2873 total so far)
Batch 30/146: 100 priced, 0 not found (2973 total so far)
Batch 31/146: 100 priced, 0 not found (3073 total so far)
Batch 32/146: 98 priced, 2 not found (3171 total so far)
Batch 33/146: 100 priced, 0 not found (3271 total so far)
Batch 34/146: 100 priced, 0 not found (3371 total so far)
Batch 35/146: 99 priced, 1 not found (3470 total so far)
Batch 36/146: 100 priced, 0 not found (3570 total so far)
Batch 37/146: 99 priced, 1 not found (3669 total so far)
Batch 38/146: 98 priced, 2 not found (3767 total so far)
Batch 39/146: 100 priced, 0 not found (3867 total so far)
Batch 40/146: 98 priced, 2 not found (3965 total so far)
Batch 41/146: 100 priced, 0 not found (4065 total so far)
Batch 42/146: 100 priced, 0 not found (4165 total so far)
Batch 43/146: 99 priced, 1 not found (4264 total so far)
Batch 44/146: 100 priced, 0 not found (4364 total so far)
Batch 45/146: 99 priced, 1 not found (4463 total so far)
Batch 46/146: 100 priced, 0 not found (4563 total so far)
Batch 47/146: 99 priced, 1 not found (4662 total so far)
Batch 48/146: 100 priced, 0 not found (4762 total so far)
Batch 49/146: 100 priced, 0 not found (4862 total so far)
Batch 50/146: 99 priced, 1 not found (4961 total so far)
Batch 51/146: 100 priced, 0 not found (5061 total so far)
Batch 52/146: 99 priced, 1 not found (5160 total so far)
Batch 53/146: 99 priced, 1 not found (5259 total so far)
Batch 54/146: 99 priced, 1 not found (5358 total so far)
Batch 55/146: 99 priced, 1 not found (5457 total so far)
Batch 56/146: 100 priced, 0 not found (5557 total so far)
Batch 57/146: 99 priced, 1 not found (5656 total so far)
Batch 58/146: 100 priced, 0 not found (5756 total so far)
Batch 59/146: 99 priced, 1 not found (5855 total so far)
Batch 60/146: 100 priced, 0 not found (5955 total so far)
Batch 61/146: 99 priced, 1 not found (6054 total so far)
Batch 62/146: 99 priced, 1 not found (6153 total so far)
Batch 63/146: 99 priced, 1 not found (6252 total so far)
Batch 64/146: 98 priced, 2 not found (6350 total so far)
Batch 65/146: 100 priced, 0 not found (6450 total so far)
Batch 66/146: 100 priced, 0 not found (6550 total so far)
Batch 67/146: 100 priced, 0 not found (6650 total so far)
Batch 68/146: 99 priced, 1 not found (6749 total so far)
Batch 69/146: 97 priced, 3 not found (6846 total so far)
Batch 70/146: 98 priced, 2 not found (6944 total so far)
Batch 71/146: 100 priced, 0 not found (7044 total so far)
Batch 72/146: 99 priced, 1 not found (7143 total so far)
Batch 73/146: 100 priced, 0 not found (7243 total so far)
Batch 74/146: 100 priced, 0 not found (7343 total so far)
Batch 75/146: 100 priced, 0 not found (7443 total so far)
Batch 76/146: 99 priced, 1 not found (7542 total so far)
Batch 77/146: 100 priced, 0 not found (7642 total so far)
Batch 78/146: 100 priced, 0 not found (7742 total so far)
Batch 79/146: 99 priced, 1 not found (7841 total so far)
Batch 80/146: 98 priced, 2 not found (7939 total so far)
Batch 81/146: 100 priced, 0 not found (8039 total so far)
Batch 82/146: 99 priced, 1 not found (8138 total so far)
Batch 83/146: 98 priced, 2 not found (8236 total so far)
Batch 84/146: 99 priced, 1 not found (8335 total so far)
Batch 85/146: 98 priced, 2 not found (8433 total so far)
Batch 86/146: 100 priced, 0 not found (8533 total so far)
Batch 87/146: 99 priced, 1 not found (8632 total so far)
Batch 88/146: 100 priced, 0 not found (8732 total so far)
Batch 89/146: 99 priced, 1 not found (8831 total so far)
Batch 90/146: 98 priced, 2 not found (8929 total so far)
Batch 91/146: 99 priced, 1 not found (9028 total so far)
Batch 92/146: 100 priced, 0 not found (9128 total so far)
Batch 93/146: 98 priced, 2 not found (9226 total so far)
Batch 94/146: 100 priced, 0 not found (9326 total so far)
Batch 95/146: 99 priced, 1 not found (9425 total so far)
Batch 96/146: 100 priced, 0 not found (9525 total so far)
Batch 97/146: 99 priced, 1 not found (9624 total so far)
Batch 98/146: 100 priced, 0 not found (9724 total so far)
Batch 99/146: 100 priced, 0 not found (9824 total so far)
Batch 100/146: 98 priced, 2 not found (9922 total so far)
Batch 101/146: 100 priced, 0 not found (10022 total so far)
Batch 102/146: 100 priced, 0 not found (10122 total so far)
Batch 103/146: 97 priced, 3 not found (10219 total so far)
Batch 104/146: 100 priced, 0 not found (10319 total so far)
Batch 105/146: 99 priced, 1 not found (10418 total so far)
Batch 106/146: 98 priced, 2 not found (10516 total so far)
Batch 107/146: 99 priced, 1 not found (10615 total so far)
Batch 108/146: 100 priced, 0 not found (10715 total so far)
Batch 109/146: 100 priced, 0 not found (10815 total so far)
Batch 110/146: 100 priced, 0 not found (10915 total so far)
Batch 111/146: 100 priced, 0 not found (11015 total so far)
Batch 112/146: 100 priced, 0 not found (11115 total so far)
Batch 113/146: 100 priced, 0 not found (11215 total so far)
Batch 114/146: 100 priced, 0 not found (11315 total so far)
Batch 115/146: 99 priced, 1 not found (11414 total so far)
Batch 116/146: 98 priced, 2 not found (11512 total so far)
Batch 117/146: 99 priced, 1 not found (11611 total so far)
Batch 118/146: 100 priced, 0 not found (11711 total so far)
Batch 119/146: 100 priced, 0 not found (11811 total so far)
Batch 120/146: 100 priced, 0 not found (11911 total so far)
Batch 121/146: 100 priced, 0 not found (12011 total so far)
Batch 122/146: 98 priced, 2 not found (12109 total so far)
Batch 123/146: 99 priced, 1 not found (12208 total so far)
Batch 124/146: 99 priced, 1 not found (12307 total so far)
Batch 125/146: 100 priced, 0 not found (12407 total so far)
Batch 126/146: 98 priced, 2 not found (12505 total so far)
Batch 127/146: 100 priced, 0 not found (12605 total so far)
Batch 128/146: 99 priced, 1 not found (12704 total so far)
Batch 129/146: 99 priced, 1 not found (12803 total so far)
Batch 130/146: 100 priced, 0 not found (12903 total so far)
Batch 131/146: 100 priced, 0 not found (13003 total so far)
Batch 132/146: 100 priced, 0 not found (13103 total so far)
Batch 133/146: 99 priced, 1 not found (13202 total so far)
Batch 134/146: 99 priced, 1 not found (13301 total so far)
Batch 135/146: 99 priced, 1 not found (13400 total so far)
Batch 136/146: 99 priced, 1 not found (13499 total so far)
Batch 137/146: 100 priced, 0 not found (13599 total so far)
Batch 138/146: 97 priced, 3 not found (13696 total so far)
Batch 139/146: 100 priced, 0 not found (13796 total so far)
Batch 140/146: 100 priced, 0 not found (13896 total so far)
Batch 141/146: 99 priced, 1 not found (13995 total so far)
Batch 142/146: 100 priced, 0 not found (14095 total so far)
Batch 143/146: 99 priced, 1 not found (14194 total so far)
Batch 144/146: 98 priced, 2 not found (14292 total so far)
Batch 145/146: 99 priced, 1 not found (14391 total so far)
Batch 146/146: 85 priced, 0 not found (14476 total so far)
109 item_ids returned no price data: [
   3718,  3740,  3919,  3923,  3925,  4244,  4348,  4355,  4431,
   4435,  4636,  4779,  4980,  4997,  5056,  5280,  5435,  5753,
   5810,  5822,  5834,  5913,  5999,  6063,  6143,  6240,  6312,
   7038,  7060,  7345,  7597,  7678,  7715,  7883,  7947,  8179,
   8393,  8692,  8993,  9153,  9325,  9395,  9454,  9746,  9882,
  10074, 10182, 10302, 10371, 10424, 10850, 10926, 10992, 10996,
  11099, 11103, 11309, 11763, 12031, 12144, 12148, 12410, 12506,
  12560, 12674, 12789, 12809, 13009, 13235, 13300, 13304, 13374,
  13618, 13630, 13844, 14070, 14346, 14422, 14670, 14682, 14719,
  14881, 14978, 15010, 15090, 15946, 16039, 16107, 16212, 16660,
  16661, 16788, 16917, 17117, 17135, 17287, 17467, 17887, 18011,
  18092,
  ... 9 more items
]
Got prices for 14476 items - inserting into price_history...
Inserted 397557 price rows.
Refreshing current-price views...
 
===== skins 30/08/2026 16:56:07.32 ===== 
Fetching prices for 14585 skin listings...
Batch 1/146: 98 priced, 2 not found (98 total so far)
Batch 2/146: 100 priced, 0 not found (198 total so far)
Batch 3/146: 97 priced, 3 not found (295 total so far)
Batch 4/146: 100 priced, 0 not found (395 total so far)
Batch 5/146: 100 priced, 0 not found (495 total so far)
Batch 6/146: 99 priced, 1 not found (594 total so far)
Batch 7/146: 96 priced, 4 not found (690 total so far)
Batch 8/146: 100 priced, 0 not found (790 total so far)
Batch 9/146: 99 priced, 1 not found (889 total so far)
Batch 10/146: 100 priced, 0 not found (989 total so far)
Batch 11/146: 99 priced, 1 not found (1088 total so far)
Batch 12/146: 100 priced, 0 not found (1188 total so far)
Batch 13/146: 97 priced, 3 not found (1285 total so far)
Batch 14/146: 100 priced, 0 not found (1385 total so far)
Batch 15/146: 100 priced, 0 not found (1485 total so far)
Batch 16/146: 99 priced, 1 not found (1584 total so far)
Batch 17/146: 99 priced, 1 not found (1683 total so far)
Batch 18/146: 100 priced, 0 not found (1783 total so far)
Batch 19/146: 99 priced, 1 not found (1882 total so far)
Batch 20/146: 99 priced, 1 not found (1981 total so far)
Batch 21/146: 97 priced, 3 not found (2078 total so far)
Batch 22/146: 98 priced, 2 not found (2176 total so far)
Batch 23/146: 99 priced, 1 not found (2275 total so far)
Batch 24/146: 99 priced, 1 not found (2374 total so far)
Batch 25/146: 98 priced, 2 not found (2472 total so far)
Batch 26/146: 100 priced, 0 not found (2572 total so far)
Batch 27/146: 100 priced, 0 not found (2672 total so far)
Batch 28/146: 100 priced, 0 not found (2772 total so far)
Batch 29/146: 100 priced, 0 not found (2872 total so far)
Batch 30/146: 100 priced, 0 not found (2972 total so far)
Batch 31/146: 100 priced, 0 not found (3072 total so far)
Batch 32/146: 98 priced, 2 not found (3170 total so far)
Batch 33/146: 100 priced, 0 not found (3270 total so far)
Batch 34/146: 100 priced, 0 not found (3370 total so far)
Batch 35/146: 99 priced, 1 not found (3469 total so far)
Batch 36/146: 100 priced, 0 not found (3569 total so far)
Batch 37/146: 99 priced, 1 not found (3668 total so far)
Batch 38/146: 98 priced, 2 not found (3766 total so far)
Batch 39/146: 100 priced, 0 not found (3866 total so far)
Batch 40/146: 98 priced, 2 not found (3964 total so far)
Batch 41/146: 100 priced, 0 not found (4064 total so far)
Batch 42/146: 100 priced, 0 not found (4164 total so far)
Batch 43/146: 99 priced, 1 not found (4263 total so far)
Batch 44/146: 100 priced, 0 not found (4363 total so far)
Batch 45/146: 99 priced, 1 not found (4462 total so far)
Batch 46/146: 100 priced, 0 not found (4562 total so far)
Batch 47/146: 99 priced, 1 not found (4661 total so far)
Batch 48/146: 100 priced, 0 not found (4761 total so far)
Batch 49/146: 100 priced, 0 not found (4861 total so far)
Batch 50/146: 99 priced, 1 not found (4960 total so far)
Batch 51/146: 100 priced, 0 not found (5060 total so far)
Batch 52/146: 99 priced, 1 not found (5159 total so far)
Batch 53/146: 99 priced, 1 not found (5258 total so far)
Batch 54/146: 99 priced, 1 not found (5357 total so far)
Batch 55/146: 99 priced, 1 not found (5456 total so far)
Batch 56/146: 100 priced, 0 not found (5556 total so far)
Batch 57/146: 99 priced, 1 not found (5655 total so far)
Batch 58/146: 100 priced, 0 not found (5755 total so far)
Batch 59/146: 99 priced, 1 not found (5854 total so far)
Batch 60/146: 100 priced, 0 not found (5954 total so far)
Batch 61/146: 99 priced, 1 not found (6053 total so far)
Batch 62/146: 99 priced, 1 not found (6152 total so far)
Batch 63/146: 99 priced, 1 not found (6251 total so far)
Batch 64/146: 98 priced, 2 not found (6349 total so far)
Batch 65/146: 100 priced, 0 not found (6449 total so far)
Batch 66/146: 100 priced, 0 not found (6549 total so far)
Batch 67/146: 100 priced, 0 not found (6649 total so far)
Batch 68/146: 99 priced, 1 not found (6748 total so far)
Batch 69/146: 97 priced, 3 not found (6845 total so far)
Batch 70/146: 98 priced, 2 not found (6943 total so far)
Batch 71/146: 100 priced, 0 not found (7043 total so far)
Batch 72/146: 99 priced, 1 not found (7142 total so far)
Batch 73/146: 100 priced, 0 not found (7242 total so far)
Batch 74/146: 100 priced, 0 not found (7342 total so far)
Batch 75/146: 100 priced, 0 not found (7442 total so far)
Batch 76/146: 99 priced, 1 not found (7541 total so far)
Batch 77/146: 100 priced, 0 not found (7641 total so far)
Batch 78/146: 100 priced, 0 not found (7741 total so far)
Batch 79/146: 99 priced, 1 not found (7840 total so far)
Batch 80/146: 98 priced, 2 not found (7938 total so far)
Batch 81/146: 100 priced, 0 not found (8038 total so far)
Batch 82/146: 99 priced, 1 not found (8137 total so far)
Batch 83/146: 98 priced, 2 not found (8235 total so far)
Batch 84/146: 99 priced, 1 not found (8334 total so far)
Batch 85/146: 98 priced, 2 not found (8432 total so far)
Batch 86/146: 100 priced, 0 not found (8532 total so far)
Batch 87/146: 99 priced, 1 not found (8631 total so far)
Batch 88/146: 100 priced, 0 not found (8731 total so far)
Batch 89/146: 99 priced, 1 not found (8830 total so far)
Batch 90/146: 98 priced, 2 not found (8928 total so far)
Batch 91/146: 99 priced, 1 not found (9027 total so far)
Batch 92/146: 100 priced, 0 not found (9127 total so far)
Batch 93/146: 99 priced, 1 not found (9226 total so far)
Batch 94/146: 100 priced, 0 not found (9326 total so far)
Batch 95/146: 99 priced, 1 not found (9425 total so far)
Batch 96/146: 100 priced, 0 not found (9525 total so far)
Batch 97/146: 99 priced, 1 not found (9624 total so far)
Batch 98/146: 100 priced, 0 not found (9724 total so far)
Batch 99/146: 100 priced, 0 not found (9824 total so far)
Batch 100/146: 98 priced, 2 not found (9922 total so far)
Batch 101/146: 100 priced, 0 not found (10022 total so far)
Batch 102/146: 100 priced, 0 not found (10122 total so far)
Batch 103/146: 97 priced, 3 not found (10219 total so far)
Batch 104/146: 100 priced, 0 not found (10319 total so far)
Batch 105/146: 99 priced, 1 not found (10418 total so far)
Batch 106/146: 98 priced, 2 not found (10516 total so far)
Batch 107/146: 99 priced, 1 not found (10615 total so far)
Batch 108/146: 100 priced, 0 not found (10715 total so far)
Batch 109/146: 100 priced, 0 not found (10815 total so far)
Batch 110/146: 100 priced, 0 not found (10915 total so far)
Batch 111/146: 100 priced, 0 not found (11015 total so far)
Batch 112/146: 100 priced, 0 not found (11115 total so far)
Batch 113/146: 100 priced, 0 not found (11215 total so far)
Batch 114/146: 100 priced, 0 not found (11315 total so far)
Batch 115/146: 99 priced, 1 not found (11414 total so far)
Batch 116/146: 98 priced, 2 not found (11512 total so far)
Batch 117/146: 99 priced, 1 not found (11611 total so far)
Batch 118/146: 100 priced, 0 not found (11711 total so far)
Batch 119/146: 100 priced, 0 not found (11811 total so far)
Batch 120/146: 100 priced, 0 not found (11911 total so far)
Batch 121/146: 100 priced, 0 not found (12011 total so far)
Batch 122/146: 98 priced, 2 not found (12109 total so far)
Batch 123/146: 99 priced, 1 not found (12208 total so far)
Batch 124/146: 99 priced, 1 not found (12307 total so far)
Batch 125/146: 100 priced, 0 not found (12407 total so far)
Batch 126/146: 98 priced, 2 not found (12505 total so far)
Batch 127/146: 100 priced, 0 not found (12605 total so far)
Batch 128/146: 99 priced, 1 not found (12704 total so far)
Batch 129/146: 99 priced, 1 not found (12803 total so far)
Batch 130/146: 100 priced, 0 not found (12903 total so far)
Batch 131/146: 100 priced, 0 not found (13003 total so far)
Batch 132/146: 100 priced, 0 not found (13103 total so far)
Batch 133/146: 99 priced, 1 not found (13202 total so far)
Batch 134/146: 99 priced, 1 not found (13301 total so far)
Batch 135/146: 99 priced, 1 not found (13400 total so far)
Batch 136/146: 99 priced, 1 not found (13499 total so far)
Batch 137/146: 100 priced, 0 not found (13599 total so far)
Batch 138/146: 97 priced, 3 not found (13696 total so far)
Batch 139/146: 100 priced, 0 not found (13796 total so far)
Batch 140/146: 100 priced, 0 not found (13896 total so far)
Batch 141/146: 99 priced, 1 not found (13995 total so far)
Batch 142/146: 100 priced, 0 not found (14095 total so far)
Batch 143/146: 99 priced, 1 not found (14194 total so far)
Batch 144/146: 98 priced, 2 not found (14292 total so far)
Batch 145/146: 99 priced, 1 not found (14391 total so far)
Batch 146/146: 85 priced, 0 not found (14476 total so far)
109 item_ids returned no price data: [
   3718,  3740,  3919,  3923,  3925,  4244,  4348,  4355,  4431,
   4435,  4636,  4779,  4980,  4997,  5056,  5280,  5435,  5632,
   5753,  5810,  5822,  5834,  5913,  5999,  6063,  6143,  6240,
   6312,  7038,  7060,  7345,  7597,  7678,  7715,  7883,  7947,
   8179,  8393,  8692,  8993,  9153,  9325,  9395,  9454,  9746,
   9882, 10074, 10182, 10302, 10371, 10424, 10850, 10926, 10992,
  10996, 11099, 11103, 11309, 11763, 12031, 12144, 12148, 12410,
  12506, 12560, 12674, 12789, 12809, 13009, 13235, 13300, 13304,
  13374, 13630, 13844, 14070, 14346, 14422, 14670, 14682, 14719,
  14881, 14978, 15010, 15090, 15946, 16039, 16107, 16212, 16660,
  16661, 16788, 16917, 17117, 17135, 17287, 17467, 17887, 18011,
  18092,
  ... 9 more items
]
Got prices for 14476 items - inserting into price_history...
Inserted 397594 price rows.
Refreshing current-price views...
 
===== skins 30/08/2026 18:00:01.11 ===== 
Fetching prices for 14585 skin listings...
Batch 1/146: 98 priced, 2 not found (98 total so far)
Batch 2/146: 100 priced, 0 not found (198 total so far)
Batch 3/146: 97 priced, 3 not found (295 total so far)
Batch 4/146: 100 priced, 0 not found (395 total so far)
Batch 5/146: 100 priced, 0 not found (495 total so far)
Batch 6/146: 99 priced, 1 not found (594 total so far)
Batch 7/146: 96 priced, 4 not found (690 total so far)
Batch 8/146: 100 priced, 0 not found (790 total so far)
Batch 9/146: 99 priced, 1 not found (889 total so far)
Batch 10/146: 100 priced, 0 not found (989 total so far)
Batch 11/146: 99 priced, 1 not found (1088 total so far)
Batch 12/146: 100 priced, 0 not found (1188 total so far)
Batch 13/146: 97 priced, 3 not found (1285 total so far)
Batch 14/146: 100 priced, 0 not found (1385 total so far)
Batch 15/146: 100 priced, 0 not found (1485 total so far)
Batch 16/146: 99 priced, 1 not found (1584 total so far)
Batch 17/146: 99 priced, 1 not found (1683 total so far)
Batch 18/146: 100 priced, 0 not found (1783 total so far)
Batch 19/146: 99 priced, 1 not found (1882 total so far)
Batch 20/146: 99 priced, 1 not found (1981 total so far)
Batch 21/146: 97 priced, 3 not found (2078 total so far)
Batch 22/146: 98 priced, 2 not found (2176 total so far)
Batch 23/146: 99 priced, 1 not found (2275 total so far)
Batch 24/146: 99 priced, 1 not found (2374 total so far)
Batch 25/146: 98 priced, 2 not found (2472 total so far)
Batch 26/146: 100 priced, 0 not found (2572 total so far)
Batch 27/146: 100 priced, 0 not found (2672 total so far)
Batch 28/146: 100 priced, 0 not found (2772 total so far)
Batch 29/146: 100 priced, 0 not found (2872 total so far)
Batch 30/146: 100 priced, 0 not found (2972 total so far)
Batch 31/146: 100 priced, 0 not found (3072 total so far)
Batch 32/146: 98 priced, 2 not found (3170 total so far)
Batch 33/146: 100 priced, 0 not found (3270 total so far)
Batch 34/146: 100 priced, 0 not found (3370 total so far)
Batch 35/146: 99 priced, 1 not found (3469 total so far)
Batch 36/146: 100 priced, 0 not found (3569 total so far)
Batch 37/146: 99 priced, 1 not found (3668 total so far)
Batch 38/146: 98 priced, 2 not found (3766 total so far)
Batch 39/146: 100 priced, 0 not found (3866 total so far)
Batch 40/146: 98 priced, 2 not found (3964 total so far)
Batch 41/146: 100 priced, 0 not found (4064 total so far)
Batch 42/146: 100 priced, 0 not found (4164 total so far)
Batch 43/146: 99 priced, 1 not found (4263 total so far)
Batch 44/146: 100 priced, 0 not found (4363 total so far)
Batch 45/146: 99 priced, 1 not found (4462 total so far)
Batch 46/146: 100 priced, 0 not found (4562 total so far)
Batch 47/146: 99 priced, 1 not found (4661 total so far)
Batch 48/146: 100 priced, 0 not found (4761 total so far)
Batch 49/146: 100 priced, 0 not found (4861 total so far)
Batch 50/146: 99 priced, 1 not found (4960 total so far)
Batch 51/146: 100 priced, 0 not found (5060 total so far)
Batch 52/146: 99 priced, 1 not found (5159 total so far)
Batch 53/146: 99 priced, 1 not found (5258 total so far)
Batch 54/146: 99 priced, 1 not found (5357 total so far)
Batch 55/146: 99 priced, 1 not found (5456 total so far)
Batch 56/146: 100 priced, 0 not found (5556 total so far)
Batch 57/146: 99 priced, 1 not found (5655 total so far)
Batch 58/146: 100 priced, 0 not found (5755 total so far)
Batch 59/146: 99 priced, 1 not found (5854 total so far)
Batch 60/146: 100 priced, 0 not found (5954 total so far)
Batch 61/146: 99 priced, 1 not found (6053 total so far)
Batch 62/146: 99 priced, 1 not found (6152 total so far)
Batch 63/146: 99 priced, 1 not found (6251 total so far)
Batch 64/146: 98 priced, 2 not found (6349 total so far)
Batch 65/146: 100 priced, 0 not found (6449 total so far)
Batch 66/146: 100 priced, 0 not found (6549 total so far)
Batch 67/146: 100 priced, 0 not found (6649 total so far)
Batch 68/146: 99 priced, 1 not found (6748 total so far)
Batch 69/146: 97 priced, 3 not found (6845 total so far)
Batch 70/146: 98 priced, 2 not found (6943 total so far)
Batch 71/146: 100 priced, 0 not found (7043 total so far)
Batch 72/146: 99 priced, 1 not found (7142 total so far)
Batch 73/146: 100 priced, 0 not found (7242 total so far)
Batch 74/146: 100 priced, 0 not found (7342 total so far)
Batch 75/146: 100 priced, 0 not found (7442 total so far)
Batch 76/146: 99 priced, 1 not found (7541 total so far)
Batch 77/146: 100 priced, 0 not found (7641 total so far)
Batch 78/146: 100 priced, 0 not found (7741 total so far)
Batch 79/146: 99 priced, 1 not found (7840 total so far)
Batch 80/146: 98 priced, 2 not found (7938 total so far)
Batch 81/146: 100 priced, 0 not found (8038 total so far)
Batch 82/146: 99 priced, 1 not found (8137 total so far)
Batch 83/146: 98 priced, 2 not found (8235 total so far)
Batch 84/146: 99 priced, 1 not found (8334 total so far)
Batch 85/146: 98 priced, 2 not found (8432 total so far)
Batch 86/146: 100 priced, 0 not found (8532 total so far)
Batch 87/146: 99 priced, 1 not found (8631 total so far)
Batch 88/146: 100 priced, 0 not found (8731 total so far)
Batch 89/146: 99 priced, 1 not found (8830 total so far)
Batch 90/146: 98 priced, 2 not found (8928 total so far)
Batch 91/146: 99 priced, 1 not found (9027 total so far)
Batch 92/146: 100 priced, 0 not found (9127 total so far)
Batch 93/146: 99 priced, 1 not found (9226 total so far)
Batch 94/146: 100 priced, 0 not found (9326 total so far)
Batch 95/146: 99 priced, 1 not found (9425 total so far)
Batch 96/146: 100 priced, 0 not found (9525 total so far)
Batch 97/146: 99 priced, 1 not found (9624 total so far)
Batch 98/146: 100 priced, 0 not found (9724 total so far)
Batch 99/146: 100 priced, 0 not found (9824 total so far)
Batch 100/146: 98 priced, 2 not found (9922 total so far)
Batch 101/146: 100 priced, 0 not found (10022 total so far)
Batch 102/146: 100 priced, 0 not found (10122 total so far)
Batch 103/146: 97 priced, 3 not found (10219 total so far)
Batch 104/146: 100 priced, 0 not found (10319 total so far)
Batch 105/146: 99 priced, 1 not found (10418 total so far)
Batch 106/146: 98 priced, 2 not found (10516 total so far)
Batch 107/146: 99 priced, 1 not found (10615 total so far)
Batch 108/146: 100 priced, 0 not found (10715 total so far)
Batch 109/146: 100 priced, 0 not found (10815 total so far)
Batch 110/146: 100 priced, 0 not found (10915 total so far)
Batch 111/146: 100 priced, 0 not found (11015 total so far)
Batch 112/146: 100 priced, 0 not found (11115 total so far)
Batch 113/146: 100 priced, 0 not found (11215 total so far)
Batch 114/146: 100 priced, 0 not found (11315 total so far)
Batch 115/146: 99 priced, 1 not found (11414 total so far)
Batch 116/146: 98 priced, 2 not found (11512 total so far)
Batch 117/146: 99 priced, 1 not found (11611 total so far)
Batch 118/146: 100 priced, 0 not found (11711 total so far)
Batch 119/146: 100 priced, 0 not found (11811 total so far)
Batch 120/146: 100 priced, 0 not found (11911 total so far)
Batch 121/146: 100 priced, 0 not found (12011 total so far)
Batch 122/146: 98 priced, 2 not found (12109 total so far)
Batch 123/146: 99 priced, 1 not found (12208 total so far)
Batch 124/146: 99 priced, 1 not found (12307 total so far)
Batch 125/146: 100 priced, 0 not found (12407 total so far)
Batch 126/146: 98 priced, 2 not found (12505 total so far)
Batch 127/146: 100 priced, 0 not found (12605 total so far)
Batch 128/146: 99 priced, 1 not found (12704 total so far)
Batch 129/146: 99 priced, 1 not found (12803 total so far)
Batch 130/146: 100 priced, 0 not found (12903 total so far)
Batch 131/146: 100 priced, 0 not found (13003 total so far)
Batch 132/146: 100 priced, 0 not found (13103 total so far)
Batch 133/146: 99 priced, 1 not found (13202 total so far)
Batch 134/146: 99 priced, 1 not found (13301 total so far)
Batch 135/146: 99 priced, 1 not found (13400 total so far)
Batch 136/146: 99 priced, 1 not found (13499 total so far)
Batch 137/146: 100 priced, 0 not found (13599 total so far)
Batch 138/146: 97 priced, 3 not found (13696 total so far)
Batch 139/146: 100 priced, 0 not found (13796 total so far)
Batch 140/146: 100 priced, 0 not found (13896 total so far)
Batch 141/146: 99 priced, 1 not found (13995 total so far)
Batch 142/146: 100 priced, 0 not found (14095 total so far)
Batch 143/146: 99 priced, 1 not found (14194 total so far)
Batch 144/146: 98 priced, 2 not found (14292 total so far)
Batch 145/146: 99 priced, 1 not found (14391 total so far)
Batch 146/146: 85 priced, 0 not found (14476 total so far)
109 item_ids returned no price data: [
   3718,  3740,  3919,  3923,  3925,  4244,  4348,  4355,  4431,
   4435,  4636,  4779,  4980,  4997,  5056,  5280,  5435,  5632,
   5753,  5810,  5822,  5834,  5913,  5999,  6063,  6143,  6240,
   6312,  7038,  7060,  7345,  7597,  7678,  7715,  7883,  7947,
   8179,  8393,  8692,  8993,  9153,  9325,  9395,  9454,  9746,
   9882, 10074, 10182, 10302, 10371, 10424, 10850, 10926, 10992,
  10996, 11099, 11103, 11309, 11763, 12031, 12144, 12148, 12410,
  12506, 12560, 12674, 12789, 12809, 13009, 13235, 13300, 13304,
  13374, 13630, 13844, 14070, 14346, 14422, 14670, 14682, 14719,
  14881, 14978, 15010, 15090, 15946, 16039, 16107, 16212, 16660,
  16661, 16788, 16917, 17117, 17135, 17287, 17467, 17887, 18011,
  18092,
  ... 9 more items
]
Got prices for 14476 items - inserting into price_history...
Inserted 396500 price rows.
Refreshing current-price views...
 
===== skins 30/08/2026 20:39:03.19 ===== 
Fetching prices for 14585 skin listings...
[TypeError: fetch failed] {
  [cause]: Error: getaddrinfo ENOTFOUND api.cs2c.app
      at GetAddrInfoReqWrap.onlookupall [as oncomplete] (node:dns:122:26) {
    errno: -3008,
    code: 'ENOTFOUND',
    syscall: 'getaddrinfo',
    hostname: 'api.cs2c.app'
  }
}
 
===== skins 30/08/2026 22:22:34.98 ===== 
Fetching prices for 14585 skin listings...
[TypeError: fetch failed] {
  [cause]: Error: getaddrinfo ENOTFOUND api.cs2c.app
      at GetAddrInfoReqWrap.onlookupall [as oncomplete] (node:dns:122:26) {
    errno: -3008,
    code: 'ENOTFOUND',
    syscall: 'getaddrinfo',
    hostname: 'api.cs2c.app'
  }
}
 
===== skins 30/08/2026 22:56:07.24 ===== 
Fetching prices for 14585 skin listings...
Batch 1/146: 98 priced, 2 not found (98 total so far)
Batch 2/146: 100 priced, 0 not found (198 total so far)
Batch 3/146: 98 priced, 2 not found (296 total so far)
Batch 4/146: 100 priced, 0 not found (396 total so far)
Batch 5/146: 100 priced, 0 not found (496 total so far)
Batch 6/146: 99 priced, 1 not found (595 total so far)
Batch 7/146: 96 priced, 4 not found (691 total so far)
Batch 8/146: 100 priced, 0 not found (791 total so far)
Batch 9/146: 99 priced, 1 not found (890 total so far)
Batch 10/146: 100 priced, 0 not found (990 total so far)
Batch 11/146: 99 priced, 1 not found (1089 total so far)
Batch 12/146: 100 priced, 0 not found (1189 total so far)
Batch 13/146: 97 priced, 3 not found (1286 total so far)
Batch 14/146: 100 priced, 0 not found (1386 total so far)
Batch 15/146: 100 priced, 0 not found (1486 total so far)
Batch 16/146: 99 priced, 1 not found (1585 total so far)
Batch 17/146: 99 priced, 1 not found (1684 total so far)
Batch 18/146: 100 priced, 0 not found (1784 total so far)
Batch 19/146: 99 priced, 1 not found (1883 total so far)
Batch 20/146: 99 priced, 1 not found (1982 total so far)
Batch 21/146: 97 priced, 3 not found (2079 total so far)
Batch 22/146: 98 priced, 2 not found (2177 total so far)
Batch 23/146: 99 priced, 1 not found (2276 total so far)
Batch 24/146: 99 priced, 1 not found (2375 total so far)
Batch 25/146: 98 priced, 2 not found (2473 total so far)
Batch 26/146: 100 priced, 0 not found (2573 total so far)
Batch 27/146: 100 priced, 0 not found (2673 total so far)
Batch 28/146: 100 priced, 0 not found (2773 total so far)
Batch 29/146: 100 priced, 0 not found (2873 total so far)
Batch 30/146: 100 priced, 0 not found (2973 total so far)
Batch 31/146: 100 priced, 0 not found (3073 total so far)
Batch 32/146: 98 priced, 2 not found (3171 total so far)
Batch 33/146: 100 priced, 0 not found (3271 total so far)
Batch 34/146: 100 priced, 0 not found (3371 total so far)
Batch 35/146: 99 priced, 1 not found (3470 total so far)
Batch 36/146: 100 priced, 0 not found (3570 total so far)
Batch 37/146: 99 priced, 1 not found (3669 total so far)
Batch 38/146: 98 priced, 2 not found (3767 total so far)
Batch 39/146: 100 priced, 0 not found (3867 total so far)
Batch 40/146: 98 priced, 2 not found (3965 total so far)
Batch 41/146: 100 priced, 0 not found (4065 total so far)
Batch 42/146: 100 priced, 0 not found (4165 total so far)
Batch 43/146: 99 priced, 1 not found (4264 total so far)
Batch 44/146: 100 priced, 0 not found (4364 total so far)
Batch 45/146: 99 priced, 1 not found (4463 total so far)
Batch 46/146: 100 priced, 0 not found (4563 total so far)
Batch 47/146: 99 priced, 1 not found (4662 total so far)
Batch 48/146: 100 priced, 0 not found (4762 total so far)
Batch 49/146: 100 priced, 0 not found (4862 total so far)
Batch 50/146: 99 priced, 1 not found (4961 total so far)
Batch 51/146: 100 priced, 0 not found (5061 total so far)
Batch 52/146: 99 priced, 1 not found (5160 total so far)
Batch 53/146: 99 priced, 1 not found (5259 total so far)
Batch 54/146: 99 priced, 1 not found (5358 total so far)
Batch 55/146: 99 priced, 1 not found (5457 total so far)
Batch 56/146: 100 priced, 0 not found (5557 total so far)
Batch 57/146: 99 priced, 1 not found (5656 total so far)
Batch 58/146: 100 priced, 0 not found (5756 total so far)
Batch 59/146: 99 priced, 1 not found (5855 total so far)
Batch 60/146: 100 priced, 0 not found (5955 total so far)
Batch 61/146: 99 priced, 1 not found (6054 total so far)
Batch 62/146: 99 priced, 1 not found (6153 total so far)
Batch 63/146: 99 priced, 1 not found (6252 total so far)
Batch 64/146: 98 priced, 2 not found (6350 total so far)
Batch 65/146: 100 priced, 0 not found (6450 total so far)
Batch 66/146: 100 priced, 0 not found (6550 total so far)
Batch 67/146: 100 priced, 0 not found (6650 total so far)
Batch 68/146: 99 priced, 1 not found (6749 total so far)
Batch 69/146: 97 priced, 3 not found (6846 total so far)
Batch 70/146: 98 priced, 2 not found (6944 total so far)
Batch 71/146: 100 priced, 0 not found (7044 total so far)
Batch 72/146: 99 priced, 1 not found (7143 total so far)
Batch 73/146: 100 priced, 0 not found (7243 total so far)
Batch 74/146: 100 priced, 0 not found (7343 total so far)
Batch 75/146: 100 priced, 0 not found (7443 total so far)
Batch 76/146: 99 priced, 1 not found (7542 total so far)
Batch 77/146: 100 priced, 0 not found (7642 total so far)
Batch 78/146: 100 priced, 0 not found (7742 total so far)
Batch 79/146: 99 priced, 1 not found (7841 total so far)
Batch 80/146: 98 priced, 2 not found (7939 total so far)
Batch 81/146: 100 priced, 0 not found (8039 total so far)
Batch 82/146: 99 priced, 1 not found (8138 total so far)
Batch 83/146: 98 priced, 2 not found (8236 total so far)
Batch 84/146: 99 priced, 1 not found (8335 total so far)
Batch 85/146: 98 priced, 2 not found (8433 total so far)
Batch 86/146: 100 priced, 0 not found (8533 total so far)
Batch 87/146: 99 priced, 1 not found (8632 total so far)
Batch 88/146: 100 priced, 0 not found (8732 total so far)
Batch 89/146: 99 priced, 1 not found (8831 total so far)
Batch 90/146: 98 priced, 2 not found (8929 total so far)
Batch 91/146: 99 priced, 1 not found (9028 total so far)
Batch 92/146: 100 priced, 0 not found (9128 total so far)
Batch 93/146: 99 priced, 1 not found (9227 total so far)
Batch 94/146: 100 priced, 0 not found (9327 total so far)
Batch 95/146: 99 priced, 1 not found (9426 total so far)
Batch 96/146: 100 priced, 0 not found (9526 total so far)
Batch 97/146: 99 priced, 1 not found (9625 total so far)
Batch 98/146: 100 priced, 0 not found (9725 total so far)
Batch 99/146: 100 priced, 0 not found (9825 total so far)
Batch 100/146: 98 priced, 2 not found (9923 total so far)
Batch 101/146: 100 priced, 0 not found (10023 total so far)
Batch 102/146: 100 priced, 0 not found (10123 total so far)
Batch 103/146: 97 priced, 3 not found (10220 total so far)
Batch 104/146: 100 priced, 0 not found (10320 total so far)
Batch 105/146: 99 priced, 1 not found (10419 total so far)
Batch 106/146: 98 priced, 2 not found (10517 total so far)
Batch 107/146: 99 priced, 1 not found (10616 total so far)
Batch 108/146: 100 priced, 0 not found (10716 total so far)
Batch 109/146: 100 priced, 0 not found (10816 total so far)
Batch 110/146: 100 priced, 0 not found (10916 total so far)
Batch 111/146: 100 priced, 0 not found (11016 total so far)
Batch 112/146: 100 priced, 0 not found (11116 total so far)
Batch 113/146: 100 priced, 0 not found (11216 total so far)
Batch 114/146: 100 priced, 0 not found (11316 total so far)
Batch 115/146: 99 priced, 1 not found (11415 total so far)
Batch 116/146: 98 priced, 2 not found (11513 total so far)
Batch 117/146: 99 priced, 1 not found (11612 total so far)
Batch 118/146: 100 priced, 0 not found (11712 total so far)
Batch 119/146: 100 priced, 0 not found (11812 total so far)
Batch 120/146: 100 priced, 0 not found (11912 total so far)
Batch 121/146: 100 priced, 0 not found (12012 total so far)
Batch 122/146: 98 priced, 2 not found (12110 total so far)
Batch 123/146: 99 priced, 1 not found (12209 total so far)
Batch 124/146: 99 priced, 1 not found (12308 total so far)
Batch 125/146: 100 priced, 0 not found (12408 total so far)
Batch 126/146: 98 priced, 2 not found (12506 total so far)
Batch 127/146: 100 priced, 0 not found (12606 total so far)
Batch 128/146: 99 priced, 1 not found (12705 total so far)
Batch 129/146: 99 priced, 1 not found (12804 total so far)
Batch 130/146: 100 priced, 0 not found (12904 total so far)
Batch 131/146: 100 priced, 0 not found (13004 total so far)
Batch 132/146: 100 priced, 0 not found (13104 total so far)
Batch 133/146: 99 priced, 1 not found (13203 total so far)
Batch 134/146: 99 priced, 1 not found (13302 total so far)
Batch 135/146: 99 priced, 1 not found (13401 total so far)
Batch 136/146: 99 priced, 1 not found (13500 total so far)
Batch 137/146: 100 priced, 0 not found (13600 total so far)
Batch 138/146: 97 priced, 3 not found (13697 total so far)
Batch 139/146: 100 priced, 0 not found (13797 total so far)
Batch 140/146: 100 priced, 0 not found (13897 total so far)
Batch 141/146: 99 priced, 1 not found (13996 total so far)
Batch 142/146: 100 priced, 0 not found (14096 total so far)
Batch 143/146: 99 priced, 1 not found (14195 total so far)
Batch 144/146: 98 priced, 2 not found (14293 total so far)
Batch 145/146: 99 priced, 1 not found (14392 total so far)
Batch 146/146: 85 priced, 0 not found (14477 total so far)
108 item_ids returned no price data: [
   3718,  3740,  3923,  3925,  4244,  4348,  4355,  4431,  4435,
   4636,  4779,  4980,  4997,  5056,  5280,  5435,  5632,  5753,
   5810,  5822,  5834,  5913,  5999,  6063,  6143,  6240,  6312,
   7038,  7060,  7345,  7597,  7678,  7715,  7883,  7947,  8179,
   8393,  8692,  8993,  9153,  9325,  9395,  9454,  9746,  9882,
  10074, 10182, 10302, 10371, 10424, 10850, 10926, 10992, 10996,
  11099, 11103, 11309, 11763, 12031, 12144, 12148, 12410, 12506,
  12560, 12674, 12789, 12809, 13009, 13235, 13300, 13304, 13374,
  13630, 13844, 14070, 14346, 14422, 14670, 14682, 14719, 14881,
  14978, 15010, 15090, 15946, 16039, 16107, 16212, 16660, 16661,
  16788, 16917, 17117, 17135, 17287, 17467, 17887, 18011, 18092,
  18256,
  ... 8 more items
]
Got prices for 14477 items - inserting into price_history...
Inserted 397644 price rows.
Refreshing current-price views...
 
===== skins 31/08/2026 15:11:22.44 ===== 
===== items 31/08/2026 15:11:22.45 ===== 
Fetching prices for 13360 non-skin items (agents, charms, patches, music kits, graffiti, stickers, collectibles)...
Batch 1/134: 100 priced, 0 not found (100 total so far)
Batch 2/134: 100 priced, 0 not found (200 total so far)
Batch 3/134: 100 priced, 0 not found (300 total so far)
Batch 4/134: 100 priced, 0 not found (400 total so far)
Batch 5/134: 100 priced, 0 not found (500 total so far)
Batch 6/134: 100 priced, 0 not found (600 total so far)
Batch 7/134: 100 priced, 0 not found (700 total so far)
Batch 8/134: 100 priced, 0 not found (800 total so far)
Batch 9/134: 100 priced, 0 not found (900 total so far)
Batch 10/134: 100 priced, 0 not found (1000 total so far)
Batch 11/134: 100 priced, 0 not found (1100 total so far)
Batch 12/134: 100 priced, 0 not found (1200 total so far)
Batch 13/134: 100 priced, 0 not found (1300 total so far)
Batch 14/134: 100 priced, 0 not found (1400 total so far)
Batch 15/134: 100 priced, 0 not found (1500 total so far)
Batch 16/134: 100 priced, 0 not found (1600 total so far)
Batch 17/134: 100 priced, 0 not found (1700 total so far)
Batch 18/134: 100 priced, 0 not found (1800 total so far)
Batch 19/134: 100 priced, 0 not found (1900 total so far)
Batch 20/134: 100 priced, 0 not found (2000 total so far)
Batch 21/134: 100 priced, 0 not found (2100 total so far)
Batch 22/134: 97 priced, 3 not found (2197 total so far)
Batch 23/134: 99 priced, 1 not found (2296 total so far)
Batch 24/134: 98 priced, 2 not found (2394 total so far)
Batch 25/134: 97 priced, 3 not found (2491 total so far)
Batch 26/134: 98 priced, 2 not found (2589 total so far)
Batch 27/134: 98 priced, 2 not found (2687 total so far)
Batch 28/134: 97 priced, 3 not found (2784 total so far)
Batch 29/134: 98 priced, 2 not found (2882 total so far)
Batch 30/134: 97 priced, 3 not found (2979 total so far)
Batch 31/134: 97 priced, 3 not found (3076 total so far)
Batch 32/134: 97 priced, 3 not found (3173 total so far)
Batch 33/134: 96 priced, 4 not found (3269 total so far)
Batch 34/134: 97 priced, 3 not found (3366 total so far)
Batch 35/134: 97 priced, 3 not found (3463 total so far)
Batch 36/134: 85 priced, 15 not found (3548 total so far)
Batch 37/134: 95 priced, 5 not found (3643 total so far)
Batch 38/134: 97 priced, 3 not found (3740 total so far)
Batch 39/134: 94 priced, 6 not found (3834 total so far)
Batch 40/134: 97 priced, 3 not found (3931 total so far)
Batch 41/134: 91 priced, 9 not found (4022 total so far)
Batch 42/134: 79 priced, 21 not found (4101 total so far)
Batch 43/134: 71 priced, 29 not found (4172 total so far)
Batch 44/134: 74 priced, 26 not found (4246 total so far)
Batch 45/134: 70 priced, 30 not found (4316 total so far)
Batch 46/134: 66 priced, 34 not found (4382 total so far)
Batch 47/134: 72 priced, 28 not found (4454 total so far)
Batch 48/134: 74 priced, 26 not found (4528 total so far)
Batch 49/134: 70 priced, 30 not found (4598 total so far)
Batch 50/134: 68 priced, 32 not found (4666 total so far)
Batch 51/134: 79 priced, 21 not found (4745 total so far)
Batch 52/134: 100 priced, 0 not found (4845 total so far)
Batch 53/134: 100 priced, 0 not found (4945 total so far)
Batch 54/134: 88 priced, 12 not found (5033 total so far)
Batch 55/134: 68 priced, 32 not found (5101 total so far)
Batch 56/134: 97 priced, 3 not found (5198 total so far)
Batch 57/134: 100 priced, 0 not found (5298 total so far)
Batch 58/134: 100 priced, 0 not found (5398 total so far)
Batch 59/134: 99 priced, 1 not found (5497 total so far)
Batch 60/134: 79 priced, 21 not found (5576 total so far)
Batch 61/134: 88 priced, 12 not found (5664 total so far)
Batch 62/134: 97 priced, 3 not found (5761 total so far)
Batch 63/134: 98 priced, 2 not found (5859 total so far)
Batch 64/134: 98 priced, 2 not found (5957 total so far)
Batch 65/134: 88 priced, 12 not found (6045 total so far)
Batch 66/134: 82 priced, 18 not found (6127 total so far)
Batch 67/134: 100 priced, 0 not found (6227 total so far)
Batch 68/134: 100 priced, 0 not found (6327 total so far)
Batch 69/134: 98 priced, 2 not found (6425 total so far)
Batch 70/134: 97 priced, 3 not found (6522 total so far)
Batch 71/134: 76 priced, 24 not found (6598 total so far)
Batch 72/134: 90 priced, 10 not found (6688 total so far)
Batch 73/134: 97 priced, 3 not found (6785 total so far)
Batch 74/134: 97 priced, 3 not found (6882 total so far)
Batch 75/134: 97 priced, 3 not found (6979 total so far)
Batch 76/134: 95 priced, 5 not found (7074 total so far)
Batch 77/134: 97 priced, 3 not found (7171 total so far)
Batch 78/134: 97 priced, 3 not found (7268 total so far)
Batch 79/134: 97 priced, 3 not found (7365 total so far)
Batch 80/134: 96 priced, 4 not found (7461 total so far)
Batch 81/134: 94 priced, 6 not found (7555 total so far)
Batch 82/134: 97 priced, 3 not found (7652 total so far)
Batch 83/134: 97 priced, 3 not found (7749 total so far)
Batch 84/134: 96 priced, 4 not found (7845 total so far)
Batch 85/134: 97 priced, 3 not found (7942 total so far)
Batch 86/134: 97 priced, 3 not found (8039 total so far)
Batch 87/134: 97 priced, 3 not found (8136 total so far)
Batch 88/134: 97 priced, 3 not found (8233 total so far)
Batch 89/134: 97 priced, 3 not found (8330 total so far)
Batch 90/134: 97 priced, 3 not found (8427 total so far)
Batch 91/134: 96 priced, 4 not found (8523 total so far)
Batch 92/134: 96 priced, 4 not found (8619 total so far)
Batch 93/134: 97 priced, 3 not found (8716 total so far)
Batch 94/134: 97 priced, 3 not found (8813 total so far)
Batch 95/134: 97 priced, 3 not found (8910 total so far)
Batch 96/134: 97 priced, 3 not found (9007 total so far)
Batch 97/134: 97 priced, 3 not found (9104 total so far)
Batch 98/134: 97 priced, 3 not found (9201 total so far)
Batch 99/134: 97 priced, 3 not found (9298 total so far)
Batch 100/134: 97 priced, 3 not found (9395 total so far)
Batch 101/134: 96 priced, 4 not found (9491 total so far)
Batch 102/134: 97 priced, 3 not found (9588 total so far)
Batch 103/134: 97 priced, 3 not found (9685 total so far)
Batch 104/134: 97 priced, 3 not found (9782 total so far)
Batch 105/134: 96 priced, 4 not found (9878 total so far)
Batch 106/134: 97 priced, 3 not found (9975 total so far)
Batch 107/134: 97 priced, 3 not found (10072 total so far)
Batch 108/134: 97 priced, 3 not found (10169 total so far)
Batch 109/134: 97 priced, 3 not found (10266 total so far)
Batch 110/134: 97 priced, 3 not found (10363 total so far)
Batch 111/134: 97 priced, 3 not found (10460 total so far)
Batch 112/134: 95 priced, 5 not found (10555 total so far)
Batch 113/134: 97 priced, 3 not found (10652 total so far)
Batch 114/134: 97 priced, 3 not found (10749 total so far)
Batch 115/134: 96 priced, 4 not found (10845 total so far)
Batch 116/134: 96 priced, 4 not found (10941 total so far)
Batch 117/134: 96 priced, 4 not found (11037 total so far)
Batch 118/134: 96 priced, 4 not found (11133 total so far)
Batch 119/134: 95 priced, 5 not found (11228 total so far)
Batch 120/134: 96 priced, 4 not found (11324 total so far)
Batch 121/134: 96 priced, 4 not found (11420 total so far)
Batch 122/134: 97 priced, 3 not found (11517 total so far)
Batch 123/134: 95 priced, 5 not found (11612 total so far)
Batch 124/134: 96 priced, 4 not found (11708 total so far)
Batch 125/134: 96 priced, 4 not found (11804 total so far)
Batch 126/134: 96 priced, 4 not found (11900 total so far)
Batch 127/134: 96 priced, 4 not found (11996 total so far)
Batch 128/134: 96 priced, 4 not found (12092 total so far)
Batch 129/134: 96 priced, 4 not found (12188 total so far)
Batch 130/134: 99 priced, 1 not found (12287 total so far)
Batch 131/134: 99 priced, 1 not found (12386 total so far)
Batch 132/134: 99 priced, 1 not found (12485 total so far)
Batch 133/134: 100 priced, 0 not found (12585 total so far)
Batch 134/134: 60 priced, 0 not found (12645 total so far)
715 item_ids returned no price data: [
  37622, 37623, 37624, 37625, 37626, 37627, 37628, 37629,
  37630, 37631, 37632, 37633, 37634, 37635, 37636, 37637,
  37638, 37639, 37640, 37641, 37642, 37643, 37644, 37645,
  37646, 37647, 37648, 37649, 37650, 37651, 37652, 37653,
  37654, 37655, 37656, 37657, 37658, 37659, 41044, 41050,
  41056, 41059, 37660, 41068, 41071, 41074, 41077, 41083,
  41086, 41092, 37661, 41098, 41113, 37662, 37663, 41182,
  37664, 37665, 37666, 37667, 37668, 41308, 41325, 37669,
  37670, 41377, 37671, 37672, 37673, 41476, 41479, 37674,
  37675, 41521, 41530, 41542, 37676, 41551, 37677, 41596,
  37678, 37679, 37680, 37681, 37682, 37683, 37684, 37685,
  37686, 37687, 37688, 37689, 37690, 37691, 37692, 37693,
  37694, 37695, 37696, 37697,
  ... 615 more items
]
Got prices for 12645 items - inserting into item_price_history...
Inserted 242894 price rows.
Refreshing current-price views...
 
===== skins 31/08/2026 18:00:01.18 ===== 
Fetching prices for 14585 skin listings...
Batch 1/146: 98 priced, 2 not found (98 total so far)
Batch 2/146: 100 priced, 0 not found (198 total so far)
Batch 3/146: 98 priced, 2 not found (296 total so far)
Batch 4/146: 100 priced, 0 not found (396 total so far)
Batch 5/146: 100 priced, 0 not found (496 total so far)
Batch 6/146: 99 priced, 1 not found (595 total so far)
Batch 7/146: 96 priced, 4 not found (691 total so far)
Batch 8/146: 100 priced, 0 not found (791 total so far)
Batch 9/146: 99 priced, 1 not found (890 total so far)
Batch 10/146: 100 priced, 0 not found (990 total so far)
Batch 11/146: 98 priced, 2 not found (1088 total so far)
Batch 12/146: 100 priced, 0 not found (1188 total so far)
Batch 13/146: 97 priced, 3 not found (1285 total so far)
Batch 14/146: 100 priced, 0 not found (1385 total so far)
Batch 15/146: 100 priced, 0 not found (1485 total so far)
Batch 16/146: 99 priced, 1 not found (1584 total so far)
Batch 17/146: 99 priced, 1 not found (1683 total so far)
Batch 18/146: 100 priced, 0 not found (1783 total so far)
Batch 19/146: 99 priced, 1 not found (1882 total so far)
Batch 20/146: 99 priced, 1 not found (1981 total so far)
Batch 21/146: 97 priced, 3 not found (2078 total so far)
Batch 22/146: 98 priced, 2 not found (2176 total so far)
Batch 23/146: 99 priced, 1 not found (2275 total so far)
Batch 24/146: 99 priced, 1 not found (2374 total so far)
Batch 25/146: 98 priced, 2 not found (2472 total so far)
Batch 26/146: 100 priced, 0 not found (2572 total so far)
Batch 27/146: 100 priced, 0 not found (2672 total so far)
Batch 28/146: 100 priced, 0 not found (2772 total so far)
Batch 29/146: 100 priced, 0 not found (2872 total so far)
Batch 30/146: 100 priced, 0 not found (2972 total so far)
Batch 31/146: 100 priced, 0 not found (3072 total so far)
Batch 32/146: 98 priced, 2 not found (3170 total so far)
Batch 33/146: 100 priced, 0 not found (3270 total so far)
Batch 34/146: 100 priced, 0 not found (3370 total so far)
Batch 35/146: 99 priced, 1 not found (3469 total so far)
Batch 36/146: 100 priced, 0 not found (3569 total so far)
Batch 37/146: 99 priced, 1 not found (3668 total so far)
Batch 38/146: 98 priced, 2 not found (3766 total so far)
Batch 39/146: 100 priced, 0 not found (3866 total so far)
Batch 40/146: 98 priced, 2 not found (3964 total so far)
Batch 41/146: 100 priced, 0 not found (4064 total so far)
Batch 42/146: 100 priced, 0 not found (4164 total so far)
Batch 43/146: 99 priced, 1 not found (4263 total so far)
Batch 44/146: 100 priced, 0 not found (4363 total so far)
Batch 45/146: 99 priced, 1 not found (4462 total so far)
Batch 46/146: 100 priced, 0 not found (4562 total so far)
Batch 47/146: 99 priced, 1 not found (4661 total so far)
Batch 48/146: 100 priced, 0 not found (4761 total so far)
Batch 49/146: 100 priced, 0 not found (4861 total so far)
Batch 50/146: 99 priced, 1 not found (4960 total so far)
Batch 51/146: 100 priced, 0 not found (5060 total so far)
Batch 52/146: 99 priced, 1 not found (5159 total so far)
Batch 53/146: 99 priced, 1 not found (5258 total so far)
Batch 54/146: 99 priced, 1 not found (5357 total so far)
Batch 55/146: 99 priced, 1 not found (5456 total so far)
Batch 56/146: 100 priced, 0 not found (5556 total so far)
Batch 57/146: 99 priced, 1 not found (5655 total so far)
Batch 58/146: 100 priced, 0 not found (5755 total so far)
Batch 59/146: 99 priced, 1 not found (5854 total so far)
Batch 60/146: 100 priced, 0 not found (5954 total so far)
Batch 61/146: 99 priced, 1 not found (6053 total so far)
Batch 62/146: 99 priced, 1 not found (6152 total so far)
Batch 63/146: 99 priced, 1 not found (6251 total so far)
Batch 64/146: 98 priced, 2 not found (6349 total so far)
Batch 65/146: 100 priced, 0 not found (6449 total so far)
Batch 66/146: 100 priced, 0 not found (6549 total so far)
Batch 67/146: 100 priced, 0 not found (6649 total so far)
Batch 68/146: 99 priced, 1 not found (6748 total so far)
Batch 69/146: 97 priced, 3 not found (6845 total so far)
Batch 70/146: 98 priced, 2 not found (6943 total so far)
Batch 71/146: 100 priced, 0 not found (7043 total so far)
Batch 72/146: 99 priced, 1 not found (7142 total so far)
Batch 73/146: 100 priced, 0 not found (7242 total so far)
Batch 74/146: 100 priced, 0 not found (7342 total so far)
Batch 75/146: 100 priced, 0 not found (7442 total so far)
Batch 76/146: 99 priced, 1 not found (7541 total so far)
Batch 77/146: 100 priced, 0 not found (7641 total so far)
Batch 78/146: 100 priced, 0 not found (7741 total so far)
Batch 79/146: 99 priced, 1 not found (7840 total so far)
Batch 80/146: 98 priced, 2 not found (7938 total so far)
Batch 81/146: 100 priced, 0 not found (8038 total so far)
Batch 82/146: 99 priced, 1 not found (8137 total so far)
Batch 83/146: 98 priced, 2 not found (8235 total so far)
Batch 84/146: 99 priced, 1 not found (8334 total so far)
Batch 85/146: 98 priced, 2 not found (8432 total so far)
Batch 86/146: 100 priced, 0 not found (8532 total so far)
Batch 87/146: 99 priced, 1 not found (8631 total so far)
Batch 88/146: 100 priced, 0 not found (8731 total so far)
Batch 89/146: 99 priced, 1 not found (8830 total so far)
Batch 90/146: 98 priced, 2 not found (8928 total so far)
Batch 91/146: 99 priced, 1 not found (9027 total so far)
Batch 92/146: 100 priced, 0 not found (9127 total so far)
Batch 93/146: 99 priced, 1 not found (9226 total so far)
Batch 94/146: 100 priced, 0 not found (9326 total so far)
Batch 95/146: 99 priced, 1 not found (9425 total so far)
Batch 96/146: 100 priced, 0 not found (9525 total so far)
Batch 97/146: 99 priced, 1 not found (9624 total so far)
Batch 98/146: 100 priced, 0 not found (9724 total so far)
Batch 99/146: 100 priced, 0 not found (9824 total so far)
Batch 100/146: 98 priced, 2 not found (9922 total so far)
Batch 101/146: 100 priced, 0 not found (10022 total so far)
Batch 102/146: 100 priced, 0 not found (10122 total so far)
Batch 103/146: 97 priced, 3 not found (10219 total so far)
Batch 104/146: 100 priced, 0 not found (10319 total so far)
Batch 105/146: 99 priced, 1 not found (10418 total so far)
Batch 106/146: 98 priced, 2 not found (10516 total so far)
Batch 107/146: 99 priced, 1 not found (10615 total so far)
Batch 108/146: 100 priced, 0 not found (10715 total so far)
Batch 109/146: 100 priced, 0 not found (10815 total so far)
Batch 110/146: 100 priced, 0 not found (10915 total so far)
Batch 111/146: 100 priced, 0 not found (11015 total so far)
Batch 112/146: 100 priced, 0 not found (11115 total so far)
Batch 113/146: 100 priced, 0 not found (11215 total so far)
Batch 114/146: 100 priced, 0 not found (11315 total so far)
Batch 115/146: 99 priced, 1 not found (11414 total so far)
Batch 116/146: 98 priced, 2 not found (11512 total so far)
Batch 117/146: 99 priced, 1 not found (11611 total so far)
Batch 118/146: 100 priced, 0 not found (11711 total so far)
Batch 119/146: 100 priced, 0 not found (11811 total so far)
Batch 120/146: 100 priced, 0 not found (11911 total so far)
Batch 121/146: 100 priced, 0 not found (12011 total so far)
Batch 122/146: 98 priced, 2 not found (12109 total so far)
Batch 123/146: 99 priced, 1 not found (12208 total so far)
Batch 124/146: 99 priced, 1 not found (12307 total so far)
Batch 125/146: 100 priced, 0 not found (12407 total so far)
Batch 126/146: 99 priced, 1 not found (12506 total so far)
Batch 127/146: 100 priced, 0 not found (12606 total so far)
Batch 128/146: 99 priced, 1 not found (12705 total so far)
Batch 129/146: 99 priced, 1 not found (12804 total so far)
Batch 130/146: 100 priced, 0 not found (12904 total so far)
Batch 131/146: 100 priced, 0 not found (13004 total so far)
Batch 132/146: 100 priced, 0 not found (13104 total so far)
Batch 133/146: 99 priced, 1 not found (13203 total so far)
Batch 134/146: 99 priced, 1 not found (13302 total so far)
Batch 135/146: 99 priced, 1 not found (13401 total so far)
Batch 136/146: 99 priced, 1 not found (13500 total so far)
Batch 137/146: 100 priced, 0 not found (13600 total so far)
Batch 138/146: 97 priced, 3 not found (13697 total so far)
Batch 139/146: 100 priced, 0 not found (13797 total so far)
Batch 140/146: 100 priced, 0 not found (13897 total so far)
Batch 141/146: 99 priced, 1 not found (13996 total so far)
Batch 142/146: 100 priced, 0 not found (14096 total so far)
Batch 143/146: 99 priced, 1 not found (14195 total so far)
Batch 144/146: 98 priced, 2 not found (14293 total so far)
Batch 145/146: 99 priced, 1 not found (14392 total so far)
Batch 146/146: 85 priced, 0 not found (14477 total so far)
108 item_ids returned no price data: [
   3718,  3740,  3923,  3925,  4244,  4348,  4355,  4431,  4435,
   4636,  4779,  4798,  4980,  4997,  5056,  5280,  5435,  5632,
   5753,  5810,  5822,  5834,  5913,  5999,  6063,  6143,  6240,
   6312,  7038,  7060,  7345,  7597,  7678,  7715,  7883,  7947,
   8179,  8393,  8692,  8993,  9153,  9325,  9395,  9454,  9746,
   9882, 10074, 10182, 10302, 10371, 10424, 10850, 10926, 10992,
  10996, 11099, 11103, 11309, 11763, 12031, 12144, 12148, 12410,
  12506, 12560, 12674, 12789, 12809, 13009, 13235, 13300, 13304,
  13374, 13630, 13844, 14070, 14346, 14422, 14670, 14682, 14719,
  14881, 14978, 15010, 15090, 15946, 16039, 16107, 16212, 16660,
  16661, 16788, 16917, 17117, 17287, 17467, 17887, 18011, 18092,
  18256,
  ... 8 more items
]
Got prices for 14477 items - inserting into price_history...
Inserted 397067 price rows.
Refreshing current-price views...
 
===== skins 31/08/2026 18:11:23.42 ===== 
Fetching prices for 14585 skin listings...
Batch 1/146: 98 priced, 2 not found (98 total so far)
Batch 2/146: 100 priced, 0 not found (198 total so far)
Batch 3/146: 98 priced, 2 not found (296 total so far)
Batch 4/146: 100 priced, 0 not found (396 total so far)
Batch 5/146: 100 priced, 0 not found (496 total so far)
Batch 6/146: 99 priced, 1 not found (595 total so far)
Batch 7/146: 96 priced, 4 not found (691 total so far)
Batch 8/146: 100 priced, 0 not found (791 total so far)
Batch 9/146: 99 priced, 1 not found (890 total so far)
Batch 10/146: 100 priced, 0 not found (990 total so far)
Batch 11/146: 98 priced, 2 not found (1088 total so far)
Batch 12/146: 100 priced, 0 not found (1188 total so far)
Batch 13/146: 97 priced, 3 not found (1285 total so far)
Batch 14/146: 100 priced, 0 not found (1385 total so far)
Batch 15/146: 100 priced, 0 not found (1485 total so far)
Batch 16/146: 99 priced, 1 not found (1584 total so far)
Batch 17/146: 99 priced, 1 not found (1683 total so far)
Batch 18/146: 100 priced, 0 not found (1783 total so far)
Batch 19/146: 99 priced, 1 not found (1882 total so far)
Batch 20/146: 99 priced, 1 not found (1981 total so far)
Batch 21/146: 97 priced, 3 not found (2078 total so far)
Batch 22/146: 98 priced, 2 not found (2176 total so far)
Batch 23/146: 99 priced, 1 not found (2275 total so far)
Batch 24/146: 99 priced, 1 not found (2374 total so far)
Batch 25/146: 98 priced, 2 not found (2472 total so far)
Batch 26/146: 100 priced, 0 not found (2572 total so far)
Batch 27/146: 100 priced, 0 not found (2672 total so far)
Batch 28/146: 100 priced, 0 not found (2772 total so far)
Batch 29/146: 100 priced, 0 not found (2872 total so far)
Batch 30/146: 100 priced, 0 not found (2972 total so far)
Batch 31/146: 100 priced, 0 not found (3072 total so far)
Batch 32/146: 98 priced, 2 not found (3170 total so far)
Batch 33/146: 100 priced, 0 not found (3270 total so far)
Batch 34/146: 100 priced, 0 not found (3370 total so far)
Batch 35/146: 99 priced, 1 not found (3469 total so far)
Batch 36/146: 100 priced, 0 not found (3569 total so far)
Batch 37/146: 99 priced, 1 not found (3668 total so far)
Batch 38/146: 98 priced, 2 not found (3766 total so far)
Batch 39/146: 100 priced, 0 not found (3866 total so far)
Batch 40/146: 98 priced, 2 not found (3964 total so far)
Batch 41/146: 100 priced, 0 not found (4064 total so far)
Batch 42/146: 100 priced, 0 not found (4164 total so far)
Batch 43/146: 99 priced, 1 not found (4263 total so far)
Batch 44/146: 100 priced, 0 not found (4363 total so far)
Batch 45/146: 99 priced, 1 not found (4462 total so far)
Batch 46/146: 100 priced, 0 not found (4562 total so far)
Batch 47/146: 99 priced, 1 not found (4661 total so far)
Batch 48/146: 100 priced, 0 not found (4761 total so far)
Batch 49/146: 100 priced, 0 not found (4861 total so far)
Batch 50/146: 99 priced, 1 not found (4960 total so far)
Batch 51/146: 100 priced, 0 not found (5060 total so far)
Batch 52/146: 99 priced, 1 not found (5159 total so far)
Batch 53/146: 99 priced, 1 not found (5258 total so far)
Batch 54/146: 99 priced, 1 not found (5357 total so far)
Batch 55/146: 99 priced, 1 not found (5456 total so far)
Batch 56/146: 100 priced, 0 not found (5556 total so far)
Batch 57/146: 99 priced, 1 not found (5655 total so far)
Batch 58/146: 100 priced, 0 not found (5755 total so far)
Batch 59/146: 99 priced, 1 not found (5854 total so far)
Batch 60/146: 100 priced, 0 not found (5954 total so far)
Batch 61/146: 99 priced, 1 not found (6053 total so far)
Batch 62/146: 99 priced, 1 not found (6152 total so far)
Batch 63/146: 99 priced, 1 not found (6251 total so far)
Batch 64/146: 98 priced, 2 not found (6349 total so far)
Batch 65/146: 100 priced, 0 not found (6449 total so far)
Batch 66/146: 100 priced, 0 not found (6549 total so far)
Batch 67/146: 100 priced, 0 not found (6649 total so far)
Batch 68/146: 99 priced, 1 not found (6748 total so far)
Batch 69/146: 97 priced, 3 not found (6845 total so far)
Batch 70/146: 98 priced, 2 not found (6943 total so far)
Batch 71/146: 100 priced, 0 not found (7043 total so far)
Batch 72/146: 99 priced, 1 not found (7142 total so far)
Batch 73/146: 100 priced, 0 not found (7242 total so far)
Batch 74/146: 100 priced, 0 not found (7342 total so far)
Batch 75/146: 100 priced, 0 not found (7442 total so far)
Batch 76/146: 99 priced, 1 not found (7541 total so far)
Batch 77/146: 100 priced, 0 not found (7641 total so far)
Batch 78/146: 100 priced, 0 not found (7741 total so far)
Batch 79/146: 99 priced, 1 not found (7840 total so far)
Batch 80/146: 98 priced, 2 not found (7938 total so far)
Batch 81/146: 100 priced, 0 not found (8038 total so far)
Batch 82/146: 99 priced, 1 not found (8137 total so far)
Batch 83/146: 98 priced, 2 not found (8235 total so far)
Batch 84/146: 99 priced, 1 not found (8334 total so far)
Batch 85/146: 98 priced, 2 not found (8432 total so far)
Batch 86/146: 100 priced, 0 not found (8532 total so far)
Batch 87/146: 99 priced, 1 not found (8631 total so far)
Batch 88/146: 100 priced, 0 not found (8731 total so far)
Batch 89/146: 99 priced, 1 not found (8830 total so far)
Batch 90/146: 98 priced, 2 not found (8928 total so far)
Batch 91/146: 99 priced, 1 not found (9027 total so far)
Batch 92/146: 100 priced, 0 not found (9127 total so far)
Batch 93/146: 99 priced, 1 not found (9226 total so far)
Batch 94/146: 100 priced, 0 not found (9326 total so far)
Batch 95/146: 99 priced, 1 not found (9425 total so far)
Batch 96/146: 100 priced, 0 not found (9525 total so far)
Batch 97/146: 99 priced, 1 not found (9624 total so far)
Batch 98/146: 100 priced, 0 not found (9724 total so far)
Batch 99/146: 100 priced, 0 not found (9824 total so far)
Batch 100/146: 98 priced, 2 not found (9922 total so far)
Batch 101/146: 100 priced, 0 not found (10022 total so far)
Batch 102/146: 100 priced, 0 not found (10122 total so far)
Batch 103/146: 97 priced, 3 not found (10219 total so far)
Batch 104/146: 100 priced, 0 not found (10319 total so far)
Batch 105/146: 99 priced, 1 not found (10418 total so far)
Batch 106/146: 98 priced, 2 not found (10516 total so far)
Batch 107/146: 99 priced, 1 not found (10615 total so far)
Batch 108/146: 100 priced, 0 not found (10715 total so far)
Batch 109/146: 100 priced, 0 not found (10815 total so far)
Batch 110/146: 100 priced, 0 not found (10915 total so far)
Batch 111/146: 100 priced, 0 not found (11015 total so far)
Batch 112/146: 100 priced, 0 not found (11115 total so far)
Batch 113/146: 100 priced, 0 not found (11215 total so far)
Batch 114/146: 100 priced, 0 not found (11315 total so far)
Batch 115/146: 99 priced, 1 not found (11414 total so far)
Batch 116/146: 98 priced, 2 not found (11512 total so far)
Batch 117/146: 99 priced, 1 not found (11611 total so far)
Batch 118/146: 100 priced, 0 not found (11711 total so far)
Batch 119/146: 100 priced, 0 not found (11811 total so far)
Batch 120/146: 100 priced, 0 not found (11911 total so far)
Batch 121/146: 100 priced, 0 not found (12011 total so far)
Batch 122/146: 98 priced, 2 not found (12109 total so far)
Batch 123/146: 99 priced, 1 not found (12208 total so far)
Batch 124/146: 99 priced, 1 not found (12307 total so far)
Batch 125/146: 100 priced, 0 not found (12407 total so far)
Batch 126/146: 99 priced, 1 not found (12506 total so far)
Batch 127/146: 100 priced, 0 not found (12606 total so far)
Batch 128/146: 99 priced, 1 not found (12705 total so far)
Batch 129/146: 99 priced, 1 not found (12804 total so far)
Batch 130/146: 100 priced, 0 not found (12904 total so far)
Batch 131/146: 100 priced, 0 not found (13004 total so far)
Batch 132/146: 100 priced, 0 not found (13104 total so far)
Batch 133/146: 99 priced, 1 not found (13203 total so far)
Batch 134/146: 99 priced, 1 not found (13302 total so far)
Batch 135/146: 99 priced, 1 not found (13401 total so far)
Batch 136/146: 99 priced, 1 not found (13500 total so far)
Batch 137/146: 100 priced, 0 not found (13600 total so far)
Batch 138/146: 97 priced, 3 not found (13697 total so far)
Batch 139/146: 100 priced, 0 not found (13797 total so far)
Batch 140/146: 100 priced, 0 not found (13897 total so far)
Batch 141/146: 99 priced, 1 not found (13996 total so far)
Batch 142/146: 100 priced, 0 not found (14096 total so far)
Batch 143/146: 99 priced, 1 not found (14195 total so far)
Batch 144/146: 98 priced, 2 not found (14293 total so far)
Batch 145/146: 99 priced, 1 not found (14392 total so far)
Batch 146/146: 85 priced, 0 not found (14477 total so far)
108 item_ids returned no price data: [
   3718,  3740,  3923,  3925,  4244,  4348,  4355,  4431,  4435,
   4636,  4779,  4798,  4980,  4997,  5056,  5280,  5435,  5632,
   5753,  5810,  5822,  5834,  5913,  5999,  6063,  6143,  6240,
   6312,  7038,  7060,  7345,  7597,  7678,  7715,  7883,  7947,
   8179,  8393,  8692,  8993,  9153,  9325,  9395,  9454,  9746,
   9882, 10074, 10182, 10302, 10371, 10424, 10850, 10926, 10992,
  10996, 11099, 11103, 11309, 11763, 12031, 12144, 12148, 12410,
  12506, 12560, 12674, 12789, 12809, 13009, 13235, 13300, 13304,
  13374, 13630, 13844, 14070, 14346, 14422, 14670, 14682, 14719,
  14881, 14978, 15010, 15090, 15946, 16039, 16107, 16212, 16660,
  16661, 16788, 16917, 17117, 17287, 17467, 17887, 18011, 18092,
  18256,
  ... 8 more items
]
Got prices for 14477 items - inserting into price_history...
Inserted 393550 price rows.
Refreshing current-price views...
 
===== skins 31/08/2026 21:00:01.16 ===== 
Fetching prices for 14585 skin listings...
Batch 1/146: 98 priced, 2 not found (98 total so far)
Batch 2/146: 100 priced, 0 not found (198 total so far)
Batch 3/146: 98 priced, 2 not found (296 total so far)
Batch 4/146: 100 priced, 0 not found (396 total so far)
Batch 5/146: 100 priced, 0 not found (496 total so far)
Batch 6/146: 99 priced, 1 not found (595 total so far)
Batch 7/146: 96 priced, 4 not found (691 total so far)
Batch 8/146: 100 priced, 0 not found (791 total so far)
Batch 9/146: 99 priced, 1 not found (890 total so far)
Batch 10/146: 100 priced, 0 not found (990 total so far)
Batch 11/146: 98 priced, 2 not found (1088 total so far)
Batch 12/146: 100 priced, 0 not found (1188 total so far)
Batch 13/146: 97 priced, 3 not found (1285 total so far)
Batch 14/146: 100 priced, 0 not found (1385 total so far)
Batch 15/146: 100 priced, 0 not found (1485 total so far)
Batch 16/146: 99 priced, 1 not found (1584 total so far)
Batch 17/146: 99 priced, 1 not found (1683 total so far)
Batch 18/146: 100 priced, 0 not found (1783 total so far)
Batch 19/146: 99 priced, 1 not found (1882 total so far)
Batch 20/146: 99 priced, 1 not found (1981 total so far)
Batch 21/146: 97 priced, 3 not found (2078 total so far)
Batch 22/146: 98 priced, 2 not found (2176 total so far)
Batch 23/146: 99 priced, 1 not found (2275 total so far)
Batch 24/146: 99 priced, 1 not found (2374 total so far)
Batch 25/146: 98 priced, 2 not found (2472 total so far)
Batch 26/146: 100 priced, 0 not found (2572 total so far)
Batch 27/146: 100 priced, 0 not found (2672 total so far)
Batch 28/146: 100 priced, 0 not found (2772 total so far)
Batch 29/146: 100 priced, 0 not found (2872 total so far)
Batch 30/146: 100 priced, 0 not found (2972 total so far)
Batch 31/146: 100 priced, 0 not found (3072 total so far)
Batch 32/146: 98 priced, 2 not found (3170 total so far)
Batch 33/146: 100 priced, 0 not found (3270 total so far)
Batch 34/146: 100 priced, 0 not found (3370 total so far)
Batch 35/146: 99 priced, 1 not found (3469 total so far)
Batch 36/146: 100 priced, 0 not found (3569 total so far)
Batch 37/146: 99 priced, 1 not found (3668 total so far)
Batch 38/146: 98 priced, 2 not found (3766 total so far)
Batch 39/146: 100 priced, 0 not found (3866 total so far)
Batch 40/146: 98 priced, 2 not found (3964 total so far)
Batch 41/146: 100 priced, 0 not found (4064 total so far)
Batch 42/146: 100 priced, 0 not found (4164 total so far)
Batch 43/146: 99 priced, 1 not found (4263 total so far)
Batch 44/146: 100 priced, 0 not found (4363 total so far)
Batch 45/146: 99 priced, 1 not found (4462 total so far)
Batch 46/146: 100 priced, 0 not found (4562 total so far)
Batch 47/146: 99 priced, 1 not found (4661 total so far)
Batch 48/146: 100 priced, 0 not found (4761 total so far)
Batch 49/146: 100 priced, 0 not found (4861 total so far)
Batch 50/146: 99 priced, 1 not found (4960 total so far)
Batch 51/146: 100 priced, 0 not found (5060 total so far)
Batch 52/146: 99 priced, 1 not found (5159 total so far)
Batch 53/146: 99 priced, 1 not found (5258 total so far)
Batch 54/146: 99 priced, 1 not found (5357 total so far)
Batch 55/146: 99 priced, 1 not found (5456 total so far)
Batch 56/146: 100 priced, 0 not found (5556 total so far)
Batch 57/146: 99 priced, 1 not found (5655 total so far)
Batch 58/146: 100 priced, 0 not found (5755 total so far)
Batch 59/146: 99 priced, 1 not found (5854 total so far)
Batch 60/146: 100 priced, 0 not found (5954 total so far)
Batch 61/146: 99 priced, 1 not found (6053 total so far)
Batch 62/146: 99 priced, 1 not found (6152 total so far)
Batch 63/146: 99 priced, 1 not found (6251 total so far)
Batch 64/146: 98 priced, 2 not found (6349 total so far)
Batch 65/146: 100 priced, 0 not found (6449 total so far)
Batch 66/146: 100 priced, 0 not found (6549 total so far)
Batch 67/146: 100 priced, 0 not found (6649 total so far)
Batch 68/146: 99 priced, 1 not found (6748 total so far)
Batch 69/146: 97 priced, 3 not found (6845 total so far)
Batch 70/146: 98 priced, 2 not found (6943 total so far)
Batch 71/146: 100 priced, 0 not found (7043 total so far)
Batch 72/146: 99 priced, 1 not found (7142 total so far)
Batch 73/146: 100 priced, 0 not found (7242 total so far)
Batch 74/146: 100 priced, 0 not found (7342 total so far)
Batch 75/146: 100 priced, 0 not found (7442 total so far)
Batch 76/146: 99 priced, 1 not found (7541 total so far)
Batch 77/146: 100 priced, 0 not found (7641 total so far)
Batch 78/146: 100 priced, 0 not found (7741 total so far)
Batch 79/146: 99 priced, 1 not found (7840 total so far)
Batch 80/146: 98 priced, 2 not found (7938 total so far)
Batch 81/146: 100 priced, 0 not found (8038 total so far)
Batch 82/146: 99 priced, 1 not found (8137 total so far)
Batch 83/146: 98 priced, 2 not found (8235 total so far)
Batch 84/146: 99 priced, 1 not found (8334 total so far)
Batch 85/146: 98 priced, 2 not found (8432 total so far)
Batch 86/146: 100 priced, 0 not found (8532 total so far)
Batch 87/146: 99 priced, 1 not found (8631 total so far)
Batch 88/146: 100 priced, 0 not found (8731 total so far)
Batch 89/146: 99 priced, 1 not found (8830 total so far)
Batch 90/146: 98 priced, 2 not found (8928 total so far)
Batch 91/146: 99 priced, 1 not found (9027 total so far)
Batch 92/146: 100 priced, 0 not found (9127 total so far)
Batch 93/146: 99 priced, 1 not found (9226 total so far)
Batch 94/146: 100 priced, 0 not found (9326 total so far)
Batch 95/146: 99 priced, 1 not found (9425 total so far)
Batch 96/146: 100 priced, 0 not found (9525 total so far)
Batch 97/146: 99 priced, 1 not found (9624 total so far)
Batch 98/146: 100 priced, 0 not found (9724 total so far)
Batch 99/146: 100 priced, 0 not found (9824 total so far)
Batch 100/146: 98 priced, 2 not found (9922 total so far)
Batch 101/146: 100 priced, 0 not found (10022 total so far)
Batch 102/146: 100 priced, 0 not found (10122 total so far)
Batch 103/146: 97 priced, 3 not found (10219 total so far)
Batch 104/146: 100 priced, 0 not found (10319 total so far)
Batch 105/146: 99 priced, 1 not found (10418 total so far)
Batch 106/146: 98 priced, 2 not found (10516 total so far)
Batch 107/146: 99 priced, 1 not found (10615 total so far)
Batch 108/146: 100 priced, 0 not found (10715 total so far)
Batch 109/146: 100 priced, 0 not found (10815 total so far)
Batch 110/146: 100 priced, 0 not found (10915 total so far)
Batch 111/146: 100 priced, 0 not found (11015 total so far)
Batch 112/146: 100 priced, 0 not found (11115 total so far)
Batch 113/146: 100 priced, 0 not found (11215 total so far)
Batch 114/146: 100 priced, 0 not found (11315 total so far)
Batch 115/146: 99 priced, 1 not found (11414 total so far)
Batch 116/146: 98 priced, 2 not found (11512 total so far)
Batch 117/146: 99 priced, 1 not found (11611 total so far)
Batch 118/146: 100 priced, 0 not found (11711 total so far)
Batch 119/146: 100 priced, 0 not found (11811 total so far)
Batch 120/146: 100 priced, 0 not found (11911 total so far)
Batch 121/146: 100 priced, 0 not found (12011 total so far)
Batch 122/146: 98 priced, 2 not found (12109 total so far)
Batch 123/146: 99 priced, 1 not found (12208 total so far)
Batch 124/146: 99 priced, 1 not found (12307 total so far)
Batch 125/146: 100 priced, 0 not found (12407 total so far)
Batch 126/146: 99 priced, 1 not found (12506 total so far)
Batch 127/146: 100 priced, 0 not found (12606 total so far)
Batch 128/146: 99 priced, 1 not found (12705 total so far)
Batch 129/146: 99 priced, 1 not found (12804 total so far)
Batch 130/146: 100 priced, 0 not found (12904 total so far)
Batch 131/146: 100 priced, 0 not found (13004 total so far)
Batch 132/146: 100 priced, 0 not found (13104 total so far)
Batch 133/146: 99 priced, 1 not found (13203 total so far)
Batch 134/146: 99 priced, 1 not found (13302 total so far)
Batch 135/146: 99 priced, 1 not found (13401 total so far)
Batch 136/146: 99 priced, 1 not found (13500 total so far)
Batch 137/146: 100 priced, 0 not found (13600 total so far)
Batch 138/146: 97 priced, 3 not found (13697 total so far)
Batch 139/146: 100 priced, 0 not found (13797 total so far)
Batch 140/146: 100 priced, 0 not found (13897 total so far)
Batch 141/146: 99 priced, 1 not found (13996 total so far)
Batch 142/146: 100 priced, 0 not found (14096 total so far)
Batch 143/146: 99 priced, 1 not found (14195 total so far)
Batch 144/146: 98 priced, 2 not found (14293 total so far)
Batch 145/146: 99 priced, 1 not found (14392 total so far)
Batch 146/146: 85 priced, 0 not found (14477 total so far)
108 item_ids returned no price data: [
   3718,  3740,  3923,  3925,  4244,  4348,  4355,  4431,  4435,
   4636,  4779,  4798,  4980,  4997,  5056,  5280,  5435,  5632,
   5753,  5810,  5822,  5834,  5913,  5999,  6063,  6143,  6240,
   6312,  7038,  7060,  7345,  7597,  7678,  7715,  7883,  7947,
   8179,  8393,  8692,  8993,  9153,  9325,  9395,  9454,  9746,
   9882, 10074, 10182, 10302, 10371, 10424, 10850, 10926, 10992,
  10996, 11099, 11103, 11309, 11763, 12031, 12144, 12148, 12410,
  12506, 12560, 12674, 12789, 12809, 13009, 13235, 13300, 13304,
  13374, 13630, 13844, 14070, 14346, 14422, 14670, 14682, 14719,
  14881, 14978, 15010, 15090, 15946, 16039, 16107, 16212, 16660,
  16661, 16788, 16917, 17117, 17287, 17467, 17887, 18011, 18092,
  18256,
  ... 8 more items
]
Got prices for 14477 items - inserting into price_history...
^C 
===== skins 01/09/2026  9:16:31.41 ===== 
Fetching prices for 14585 skin listings...
Batch 1/146: 98 priced, 2 not found (98 total so far)
Batch 2/146: 100 priced, 0 not found (198 total so far)
Batch 3/146: 98 priced, 2 not found (296 total so far)
Batch 4/146: 100 priced, 0 not found (396 total so far)
Batch 5/146: 100 priced, 0 not found (496 total so far)
Batch 6/146: 99 priced, 1 not found (595 total so far)
Batch 7/146: 96 priced, 4 not found (691 total so far)
Batch 8/146: 100 priced, 0 not found (791 total so far)
Batch 9/146: 99 priced, 1 not found (890 total so far)
Batch 10/146: 100 priced, 0 not found (990 total so far)
Batch 11/146: 98 priced, 2 not found (1088 total so far)
Batch 12/146: 100 priced, 0 not found (1188 total so far)
Batch 13/146: 97 priced, 3 not found (1285 total so far)
Batch 14/146: 100 priced, 0 not found (1385 total so far)
Batch 15/146: 100 priced, 0 not found (1485 total so far)
Batch 16/146: 99 priced, 1 not found (1584 total so far)
Batch 17/146: 99 priced, 1 not found (1683 total so far)
Batch 18/146: 100 priced, 0 not found (1783 total so far)
Batch 19/146: 99 priced, 1 not found (1882 total so far)
Batch 20/146: 99 priced, 1 not found (1981 total so far)
Batch 21/146: 97 priced, 3 not found (2078 total so far)
Batch 22/146: 98 priced, 2 not found (2176 total so far)
Batch 23/146: 99 priced, 1 not found (2275 total so far)
Batch 24/146: 99 priced, 1 not found (2374 total so far)
Batch 25/146: 98 priced, 2 not found (2472 total so far)
Batch 26/146: 100 priced, 0 not found (2572 total so far)
Batch 27/146: 100 priced, 0 not found (2672 total so far)
Batch 28/146: 100 priced, 0 not found (2772 total so far)
Batch 29/146: 100 priced, 0 not found (2872 total so far)
Batch 30/146: 100 priced, 0 not found (2972 total so far)
Batch 31/146: 100 priced, 0 not found (3072 total so far)
Batch 32/146: 98 priced, 2 not found (3170 total so far)
Batch 33/146: 100 priced, 0 not found (3270 total so far)
Batch 34/146: 100 priced, 0 not found (3370 total so far)
Batch 35/146: 99 priced, 1 not found (3469 total so far)
Batch 36/146: 100 priced, 0 not found (3569 total so far)
Batch 37/146: 99 priced, 1 not found (3668 total so far)
Batch 38/146: 98 priced, 2 not found (3766 total so far)
Batch 39/146: 100 priced, 0 not found (3866 total so far)
Batch 40/146: 98 priced, 2 not found (3964 total so far)
Batch 41/146: 100 priced, 0 not found (4064 total so far)
Batch 42/146: 100 priced, 0 not found (4164 total so far)
Batch 43/146: 99 priced, 1 not found (4263 total so far)
Batch 44/146: 100 priced, 0 not found (4363 total so far)
Batch 45/146: 99 priced, 1 not found (4462 total so far)
Batch 46/146: 100 priced, 0 not found (4562 total so far)
Batch 47/146: 99 priced, 1 not found (4661 total so far)
Batch 48/146: 100 priced, 0 not found (4761 total so far)
Batch 49/146: 100 priced, 0 not found (4861 total so far)
Batch 50/146: 99 priced, 1 not found (4960 total so far)
Batch 51/146: 100 priced, 0 not found (5060 total so far)
Batch 52/146: 99 priced, 1 not found (5159 total so far)
Batch 53/146: 99 priced, 1 not found (5258 total so far)
Batch 54/146: 99 priced, 1 not found (5357 total so far)
Batch 55/146: 99 priced, 1 not found (5456 total so far)
Batch 56/146: 100 priced, 0 not found (5556 total so far)
Batch 57/146: 99 priced, 1 not found (5655 total so far)
Batch 58/146: 100 priced, 0 not found (5755 total so far)
Batch 59/146: 99 priced, 1 not found (5854 total so far)
Batch 60/146: 100 priced, 0 not found (5954 total so far)
Batch 61/146: 99 priced, 1 not found (6053 total so far)
Batch 62/146: 99 priced, 1 not found (6152 total so far)
Batch 63/146: 99 priced, 1 not found (6251 total so far)
Batch 64/146: 98 priced, 2 not found (6349 total so far)
Batch 65/146: 100 priced, 0 not found (6449 total so far)
Batch 66/146: 100 priced, 0 not found (6549 total so far)
Batch 67/146: 100 priced, 0 not found (6649 total so far)
Batch 68/146: 99 priced, 1 not found (6748 total so far)
Batch 69/146: 97 priced, 3 not found (6845 total so far)
Batch 70/146: 98 priced, 2 not found (6943 total so far)
Batch 71/146: 100 priced, 0 not found (7043 total so far)
Batch 72/146: 99 priced, 1 not found (7142 total so far)
Batch 73/146: 99 priced, 1 not found (7241 total so far)
Batch 74/146: 100 priced, 0 not found (7341 total so far)
Batch 75/146: 100 priced, 0 not found (7441 total so far)
Batch 76/146: 99 priced, 1 not found (7540 total so far)
Batch 77/146: 100 priced, 0 not found (7640 total so far)
Batch 78/146: 100 priced, 0 not found (7740 total so far)
Batch 79/146: 99 priced, 1 not found (7839 total so far)
Batch 80/146: 98 priced, 2 not found (7937 total so far)
Batch 81/146: 100 priced, 0 not found (8037 total so far)
Batch 82/146: 99 priced, 1 not found (8136 total so far)
Batch 83/146: 98 priced, 2 not found (8234 total so far)
Batch 84/146: 99 priced, 1 not found (8333 total so far)
Batch 85/146: 98 priced, 2 not found (8431 total so far)
Batch 86/146: 100 priced, 0 not found (8531 total so far)
Batch 87/146: 99 priced, 1 not found (8630 total so far)
Batch 88/146: 100 priced, 0 not found (8730 total so far)
Batch 89/146: 99 priced, 1 not found (8829 total so far)
Batch 90/146: 98 priced, 2 not found (8927 total so far)
Batch 91/146: 99 priced, 1 not found (9026 total so far)
Batch 92/146: 100 priced, 0 not found (9126 total so far)
Batch 93/146: 98 priced, 2 not found (9224 total so far)
Batch 94/146: 100 priced, 0 not found (9324 total so far)
Batch 95/146: 99 priced, 1 not found (9423 total so far)
Batch 96/146: 100 priced, 0 not found (9523 total so far)
Batch 97/146: 99 priced, 1 not found (9622 total so far)
Batch 98/146: 100 priced, 0 not found (9722 total so far)
Batch 99/146: 100 priced, 0 not found (9822 total so far)
Batch 100/146: 98 priced, 2 not found (9920 total so far)
Batch 101/146: 100 priced, 0 not found (10020 total so far)
Batch 102/146: 100 priced, 0 not found (10120 total so far)
Batch 103/146: 97 priced, 3 not found (10217 total so far)
Batch 104/146: 100 priced, 0 not found (10317 total so far)
^C 
===== items 01/09/2026 10:00:02.65 ===== 
Fetching prices for 13360 non-skin items (agents, charms, patches, music kits, graffiti, stickers, collectibles)...
Batch 1/134: 100 priced, 0 not found (100 total so far)
Batch 2/134: 100 priced, 0 not found (200 total so far)
Batch 3/134: 100 priced, 0 not found (300 total so far)
Batch 4/134: 100 priced, 0 not found (400 total so far)
Batch 5/134: 100 priced, 0 not found (500 total so far)
Batch 6/134: 100 priced, 0 not found (600 total so far)
Batch 7/134: 100 priced, 0 not found (700 total so far)
Batch 8/134: 100 priced, 0 not found (800 total so far)
Batch 9/134: 100 priced, 0 not found (900 total so far)
Batch 10/134: 100 priced, 0 not found (1000 total so far)
Batch 11/134: 100 priced, 0 not found (1100 total so far)
Batch 12/134: 100 priced, 0 not found (1200 total so far)
Batch 13/134: 100 priced, 0 not found (1300 total so far)
Batch 14/134: 100 priced, 0 not found (1400 total so far)
Batch 15/134: 100 priced, 0 not found (1500 total so far)
Batch 16/134: 100 priced, 0 not found (1600 total so far)
Batch 17/134: 100 priced, 0 not found (1700 total so far)
Batch 18/134: 100 priced, 0 not found (1800 total so far)
Batch 19/134: 100 priced, 0 not found (1900 total so far)
Batch 20/134: 100 priced, 0 not found (2000 total so far)
Batch 21/134: 100 priced, 0 not found (2100 total so far)
Batch 22/134: 97 priced, 3 not found (2197 total so far)
Batch 23/134: 99 priced, 1 not found (2296 total so far)
Batch 24/134: 98 priced, 2 not found (2394 total so far)
Batch 25/134: 97 priced, 3 not found (2491 total so far)
Batch 26/134: 98 priced, 2 not found (2589 total so far)
Batch 27/134: 98 priced, 2 not found (2687 total so far)
Batch 28/134: 97 priced, 3 not found (2784 total so far)
Batch 29/134: 98 priced, 2 not found (2882 total so far)
Batch 30/134: 97 priced, 3 not found (2979 total so far)
Batch 31/134: 97 priced, 3 not found (3076 total so far)
Batch 32/134: 97 priced, 3 not found (3173 total so far)
Batch 33/134: 96 priced, 4 not found (3269 total so far)
Batch 34/134: 97 priced, 3 not found (3366 total so far)
Batch 35/134: 97 priced, 3 not found (3463 total so far)
Batch 36/134: 92 priced, 8 not found (3555 total so far)
Batch 37/134: 95 priced, 5 not found (3650 total so far)
Batch 38/134: 97 priced, 3 not found (3747 total so far)
Batch 39/134: 94 priced, 6 not found (3841 total so far)
Batch 40/134: 97 priced, 3 not found (3938 total so far)
Batch 41/134: 91 priced, 9 not found (4029 total so far)
Batch 42/134: 79 priced, 21 not found (4108 total so far)
Batch 43/134: 71 priced, 29 not found (4179 total so far)
Batch 44/134: 74 priced, 26 not found (4253 total so far)
Batch 45/134: 70 priced, 30 not found (4323 total so far)
Batch 46/134: 66 priced, 34 not found (4389 total so far)
Batch 47/134: 72 priced, 28 not found (4461 total so far)
Batch 48/134: 74 priced, 26 not found (4535 total so far)
Batch 49/134: 70 priced, 30 not found (4605 total so far)
Batch 50/134: 68 priced, 32 not found (4673 total so far)
Batch 51/134: 79 priced, 21 not found (4752 total so far)
Batch 52/134: 100 priced, 0 not found (4852 total so far)
Batch 53/134: 100 priced, 0 not found (4952 total so far)
Batch 54/134: 88 priced, 12 not found (5040 total so far)
Batch 55/134: 68 priced, 32 not found (5108 total so far)
Batch 56/134: 97 priced, 3 not found (5205 total so far)
Batch 57/134: 100 priced, 0 not found (5305 total so far)
Batch 58/134: 100 priced, 0 not found (5405 total so far)
Batch 59/134: 99 priced, 1 not found (5504 total so far)
Batch 60/134: 79 priced, 21 not found (5583 total so far)
Batch 61/134: 88 priced, 12 not found (5671 total so far)
Batch 62/134: 97 priced, 3 not found (5768 total so far)
Batch 63/134: 98 priced, 2 not found (5866 total so far)
Batch 64/134: 98 priced, 2 not found (5964 total so far)
Batch 65/134: 89 priced, 11 not found (6053 total so far)
Batch 66/134: 82 priced, 18 not found (6135 total so far)
Batch 67/134: 100 priced, 0 not found (6235 total so far)
Batch 68/134: 100 priced, 0 not found (6335 total so far)
Batch 69/134: 98 priced, 2 not found (6433 total so far)
Batch 70/134: 97 priced, 3 not found (6530 total so far)
Batch 71/134: 76 priced, 24 not found (6606 total so far)
Batch 72/134: 90 priced, 10 not found (6696 total so far)
Batch 73/134: 97 priced, 3 not found (6793 total so far)
Batch 74/134: 97 priced, 3 not found (6890 total so far)
Batch 75/134: 97 priced, 3 not found (6987 total so far)
Batch 76/134: 95 priced, 5 not found (7082 total so far)
Batch 77/134: 97 priced, 3 not found (7179 total so far)
Batch 78/134: 97 priced, 3 not found (7276 total so far)
Batch 79/134: 97 priced, 3 not found (7373 total so far)
Batch 80/134: 96 priced, 4 not found (7469 total so far)
Batch 81/134: 94 priced, 6 not found (7563 total so far)
Batch 82/134: 97 priced, 3 not found (7660 total so far)
Batch 83/134: 97 priced, 3 not found (7757 total so far)
Batch 84/134: 96 priced, 4 not found (7853 total so far)
Batch 85/134: 97 priced, 3 not found (7950 total so far)
Batch 86/134: 97 priced, 3 not found (8047 total so far)
Batch 87/134: 97 priced, 3 not found (8144 total so far)
Batch 88/134: 97 priced, 3 not found (8241 total so far)
Batch 89/134: 97 priced, 3 not found (8338 total so far)
Batch 90/134: 97 priced, 3 not found (8435 total so far)
Batch 91/134: 96 priced, 4 not found (8531 total so far)
Batch 92/134: 96 priced, 4 not found (8627 total so far)
Batch 93/134: 97 priced, 3 not found (8724 total so far)
Batch 94/134: 97 priced, 3 not found (8821 total so far)
Batch 95/134: 97 priced, 3 not found (8918 total so far)
Batch 96/134: 97 priced, 3 not found (9015 total so far)
Batch 97/134: 97 priced, 3 not found (9112 total so far)
Batch 98/134: 97 priced, 3 not found (9209 total so far)
Batch 99/134: 97 priced, 3 not found (9306 total so far)
Batch 100/134: 97 priced, 3 not found (9403 total so far)
Batch 101/134: 96 priced, 4 not found (9499 total so far)
Batch 102/134: 97 priced, 3 not found (9596 total so far)
Batch 103/134: 97 priced, 3 not found (9693 total so far)
Batch 104/134: 97 priced, 3 not found (9790 total so far)
Batch 105/134: 96 priced, 4 not found (9886 total so far)
Batch 106/134: 97 priced, 3 not found (9983 total so far)
Batch 107/134: 97 priced, 3 not found (10080 total so far)
Batch 108/134: 97 priced, 3 not found (10177 total so far)
Batch 109/134: 97 priced, 3 not found (10274 total so far)
Batch 110/134: 97 priced, 3 not found (10371 total so far)
Batch 111/134: 97 priced, 3 not found (10468 total so far)
Batch 112/134: 95 priced, 5 not found (10563 total so far)
Batch 113/134: 97 priced, 3 not found (10660 total so far)
Batch 114/134: 97 priced, 3 not found (10757 total so far)
Batch 115/134: 96 priced, 4 not found (10853 total so far)
Batch 116/134: 96 priced, 4 not found (10949 total so far)
Batch 117/134: 96 priced, 4 not found (11045 total so far)
Batch 118/134: 96 priced, 4 not found (11141 total so far)
Batch 119/134: 95 priced, 5 not found (11236 total so far)
Batch 120/134: 96 priced, 4 not found (11332 total so far)
Batch 121/134: 96 priced, 4 not found (11428 total so far)
Batch 122/134: 97 priced, 3 not found (11525 total so far)
Batch 123/134: 95 priced, 5 not found (11620 total so far)
Batch 124/134: 96 priced, 4 not found (11716 total so far)
Batch 125/134: 96 priced, 4 not found (11812 total so far)
Batch 126/134: 96 priced, 4 not found (11908 total so far)
Batch 127/134: 96 priced, 4 not found (12004 total so far)
Batch 128/134: 96 priced, 4 not found (12100 total so far)
Batch 129/134: 96 priced, 4 not found (12196 total so far)
Batch 130/134: 99 priced, 1 not found (12295 total so far)
Batch 131/134: 99 priced, 1 not found (12394 total so far)
Batch 132/134: 99 priced, 1 not found (12493 total so far)
Batch 133/134: 100 priced, 0 not found (12593 total so far)
Batch 134/134: 60 priced, 0 not found (12653 total so far)
707 item_ids returned no price data: [
  37622, 37623, 37624, 37625, 37626, 37627, 37628, 37629,
  37630, 37631, 37632, 37633, 37634, 37635, 37636, 37637,
  37638, 37639, 37640, 37641, 37642, 37643, 37644, 37645,
  37646, 37647, 37648, 37649, 37650, 37651, 37652, 37653,
  37654, 37655, 37656, 37657, 37658, 37659, 41050, 37660,
  41068, 41077, 41086, 37661, 41098, 41113, 37662, 37663,
  41182, 37664, 37665, 37666, 37667, 37668, 41308, 41325,
  37669, 37670, 41377, 37671, 37672, 37673, 41476, 41479,
  37674, 37675, 41521, 41530, 41542, 37676, 41551, 37677,
  41596, 37678, 37679, 37680, 37681, 37682, 37683, 37684,
  37685, 37686, 37687, 37688, 37689, 37690, 37691, 37692,
  37693, 37694, 37695, 37696, 37697, 37698, 37699, 37700,
  37701, 37702, 37703, 37704,
  ... 607 more items
]
Got prices for 12653 items - inserting into item_price_history...
Inserted 242943 price rows.
Refreshing current-price views...
 
===== skins 01/09/2026 12:00:01.59 ===== 
Fetching prices for 14585 skin listings...
Batch 1/146: 98 priced, 2 not found (98 total so far)
Batch 2/146: 100 priced, 0 not found (198 total so far)
Batch 3/146: 98 priced, 2 not found (296 total so far)
Batch 4/146: 100 priced, 0 not found (396 total so far)
Batch 5/146: 100 priced, 0 not found (496 total so far)
Batch 6/146: 99 priced, 1 not found (595 total so far)
Batch 7/146: 96 priced, 4 not found (691 total so far)
Batch 8/146: 100 priced, 0 not found (791 total so far)
Batch 9/146: 99 priced, 1 not found (890 total so far)
Batch 10/146: 100 priced, 0 not found (990 total so far)
Batch 11/146: 98 priced, 2 not found (1088 total so far)
Batch 12/146: 100 priced, 0 not found (1188 total so far)
Batch 13/146: 97 priced, 3 not found (1285 total so far)
Batch 14/146: 100 priced, 0 not found (1385 total so far)
Batch 15/146: 100 priced, 0 not found (1485 total so far)
Batch 16/146: 99 priced, 1 not found (1584 total so far)
Batch 17/146: 99 priced, 1 not found (1683 total so far)
Batch 18/146: 100 priced, 0 not found (1783 total so far)
Batch 19/146: 99 priced, 1 not found (1882 total so far)
Batch 20/146: 99 priced, 1 not found (1981 total so far)
Batch 21/146: 97 priced, 3 not found (2078 total so far)
Batch 22/146: 98 priced, 2 not found (2176 total so far)
Batch 23/146: 99 priced, 1 not found (2275 total so far)
Batch 24/146: 99 priced, 1 not found (2374 total so far)
Batch 25/146: 98 priced, 2 not found (2472 total so far)
Batch 26/146: 100 priced, 0 not found (2572 total so far)
Batch 27/146: 100 priced, 0 not found (2672 total so far)
Batch 28/146: 100 priced, 0 not found (2772 total so far)
Batch 29/146: 100 priced, 0 not found (2872 total so far)
Batch 30/146: 100 priced, 0 not found (2972 total so far)
Batch 31/146: 100 priced, 0 not found (3072 total so far)
Batch 32/146: 98 priced, 2 not found (3170 total so far)
Batch 33/146: 100 priced, 0 not found (3270 total so far)
Batch 34/146: 100 priced, 0 not found (3370 total so far)
Batch 35/146: 99 priced, 1 not found (3469 total so far)
Batch 36/146: 100 priced, 0 not found (3569 total so far)
Batch 37/146: 99 priced, 1 not found (3668 total so far)
Batch 38/146: 98 priced, 2 not found (3766 total so far)
Batch 39/146: 100 priced, 0 not found (3866 total so far)
Batch 40/146: 98 priced, 2 not found (3964 total so far)
Batch 41/146: 100 priced, 0 not found (4064 total so far)
Batch 42/146: 100 priced, 0 not found (4164 total so far)
Batch 43/146: 99 priced, 1 not found (4263 total so far)
Batch 44/146: 100 priced, 0 not found (4363 total so far)
Batch 45/146: 99 priced, 1 not found (4462 total so far)
Batch 46/146: 100 priced, 0 not found (4562 total so far)
Batch 47/146: 99 priced, 1 not found (4661 total so far)
Batch 48/146: 100 priced, 0 not found (4761 total so far)
Batch 49/146: 100 priced, 0 not found (4861 total so far)
Batch 50/146: 99 priced, 1 not found (4960 total so far)
Batch 51/146: 100 priced, 0 not found (5060 total so far)
Batch 52/146: 99 priced, 1 not found (5159 total so far)
Batch 53/146: 99 priced, 1 not found (5258 total so far)
Batch 54/146: 99 priced, 1 not found (5357 total so far)
Batch 55/146: 99 priced, 1 not found (5456 total so far)
Batch 56/146: 100 priced, 0 not found (5556 total so far)
Batch 57/146: 99 priced, 1 not found (5655 total so far)
Batch 58/146: 100 priced, 0 not found (5755 total so far)
Batch 59/146: 99 priced, 1 not found (5854 total so far)
Batch 60/146: 100 priced, 0 not found (5954 total so far)
Batch 61/146: 99 priced, 1 not found (6053 total so far)
Batch 62/146: 99 priced, 1 not found (6152 total so far)
Batch 63/146: 99 priced, 1 not found (6251 total so far)
Batch 64/146: 98 priced, 2 not found (6349 total so far)
Batch 65/146: 100 priced, 0 not found (6449 total so far)
Batch 66/146: 100 priced, 0 not found (6549 total so far)
Batch 67/146: 100 priced, 0 not found (6649 total so far)
Batch 68/146: 99 priced, 1 not found (6748 total so far)
Batch 69/146: 97 priced, 3 not found (6845 total so far)
Batch 70/146: 98 priced, 2 not found (6943 total so far)
Batch 71/146: 100 priced, 0 not found (7043 total so far)
Batch 72/146: 99 priced, 1 not found (7142 total so far)
Batch 73/146: 99 priced, 1 not found (7241 total so far)
Batch 74/146: 100 priced, 0 not found (7341 total so far)
Batch 75/146: 100 priced, 0 not found (7441 total so far)
Batch 76/146: 99 priced, 1 not found (7540 total so far)
Batch 77/146: 100 priced, 0 not found (7640 total so far)
Batch 78/146: 100 priced, 0 not found (7740 total so far)
Batch 79/146: 99 priced, 1 not found (7839 total so far)
Batch 80/146: 98 priced, 2 not found (7937 total so far)
Batch 81/146: 100 priced, 0 not found (8037 total so far)
Batch 82/146: 99 priced, 1 not found (8136 total so far)
Batch 83/146: 98 priced, 2 not found (8234 total so far)
Batch 84/146: 99 priced, 1 not found (8333 total so far)
Batch 85/146: 98 priced, 2 not found (8431 total so far)
Batch 86/146: 100 priced, 0 not found (8531 total so far)
Batch 87/146: 99 priced, 1 not found (8630 total so far)
Batch 88/146: 100 priced, 0 not found (8730 total so far)
Batch 89/146: 99 priced, 1 not found (8829 total so far)
Batch 90/146: 98 priced, 2 not found (8927 total so far)
Batch 91/146: 99 priced, 1 not found (9026 total so far)
Batch 92/146: 100 priced, 0 not found (9126 total so far)
Batch 93/146: 98 priced, 2 not found (9224 total so far)
Batch 94/146: 100 priced, 0 not found (9324 total so far)
Batch 95/146: 99 priced, 1 not found (9423 total so far)
Batch 96/146: 100 priced, 0 not found (9523 total so far)
Batch 97/146: 99 priced, 1 not found (9622 total so far)
Batch 98/146: 100 priced, 0 not found (9722 total so far)
Batch 99/146: 100 priced, 0 not found (9822 total so far)
Batch 100/146: 98 priced, 2 not found (9920 total so far)
Batch 101/146: 100 priced, 0 not found (10020 total so far)
Batch 102/146: 100 priced, 0 not found (10120 total so far)
Batch 103/146: 97 priced, 3 not found (10217 total so far)
Batch 104/146: 100 priced, 0 not found (10317 total so far)
Batch 105/146: 99 priced, 1 not found (10416 total so far)
Batch 106/146: 98 priced, 2 not found (10514 total so far)
Batch 107/146: 99 priced, 1 not found (10613 total so far)
Batch 108/146: 100 priced, 0 not found (10713 total so far)
Batch 109/146: 100 priced, 0 not found (10813 total so far)
Batch 110/146: 100 priced, 0 not found (10913 total so far)
Batch 111/146: 100 priced, 0 not found (11013 total so far)
Batch 112/146: 100 priced, 0 not found (11113 total so far)
Batch 113/146: 100 priced, 0 not found (11213 total so far)
Batch 114/146: 100 priced, 0 not found (11313 total so far)
^C 
===== skins 01/09/2026 12:16:31.86 ===== 
Fetching prices for 14585 skin listings...
Batch 1/146: 98 priced, 2 not found (98 total so far)
Batch 2/146: 100 priced, 0 not found (198 total so far)
Batch 3/146: 98 priced, 2 not found (296 total so far)
Batch 4/146: 100 priced, 0 not found (396 total so far)
Batch 5/146: 100 priced, 0 not found (496 total so far)
Batch 6/146: 99 priced, 1 not found (595 total so far)
Batch 7/146: 96 priced, 4 not found (691 total so far)
Batch 8/146: 100 priced, 0 not found (791 total so far)
Batch 9/146: 99 priced, 1 not found (890 total so far)
Batch 10/146: 100 priced, 0 not found (990 total so far)
Batch 11/146: 98 priced, 2 not found (1088 total so far)
Batch 12/146: 100 priced, 0 not found (1188 total so far)
Batch 13/146: 97 priced, 3 not found (1285 total so far)
Batch 14/146: 100 priced, 0 not found (1385 total so far)
Batch 15/146: 100 priced, 0 not found (1485 total so far)
Batch 16/146: 99 priced, 1 not found (1584 total so far)
Batch 17/146: 99 priced, 1 not found (1683 total so far)
Batch 18/146: 100 priced, 0 not found (1783 total so far)
Batch 19/146: 99 priced, 1 not found (1882 total so far)
Batch 20/146: 99 priced, 1 not found (1981 total so far)
Batch 21/146: 97 priced, 3 not found (2078 total so far)
Batch 22/146: 98 priced, 2 not found (2176 total so far)
Batch 23/146: 99 priced, 1 not found (2275 total so far)
Batch 24/146: 99 priced, 1 not found (2374 total so far)
Batch 25/146: 98 priced, 2 not found (2472 total so far)
Batch 26/146: 100 priced, 0 not found (2572 total so far)
Batch 27/146: 100 priced, 0 not found (2672 total so far)
Batch 28/146: 100 priced, 0 not found (2772 total so far)
Batch 29/146: 100 priced, 0 not found (2872 total so far)
Batch 30/146: 100 priced, 0 not found (2972 total so far)
Batch 31/146: 100 priced, 0 not found (3072 total so far)
Batch 32/146: 98 priced, 2 not found (3170 total so far)
Batch 33/146: 100 priced, 0 not found (3270 total so far)
Batch 34/146: 100 priced, 0 not found (3370 total so far)
Batch 35/146: 99 priced, 1 not found (3469 total so far)
Batch 36/146: 100 priced, 0 not found (3569 total so far)
Batch 37/146: 99 priced, 1 not found (3668 total so far)
Batch 38/146: 98 priced, 2 not found (3766 total so far)
Batch 39/146: 100 priced, 0 not found (3866 total so far)
Batch 40/146: 98 priced, 2 not found (3964 total so far)
Batch 41/146: 100 priced, 0 not found (4064 total so far)
Batch 42/146: 100 priced, 0 not found (4164 total so far)
Batch 43/146: 99 priced, 1 not found (4263 total so far)
Batch 44/146: 100 priced, 0 not found (4363 total so far)
Batch 45/146: 99 priced, 1 not found (4462 total so far)
Batch 46/146: 100 priced, 0 not found (4562 total so far)
Batch 47/146: 99 priced, 1 not found (4661 total so far)
Batch 48/146: 100 priced, 0 not found (4761 total so far)
Batch 49/146: 100 priced, 0 not found (4861 total so far)
Batch 50/146: 99 priced, 1 not found (4960 total so far)
Batch 51/146: 100 priced, 0 not found (5060 total so far)
Batch 52/146: 99 priced, 1 not found (5159 total so far)
Batch 53/146: 99 priced, 1 not found (5258 total so far)
Batch 54/146: 99 priced, 1 not found (5357 total so far)
Batch 55/146: 99 priced, 1 not found (5456 total so far)
Batch 56/146: 100 priced, 0 not found (5556 total so far)
Batch 57/146: 99 priced, 1 not found (5655 total so far)
Batch 58/146: 100 priced, 0 not found (5755 total so far)
Batch 59/146: 99 priced, 1 not found (5854 total so far)
Batch 60/146: 100 priced, 0 not found (5954 total so far)
Batch 61/146: 99 priced, 1 not found (6053 total so far)
Batch 62/146: 99 priced, 1 not found (6152 total so far)
Batch 63/146: 99 priced, 1 not found (6251 total so far)
Batch 64/146: 98 priced, 2 not found (6349 total so far)
Batch 65/146: 100 priced, 0 not found (6449 total so far)
Batch 66/146: 100 priced, 0 not found (6549 total so far)
Batch 67/146: 100 priced, 0 not found (6649 total so far)
Batch 68/146: 99 priced, 1 not found (6748 total so far)
Batch 69/146: 97 priced, 3 not found (6845 total so far)
Batch 70/146: 98 priced, 2 not found (6943 total so far)
Batch 71/146: 100 priced, 0 not found (7043 total so far)
Batch 72/146: 99 priced, 1 not found (7142 total so far)
Batch 73/146: 99 priced, 1 not found (7241 total so far)
Batch 74/146: 100 priced, 0 not found (7341 total so far)
Batch 75/146: 100 priced, 0 not found (7441 total so far)
Batch 76/146: 99 priced, 1 not found (7540 total so far)
Batch 77/146: 100 priced, 0 not found (7640 total so far)
Batch 78/146: 100 priced, 0 not found (7740 total so far)
Batch 79/146: 99 priced, 1 not found (7839 total so far)
Batch 80/146: 98 priced, 2 not found (7937 total so far)
Batch 81/146: 100 priced, 0 not found (8037 total so far)
Batch 82/146: 99 priced, 1 not found (8136 total so far)
Batch 83/146: 98 priced, 2 not found (8234 total so far)
Batch 84/146: 99 priced, 1 not found (8333 total so far)
Batch 85/146: 98 priced, 2 not found (8431 total so far)
Batch 86/146: 100 priced, 0 not found (8531 total so far)
Batch 87/146: 99 priced, 1 not found (8630 total so far)
Batch 88/146: 100 priced, 0 not found (8730 total so far)
Batch 89/146: 99 priced, 1 not found (8829 total so far)
Batch 90/146: 98 priced, 2 not found (8927 total so far)
Batch 91/146: 99 priced, 1 not found (9026 total so far)
Batch 92/146: 100 priced, 0 not found (9126 total so far)
Batch 93/146: 98 priced, 2 not found (9224 total so far)
Batch 94/146: 100 priced, 0 not found (9324 total so far)
Batch 95/146: 99 priced, 1 not found (9423 total so far)
Batch 96/146: 100 priced, 0 not found (9523 total so far)
Batch 97/146: 99 priced, 1 not found (9622 total so far)
Batch 98/146: 100 priced, 0 not found (9722 total so far)
Batch 99/146: 100 priced, 0 not found (9822 total so far)
Batch 100/146: 98 priced, 2 not found (9920 total so far)
Batch 101/146: 100 priced, 0 not found (10020 total so far)
Batch 102/146: 100 priced, 0 not found (10120 total so far)
Batch 103/146: 97 priced, 3 not found (10217 total so far)
Batch 104/146: 100 priced, 0 not found (10317 total so far)
Batch 105/146: 99 priced, 1 not found (10416 total so far)
Batch 106/146: 98 priced, 2 not found (10514 total so far)
Batch 107/146: 99 priced, 1 not found (10613 total so far)
Batch 108/146: 100 priced, 0 not found (10713 total so far)
Batch 109/146: 100 priced, 0 not found (10813 total so far)
Batch 110/146: 100 priced, 0 not found (10913 total so far)
Batch 111/146: 100 priced, 0 not found (11013 total so far)
Batch 112/146: 100 priced, 0 not found (11113 total so far)
Batch 113/146: 100 priced, 0 not found (11213 total so far)
Batch 114/146: 100 priced, 0 not found (11313 total so far)
Batch 115/146: 99 priced, 1 not found (11412 total so far)
Batch 116/146: 98 priced, 2 not found (11510 total so far)
Batch 117/146: 99 priced, 1 not found (11609 total so far)
Batch 118/146: 100 priced, 0 not found (11709 total so far)
Batch 119/146: 100 priced, 0 not found (11809 total so far)
Batch 120/146: 100 priced, 0 not found (11909 total so far)
Batch 121/146: 100 priced, 0 not found (12009 total so far)
Batch 122/146: 98 priced, 2 not found (12107 total so far)
Batch 123/146: 99 priced, 1 not found (12206 total so far)
Batch 124/146: 99 priced, 1 not found (12305 total so far)
Batch 125/146: 100 priced, 0 not found (12405 total so far)
Batch 126/146: 99 priced, 1 not found (12504 total so far)
Batch 127/146: 100 priced, 0 not found (12604 total so far)
Batch 128/146: 99 priced, 1 not found (12703 total so far)
Batch 129/146: 99 priced, 1 not found (12802 total so far)
Batch 130/146: 100 priced, 0 not found (12902 total so far)
Batch 131/146: 100 priced, 0 not found (13002 total so far)
Batch 132/146: 100 priced, 0 not found (13102 total so far)
Batch 133/146: 99 priced, 1 not found (13201 total so far)
Batch 134/146: 99 priced, 1 not found (13300 total so far)
Batch 135/146: 99 priced, 1 not found (13399 total so far)
Batch 136/146: 99 priced, 1 not found (13498 total so far)
Batch 137/146: 100 priced, 0 not found (13598 total so far)
Batch 138/146: 97 priced, 3 not found (13695 total so far)
Batch 139/146: 100 priced, 0 not found (13795 total so far)
Batch 140/146: 100 priced, 0 not found (13895 total so far)
Batch 141/146: 99 priced, 1 not found (13994 total so far)
Batch 142/146: 100 priced, 0 not found (14094 total so far)
Batch 143/146: 99 priced, 1 not found (14193 total so far)
Batch 144/146: 98 priced, 2 not found (14291 total so far)
Batch 145/146: 99 priced, 1 not found (14390 total so far)
Batch 146/146: 85 priced, 0 not found (14475 total so far)
110 item_ids returned no price data: [
   3718,  3740,  3923,  3925,  4244,  4348,  4355,  4431,  4435,
   4636,  4779,  4798,  4980,  4997,  5056,  5280,  5435,  5632,
   5753,  5810,  5822,  5834,  5913,  5999,  6063,  6143,  6240,
   6312,  7038,  7060,  7345,  7597,  7678,  7715,  7883,  7947,
   8179,  8393,  8692,  8993,  9153,  9325,  9395,  9454,  9746,
   9882, 10074, 10182, 10302, 10371, 10424, 10850, 10926, 10992,
  10996, 11099, 11103, 11309, 11390, 11763, 12031, 12144, 12148,
  12410, 12506, 12560, 12674, 12789, 12809, 13009, 13235, 13300,
  13304, 13374, 13618, 13630, 13844, 14070, 14346, 14422, 14670,
  14682, 14719, 14881, 14978, 15010, 15090, 15946, 16039, 16107,
  16212, 16660, 16661, 16788, 16917, 17117, 17287, 17467, 17887,
  18011,
  ... 10 more items
]
Got prices for 14475 items - inserting into price_history...
Inserted 397839 price rows.
Refreshing current-price views...
 
===== skins 01/09/2026 15:00:01.18 ===== 
Fetching prices for 14585 skin listings...
Batch 1/146: 98 priced, 2 not found (98 total so far)
Batch 2/146: 100 priced, 0 not found (198 total so far)
Batch 3/146: 98 priced, 2 not found (296 total so far)
Batch 4/146: 100 priced, 0 not found (396 total so far)
Batch 5/146: 100 priced, 0 not found (496 total so far)
Batch 6/146: 99 priced, 1 not found (595 total so far)
Batch 7/146: 96 priced, 4 not found (691 total so far)
Batch 8/146: 100 priced, 0 not found (791 total so far)
Batch 9/146: 99 priced, 1 not found (890 total so far)
Batch 10/146: 100 priced, 0 not found (990 total so far)
Batch 11/146: 98 priced, 2 not found (1088 total so far)
Batch 12/146: 100 priced, 0 not found (1188 total so far)
Batch 13/146: 97 priced, 3 not found (1285 total so far)
Batch 14/146: 100 priced, 0 not found (1385 total so far)
Batch 15/146: 100 priced, 0 not found (1485 total so far)
Batch 16/146: 99 priced, 1 not found (1584 total so far)
Batch 17/146: 99 priced, 1 not found (1683 total so far)
Batch 18/146: 100 priced, 0 not found (1783 total so far)
Batch 19/146: 99 priced, 1 not found (1882 total so far)
Batch 20/146: 99 priced, 1 not found (1981 total so far)
Batch 21/146: 97 priced, 3 not found (2078 total so far)
Batch 22/146: 98 priced, 2 not found (2176 total so far)
Batch 23/146: 99 priced, 1 not found (2275 total so far)
Batch 24/146: 99 priced, 1 not found (2374 total so far)
Batch 25/146: 98 priced, 2 not found (2472 total so far)
Batch 26/146: 100 priced, 0 not found (2572 total so far)
Batch 27/146: 100 priced, 0 not found (2672 total so far)
Batch 28/146: 100 priced, 0 not found (2772 total so far)
Batch 29/146: 100 priced, 0 not found (2872 total so far)
Batch 30/146: 100 priced, 0 not found (2972 total so far)
Batch 31/146: 100 priced, 0 not found (3072 total so far)
Batch 32/146: 98 priced, 2 not found (3170 total so far)
Batch 33/146: 100 priced, 0 not found (3270 total so far)
Batch 34/146: 100 priced, 0 not found (3370 total so far)
Batch 35/146: 99 priced, 1 not found (3469 total so far)
Batch 36/146: 100 priced, 0 not found (3569 total so far)
Batch 37/146: 99 priced, 1 not found (3668 total so far)
Batch 38/146: 98 priced, 2 not found (3766 total so far)
Batch 39/146: 100 priced, 0 not found (3866 total so far)
Batch 40/146: 98 priced, 2 not found (3964 total so far)
Batch 41/146: 100 priced, 0 not found (4064 total so far)
Batch 42/146: 100 priced, 0 not found (4164 total so far)
Batch 43/146: 99 priced, 1 not found (4263 total so far)
Batch 44/146: 100 priced, 0 not found (4363 total so far)
Batch 45/146: 99 priced, 1 not found (4462 total so far)
Batch 46/146: 100 priced, 0 not found (4562 total so far)
Batch 47/146: 99 priced, 1 not found (4661 total so far)
Batch 48/146: 100 priced, 0 not found (4761 total so far)
Batch 49/146: 100 priced, 0 not found (4861 total so far)
Batch 50/146: 99 priced, 1 not found (4960 total so far)
Batch 51/146: 100 priced, 0 not found (5060 total so far)
Batch 52/146: 99 priced, 1 not found (5159 total so far)
Batch 53/146: 99 priced, 1 not found (5258 total so far)
Batch 54/146: 99 priced, 1 not found (5357 total so far)
Batch 55/146: 99 priced, 1 not found (5456 total so far)
Batch 56/146: 100 priced, 0 not found (5556 total so far)
Batch 57/146: 99 priced, 1 not found (5655 total so far)
Batch 58/146: 100 priced, 0 not found (5755 total so far)
Batch 59/146: 99 priced, 1 not found (5854 total so far)
Batch 60/146: 100 priced, 0 not found (5954 total so far)
Batch 61/146: 99 priced, 1 not found (6053 total so far)
Batch 62/146: 99 priced, 1 not found (6152 total so far)
Batch 63/146: 99 priced, 1 not found (6251 total so far)
Batch 64/146: 98 priced, 2 not found (6349 total so far)
Batch 65/146: 100 priced, 0 not found (6449 total so far)
Batch 66/146: 100 priced, 0 not found (6549 total so far)
Batch 67/146: 100 priced, 0 not found (6649 total so far)
Batch 68/146: 99 priced, 1 not found (6748 total so far)
Batch 69/146: 97 priced, 3 not found (6845 total so far)
Batch 70/146: 98 priced, 2 not found (6943 total so far)
Batch 71/146: 100 priced, 0 not found (7043 total so far)
Batch 72/146: 99 priced, 1 not found (7142 total so far)
Batch 73/146: 99 priced, 1 not found (7241 total so far)
Batch 74/146: 100 priced, 0 not found (7341 total so far)
Batch 75/146: 100 priced, 0 not found (7441 total so far)
Batch 76/146: 99 priced, 1 not found (7540 total so far)
Batch 77/146: 100 priced, 0 not found (7640 total so far)
Batch 78/146: 100 priced, 0 not found (7740 total so far)
Batch 79/146: 99 priced, 1 not found (7839 total so far)
Batch 80/146: 98 priced, 2 not found (7937 total so far)
Batch 81/146: 100 priced, 0 not found (8037 total so far)
Batch 82/146: 99 priced, 1 not found (8136 total so far)
Batch 83/146: 98 priced, 2 not found (8234 total so far)
Batch 84/146: 99 priced, 1 not found (8333 total so far)
Batch 85/146: 98 priced, 2 not found (8431 total so far)
Batch 86/146: 100 priced, 0 not found (8531 total so far)
Batch 87/146: 99 priced, 1 not found (8630 total so far)
Batch 88/146: 100 priced, 0 not found (8730 total so far)
Batch 89/146: 99 priced, 1 not found (8829 total so far)
Batch 90/146: 98 priced, 2 not found (8927 total so far)
Batch 91/146: 99 priced, 1 not found (9026 total so far)
Batch 92/146: 100 priced, 0 not found (9126 total so far)
Batch 93/146: 98 priced, 2 not found (9224 total so far)
Batch 94/146: 100 priced, 0 not found (9324 total so far)
Batch 95/146: 99 priced, 1 not found (9423 total so far)
Batch 96/146: 100 priced, 0 not found (9523 total so far)
Batch 97/146: 99 priced, 1 not found (9622 total so far)
Batch 98/146: 100 priced, 0 not found (9722 total so far)
Batch 99/146: 100 priced, 0 not found (9822 total so far)
Batch 100/146: 98 priced, 2 not found (9920 total so far)
Batch 101/146: 100 priced, 0 not found (10020 total so far)
Batch 102/146: 100 priced, 0 not found (10120 total so far)
Batch 103/146: 97 priced, 3 not found (10217 total so far)
Batch 104/146: 100 priced, 0 not found (10317 total so far)
Batch 105/146: 99 priced, 1 not found (10416 total so far)
Batch 106/146: 98 priced, 2 not found (10514 total so far)
Batch 107/146: 99 priced, 1 not found (10613 total so far)
Batch 108/146: 100 priced, 0 not found (10713 total so far)
Batch 109/146: 100 priced, 0 not found (10813 total so far)
Batch 110/146: 100 priced, 0 not found (10913 total so far)
Batch 111/146: 100 priced, 0 not found (11013 total so far)
Batch 112/146: 100 priced, 0 not found (11113 total so far)
Batch 113/146: 100 priced, 0 not found (11213 total so far)
Batch 114/146: 100 priced, 0 not found (11313 total so far)
Batch 115/146: 99 priced, 1 not found (11412 total so far)
Batch 116/146: 98 priced, 2 not found (11510 total so far)
Batch 117/146: 99 priced, 1 not found (11609 total so far)
Batch 118/146: 100 priced, 0 not found (11709 total so far)
Batch 119/146: 100 priced, 0 not found (11809 total so far)
Batch 120/146: 100 priced, 0 not found (11909 total so far)
Batch 121/146: 100 priced, 0 not found (12009 total so far)
Batch 122/146: 98 priced, 2 not found (12107 total so far)
Batch 123/146: 99 priced, 1 not found (12206 total so far)
Batch 124/146: 99 priced, 1 not found (12305 total so far)
Batch 125/146: 100 priced, 0 not found (12405 total so far)
Batch 126/146: 99 priced, 1 not found (12504 total so far)
Batch 127/146: 100 priced, 0 not found (12604 total so far)
Batch 128/146: 99 priced, 1 not found (12703 total so far)
Batch 129/146: 99 priced, 1 not found (12802 total so far)
Batch 130/146: 100 priced, 0 not found (12902 total so far)
Batch 131/146: 100 priced, 0 not found (13002 total so far)
Batch 132/146: 100 priced, 0 not found (13102 total so far)
Batch 133/146: 99 priced, 1 not found (13201 total so far)
Batch 134/146: 99 priced, 1 not found (13300 total so far)
Batch 135/146: 99 priced, 1 not found (13399 total so far)
Batch 136/146: 99 priced, 1 not found (13498 total so far)
Batch 137/146: 100 priced, 0 not found (13598 total so far)
Batch 138/146: 98 priced, 2 not found (13696 total so far)
Batch 139/146: 100 priced, 0 not found (13796 total so far)
Batch 140/146: 100 priced, 0 not found (13896 total so far)
Batch 141/146: 99 priced, 1 not found (13995 total so far)
Batch 142/146: 100 priced, 0 not found (14095 total so far)
Batch 143/146: 99 priced, 1 not found (14194 total so far)
Batch 144/146: 98 priced, 2 not found (14292 total so far)
Batch 145/146: 99 priced, 1 not found (14391 total so far)
Batch 146/146: 85 priced, 0 not found (14476 total so far)
109 item_ids returned no price data: [
   3718,  3740,  3923,  3925,  4244,  4348,  4355,  4431,  4435,
   4636,  4779,  4798,  4980,  4997,  5056,  5280,  5435,  5632,
   5753,  5810,  5822,  5834,  5913,  5999,  6063,  6143,  6240,
   6312,  7038,  7060,  7345,  7597,  7678,  7715,  7883,  7947,
   8179,  8393,  8692,  8993,  9153,  9325,  9395,  9454,  9746,
   9882, 10074, 10182, 10302, 10371, 10424, 10850, 10926, 10992,
  10996, 11099, 11103, 11309, 11390, 11763, 12031, 12144, 12148,
  12410, 12506, 12560, 12674, 12789, 12809, 13009, 13235, 13300,
  13304, 13374, 13618, 13630, 13844, 14070, 14346, 14422, 14670,
  14682, 14719, 14881, 14978, 15010, 15090, 15946, 16039, 16107,
  16212, 16660, 16661, 16788, 16917, 17117, 17287, 17467, 17887,
  18011,
  ... 9 more items
]
Got prices for 14476 items - inserting into price_history...
Inserted 398082 price rows.
Refreshing current-price views...
 
===== skins 01/09/2026 15:16:31.96 ===== 
Fetching prices for 14585 skin listings...
Batch 1/146: 98 priced, 2 not found (98 total so far)
Batch 2/146: 100 priced, 0 not found (198 total so far)
Batch 3/146: 98 priced, 2 not found (296 total so far)
Batch 4/146: 100 priced, 0 not found (396 total so far)
Batch 5/146: 100 priced, 0 not found (496 total so far)
Batch 6/146: 99 priced, 1 not found (595 total so far)
Batch 7/146: 96 priced, 4 not found (691 total so far)
Batch 8/146: 100 priced, 0 not found (791 total so far)
Batch 9/146: 99 priced, 1 not found (890 total so far)
Batch 10/146: 100 priced, 0 not found (990 total so far)
Batch 11/146: 98 priced, 2 not found (1088 total so far)
Batch 12/146: 100 priced, 0 not found (1188 total so far)
Batch 13/146: 97 priced, 3 not found (1285 total so far)
Batch 14/146: 100 priced, 0 not found (1385 total so far)
Batch 15/146: 100 priced, 0 not found (1485 total so far)
Batch 16/146: 99 priced, 1 not found (1584 total so far)
Batch 17/146: 99 priced, 1 not found (1683 total so far)
Batch 18/146: 100 priced, 0 not found (1783 total so far)
Batch 19/146: 99 priced, 1 not found (1882 total so far)
Batch 20/146: 99 priced, 1 not found (1981 total so far)
Batch 21/146: 97 priced, 3 not found (2078 total so far)
Batch 22/146: 98 priced, 2 not found (2176 total so far)
Batch 23/146: 99 priced, 1 not found (2275 total so far)
Batch 24/146: 99 priced, 1 not found (2374 total so far)
Batch 25/146: 98 priced, 2 not found (2472 total so far)
Batch 26/146: 100 priced, 0 not found (2572 total so far)
Batch 27/146: 100 priced, 0 not found (2672 total so far)
Batch 28/146: 100 priced, 0 not found (2772 total so far)
Batch 29/146: 100 priced, 0 not found (2872 total so far)
Batch 30/146: 100 priced, 0 not found (2972 total so far)
Batch 31/146: 100 priced, 0 not found (3072 total so far)
Batch 32/146: 98 priced, 2 not found (3170 total so far)
Batch 33/146: 100 priced, 0 not found (3270 total so far)
Batch 34/146: 100 priced, 0 not found (3370 total so far)
Batch 35/146: 99 priced, 1 not found (3469 total so far)
Batch 36/146: 100 priced, 0 not found (3569 total so far)
Batch 37/146: 99 priced, 1 not found (3668 total so far)
Batch 38/146: 98 priced, 2 not found (3766 total so far)
Batch 39/146: 100 priced, 0 not found (3866 total so far)
Batch 40/146: 98 priced, 2 not found (3964 total so far)
Batch 41/146: 100 priced, 0 not found (4064 total so far)
Batch 42/146: 100 priced, 0 not found (4164 total so far)
Batch 43/146: 99 priced, 1 not found (4263 total so far)
Batch 44/146: 100 priced, 0 not found (4363 total so far)
Batch 45/146: 99 priced, 1 not found (4462 total so far)
Batch 46/146: 100 priced, 0 not found (4562 total so far)
Batch 47/146: 99 priced, 1 not found (4661 total so far)
Batch 48/146: 100 priced, 0 not found (4761 total so far)
Batch 49/146: 100 priced, 0 not found (4861 total so far)
Batch 50/146: 99 priced, 1 not found (4960 total so far)
Batch 51/146: 100 priced, 0 not found (5060 total so far)
Batch 52/146: 99 priced, 1 not found (5159 total so far)
Batch 53/146: 99 priced, 1 not found (5258 total so far)
Batch 54/146: 99 priced, 1 not found (5357 total so far)
Batch 55/146: 99 priced, 1 not found (5456 total so far)
Batch 56/146: 100 priced, 0 not found (5556 total so far)
Batch 57/146: 99 priced, 1 not found (5655 total so far)
Batch 58/146: 100 priced, 0 not found (5755 total so far)
Batch 59/146: 99 priced, 1 not found (5854 total so far)
Batch 60/146: 100 priced, 0 not found (5954 total so far)
Batch 61/146: 99 priced, 1 not found (6053 total so far)
Batch 62/146: 99 priced, 1 not found (6152 total so far)
Batch 63/146: 99 priced, 1 not found (6251 total so far)
Batch 64/146: 98 priced, 2 not found (6349 total so far)
Batch 65/146: 100 priced, 0 not found (6449 total so far)
Batch 66/146: 100 priced, 0 not found (6549 total so far)
Batch 67/146: 100 priced, 0 not found (6649 total so far)
Batch 68/146: 99 priced, 1 not found (6748 total so far)
Batch 69/146: 97 priced, 3 not found (6845 total so far)
Batch 70/146: 98 priced, 2 not found (6943 total so far)
Batch 71/146: 100 priced, 0 not found (7043 total so far)
Batch 72/146: 99 priced, 1 not found (7142 total so far)
Batch 73/146: 99 priced, 1 not found (7241 total so far)
Batch 74/146: 100 priced, 0 not found (7341 total so far)
Batch 75/146: 100 priced, 0 not found (7441 total so far)
Batch 76/146: 99 priced, 1 not found (7540 total so far)
Batch 77/146: 100 priced, 0 not found (7640 total so far)
Batch 78/146: 100 priced, 0 not found (7740 total so far)
Batch 79/146: 99 priced, 1 not found (7839 total so far)
Batch 80/146: 98 priced, 2 not found (7937 total so far)
Batch 81/146: 100 priced, 0 not found (8037 total so far)
Batch 82/146: 99 priced, 1 not found (8136 total so far)
Batch 83/146: 98 priced, 2 not found (8234 total so far)
Batch 84/146: 99 priced, 1 not found (8333 total so far)
Batch 85/146: 98 priced, 2 not found (8431 total so far)
Batch 86/146: 100 priced, 0 not found (8531 total so far)
Batch 87/146: 99 priced, 1 not found (8630 total so far)
Batch 88/146: 100 priced, 0 not found (8730 total so far)
Batch 89/146: 99 priced, 1 not found (8829 total so far)
Batch 90/146: 98 priced, 2 not found (8927 total so far)
Batch 91/146: 99 priced, 1 not found (9026 total so far)
Batch 92/146: 100 priced, 0 not found (9126 total so far)
Batch 93/146: 98 priced, 2 not found (9224 total so far)
Batch 94/146: 100 priced, 0 not found (9324 total so far)
Batch 95/146: 99 priced, 1 not found (9423 total so far)
Batch 96/146: 100 priced, 0 not found (9523 total so far)
Batch 97/146: 99 priced, 1 not found (9622 total so far)
Batch 98/146: 100 priced, 0 not found (9722 total so far)
Batch 99/146: 100 priced, 0 not found (9822 total so far)
Batch 100/146: 98 priced, 2 not found (9920 total so far)
Batch 101/146: 100 priced, 0 not found (10020 total so far)
Batch 102/146: 100 priced, 0 not found (10120 total so far)
Batch 103/146: 97 priced, 3 not found (10217 total so far)
Batch 104/146: 100 priced, 0 not found (10317 total so far)
Batch 105/146: 99 priced, 1 not found (10416 total so far)
Batch 106/146: 98 priced, 2 not found (10514 total so far)
Batch 107/146: 99 priced, 1 not found (10613 total so far)
Batch 108/146: 100 priced, 0 not found (10713 total so far)
Batch 109/146: 100 priced, 0 not found (10813 total so far)
Batch 110/146: 100 priced, 0 not found (10913 total so far)
Batch 111/146: 100 priced, 0 not found (11013 total so far)
Batch 112/146: 100 priced, 0 not found (11113 total so far)
Batch 113/146: 100 priced, 0 not found (11213 total so far)
Batch 114/146: 100 priced, 0 not found (11313 total so far)
Batch 115/146: 99 priced, 1 not found (11412 total so far)
Batch 116/146: 98 priced, 2 not found (11510 total so far)
Batch 117/146: 99 priced, 1 not found (11609 total so far)
Batch 118/146: 100 priced, 0 not found (11709 total so far)
Batch 119/146: 100 priced, 0 not found (11809 total so far)
Batch 120/146: 100 priced, 0 not found (11909 total so far)
Batch 121/146: 100 priced, 0 not found (12009 total so far)
Batch 122/146: 98 priced, 2 not found (12107 total so far)
Batch 123/146: 99 priced, 1 not found (12206 total so far)
Batch 124/146: 99 priced, 1 not found (12305 total so far)
Batch 125/146: 100 priced, 0 not found (12405 total so far)
Batch 126/146: 99 priced, 1 not found (12504 total so far)
Batch 127/146: 100 priced, 0 not found (12604 total so far)
Batch 128/146: 99 priced, 1 not found (12703 total so far)
Batch 129/146: 99 priced, 1 not found (12802 total so far)
Batch 130/146: 100 priced, 0 not found (12902 total so far)
Batch 131/146: 100 priced, 0 not found (13002 total so far)
Batch 132/146: 100 priced, 0 not found (13102 total so far)
Batch 133/146: 99 priced, 1 not found (13201 total so far)
Batch 134/146: 99 priced, 1 not found (13300 total so far)
Batch 135/146: 99 priced, 1 not found (13399 total so far)
Batch 136/146: 99 priced, 1 not found (13498 total so far)
Batch 137/146: 100 priced, 0 not found (13598 total so far)
Batch 138/146: 98 priced, 2 not found (13696 total so far)
Batch 139/146: 100 priced, 0 not found (13796 total so far)
Batch 140/146: 100 priced, 0 not found (13896 total so far)
Batch 141/146: 99 priced, 1 not found (13995 total so far)
Batch 142/146: 100 priced, 0 not found (14095 total so far)
Batch 143/146: 99 priced, 1 not found (14194 total so far)
Batch 144/146: 98 priced, 2 not found (14292 total so far)
Batch 145/146: 99 priced, 1 not found (14391 total so far)
Batch 146/146: 85 priced, 0 not found (14476 total so far)
109 item_ids returned no price data: [
   3718,  3740,  3923,  3925,  4244,  4348,  4355,  4431,  4435,
   4636,  4779,  4798,  4980,  4997,  5056,  5280,  5435,  5632,
   5753,  5810,  5822,  5834,  5913,  5999,  6063,  6143,  6240,
   6312,  7038,  7060,  7345,  7597,  7678,  7715,  7883,  7947,
   8179,  8393,  8692,  8993,  9153,  9325,  9395,  9454,  9746,
   9882, 10074, 10182, 10302, 10371, 10424, 10850, 10926, 10992,
  10996, 11099, 11103, 11309, 11390, 11763, 12031, 12144, 12148,
  12410, 12506, 12560, 12674, 12789, 12809, 13009, 13235, 13300,
  13304, 13374, 13618, 13630, 13844, 14070, 14346, 14422, 14670,
  14682, 14719, 14881, 14978, 15010, 15090, 15946, 16039, 16107,
  16212, 16660, 16661, 16788, 16917, 17117, 17287, 17467, 17887,
  18011,
  ... 9 more items
]
Got prices for 14476 items - inserting into price_history...
Inserted 397894 price rows.
Refreshing current-price views...
 
===== skins 01/09/2026 18:00:01.13 ===== 
Fetching prices for 14585 skin listings...
Batch 1/146: 98 priced, 2 not found (98 total so far)
Batch 2/146: 100 priced, 0 not found (198 total so far)
Batch 3/146: 98 priced, 2 not found (296 total so far)
Batch 4/146: 100 priced, 0 not found (396 total so far)
Batch 5/146: 100 priced, 0 not found (496 total so far)
Batch 6/146: 99 priced, 1 not found (595 total so far)
Batch 7/146: 96 priced, 4 not found (691 total so far)
Batch 8/146: 100 priced, 0 not found (791 total so far)
Batch 9/146: 99 priced, 1 not found (890 total so far)
Batch 10/146: 100 priced, 0 not found (990 total so far)
Batch 11/146: 98 priced, 2 not found (1088 total so far)
Batch 12/146: 100 priced, 0 not found (1188 total so far)
Batch 13/146: 97 priced, 3 not found (1285 total so far)
Batch 14/146: 100 priced, 0 not found (1385 total so far)
Batch 15/146: 100 priced, 0 not found (1485 total so far)
Batch 16/146: 99 priced, 1 not found (1584 total so far)
Batch 17/146: 99 priced, 1 not found (1683 total so far)
Batch 18/146: 100 priced, 0 not found (1783 total so far)
Batch 19/146: 99 priced, 1 not found (1882 total so far)
Batch 20/146: 99 priced, 1 not found (1981 total so far)
Batch 21/146: 97 priced, 3 not found (2078 total so far)
Batch 22/146: 98 priced, 2 not found (2176 total so far)
Batch 23/146: 99 priced, 1 not found (2275 total so far)
Batch 24/146: 99 priced, 1 not found (2374 total so far)
Batch 25/146: 98 priced, 2 not found (2472 total so far)
Batch 26/146: 100 priced, 0 not found (2572 total so far)
Batch 27/146: 100 priced, 0 not found (2672 total so far)
Batch 28/146: 100 priced, 0 not found (2772 total so far)
Batch 29/146: 100 priced, 0 not found (2872 total so far)
Batch 30/146: 100 priced, 0 not found (2972 total so far)
Batch 31/146: 100 priced, 0 not found (3072 total so far)
Batch 32/146: 98 priced, 2 not found (3170 total so far)
Batch 33/146: 100 priced, 0 not found (3270 total so far)
Batch 34/146: 100 priced, 0 not found (3370 total so far)
Batch 35/146: 99 priced, 1 not found (3469 total so far)
Batch 36/146: 100 priced, 0 not found (3569 total so far)
Batch 37/146: 99 priced, 1 not found (3668 total so far)
Batch 38/146: 98 priced, 2 not found (3766 total so far)
Batch 39/146: 100 priced, 0 not found (3866 total so far)
Batch 40/146: 98 priced, 2 not found (3964 total so far)
Batch 41/146: 100 priced, 0 not found (4064 total so far)
Batch 42/146: 100 priced, 0 not found (4164 total so far)
Batch 43/146: 99 priced, 1 not found (4263 total so far)
Batch 44/146: 100 priced, 0 not found (4363 total so far)
Batch 45/146: 99 priced, 1 not found (4462 total so far)
Batch 46/146: 100 priced, 0 not found (4562 total so far)
Batch 47/146: 99 priced, 1 not found (4661 total so far)
Batch 48/146: 100 priced, 0 not found (4761 total so far)
Batch 49/146: 100 priced, 0 not found (4861 total so far)
Batch 50/146: 99 priced, 1 not found (4960 total so far)
Batch 51/146: 100 priced, 0 not found (5060 total so far)
Batch 52/146: 99 priced, 1 not found (5159 total so far)
Batch 53/146: 99 priced, 1 not found (5258 total so far)
Batch 54/146: 99 priced, 1 not found (5357 total so far)
Batch 55/146: 99 priced, 1 not found (5456 total so far)
Batch 56/146: 100 priced, 0 not found (5556 total so far)
Batch 57/146: 99 priced, 1 not found (5655 total so far)
Batch 58/146: 100 priced, 0 not found (5755 total so far)
Batch 59/146: 99 priced, 1 not found (5854 total so far)
Batch 60/146: 100 priced, 0 not found (5954 total so far)
Batch 61/146: 99 priced, 1 not found (6053 total so far)
Batch 62/146: 99 priced, 1 not found (6152 total so far)
Batch 63/146: 99 priced, 1 not found (6251 total so far)
Batch 64/146: 98 priced, 2 not found (6349 total so far)
Batch 65/146: 100 priced, 0 not found (6449 total so far)
Batch 66/146: 100 priced, 0 not found (6549 total so far)
Batch 67/146: 100 priced, 0 not found (6649 total so far)
Batch 68/146: 99 priced, 1 not found (6748 total so far)
Batch 69/146: 97 priced, 3 not found (6845 total so far)
Batch 70/146: 98 priced, 2 not found (6943 total so far)
Batch 71/146: 100 priced, 0 not found (7043 total so far)
Batch 72/146: 99 priced, 1 not found (7142 total so far)
Batch 73/146: 99 priced, 1 not found (7241 total so far)
Batch 74/146: 100 priced, 0 not found (7341 total so far)
Batch 75/146: 100 priced, 0 not found (7441 total so far)
Batch 76/146: 99 priced, 1 not found (7540 total so far)
Batch 77/146: 100 priced, 0 not found (7640 total so far)
Batch 78/146: 100 priced, 0 not found (7740 total so far)
Batch 79/146: 99 priced, 1 not found (7839 total so far)
Batch 80/146: 98 priced, 2 not found (7937 total so far)
Batch 81/146: 100 priced, 0 not found (8037 total so far)
Batch 82/146: 99 priced, 1 not found (8136 total so far)
Batch 83/146: 98 priced, 2 not found (8234 total so far)
Batch 84/146: 99 priced, 1 not found (8333 total so far)
Batch 85/146: 98 priced, 2 not found (8431 total so far)
Batch 86/146: 100 priced, 0 not found (8531 total so far)
Batch 87/146: 99 priced, 1 not found (8630 total so far)
Batch 88/146: 100 priced, 0 not found (8730 total so far)
Batch 89/146: 99 priced, 1 not found (8829 total so far)
Batch 90/146: 98 priced, 2 not found (8927 total so far)
Batch 91/146: 99 priced, 1 not found (9026 total so far)
Batch 92/146: 100 priced, 0 not found (9126 total so far)
Batch 93/146: 98 priced, 2 not found (9224 total so far)
Batch 94/146: 100 priced, 0 not found (9324 total so far)
Batch 95/146: 99 priced, 1 not found (9423 total so far)
Batch 96/146: 100 priced, 0 not found (9523 total so far)
Batch 97/146: 99 priced, 1 not found (9622 total so far)
Batch 98/146: 100 priced, 0 not found (9722 total so far)
Batch 99/146: 100 priced, 0 not found (9822 total so far)
Batch 100/146: 98 priced, 2 not found (9920 total so far)
Batch 101/146: 100 priced, 0 not found (10020 total so far)
Batch 102/146: 100 priced, 0 not found (10120 total so far)
Batch 103/146: 97 priced, 3 not found (10217 total so far)
Batch 104/146: 100 priced, 0 not found (10317 total so far)
Batch 105/146: 99 priced, 1 not found (10416 total so far)
Batch 106/146: 98 priced, 2 not found (10514 total so far)
Batch 107/146: 99 priced, 1 not found (10613 total so far)
Batch 108/146: 100 priced, 0 not found (10713 total so far)
Batch 109/146: 100 priced, 0 not found (10813 total so far)
Batch 110/146: 100 priced, 0 not found (10913 total so far)
Batch 111/146: 100 priced, 0 not found (11013 total so far)
Batch 112/146: 100 priced, 0 not found (11113 total so far)
Batch 113/146: 100 priced, 0 not found (11213 total so far)
Batch 114/146: 100 priced, 0 not found (11313 total so far)
Batch 115/146: 99 priced, 1 not found (11412 total so far)
Batch 116/146: 98 priced, 2 not found (11510 total so far)
Batch 117/146: 99 priced, 1 not found (11609 total so far)
Batch 118/146: 100 priced, 0 not found (11709 total so far)
Batch 119/146: 100 priced, 0 not found (11809 total so far)
Batch 120/146: 100 priced, 0 not found (11909 total so far)
Batch 121/146: 100 priced, 0 not found (12009 total so far)
Batch 122/146: 98 priced, 2 not found (12107 total so far)
Batch 123/146: 99 priced, 1 not found (12206 total so far)
Batch 124/146: 99 priced, 1 not found (12305 total so far)
Batch 125/146: 100 priced, 0 not found (12405 total so far)
Batch 126/146: 99 priced, 1 not found (12504 total so far)
Batch 127/146: 100 priced, 0 not found (12604 total so far)
Batch 128/146: 99 priced, 1 not found (12703 total so far)
Batch 129/146: 99 priced, 1 not found (12802 total so far)
Batch 130/146: 100 priced, 0 not found (12902 total so far)
Batch 131/146: 100 priced, 0 not found (13002 total so far)
Batch 132/146: 100 priced, 0 not found (13102 total so far)
Batch 133/146: 99 priced, 1 not found (13201 total so far)
Batch 134/146: 99 priced, 1 not found (13300 total so far)
Batch 135/146: 99 priced, 1 not found (13399 total so far)
Batch 136/146: 99 priced, 1 not found (13498 total so far)
Batch 137/146: 100 priced, 0 not found (13598 total so far)
Batch 138/146: 98 priced, 2 not found (13696 total so far)
Batch 139/146: 100 priced, 0 not found (13796 total so far)
Batch 140/146: 100 priced, 0 not found (13896 total so far)
Batch 141/146: 99 priced, 1 not found (13995 total so far)
Batch 142/146: 100 priced, 0 not found (14095 total so far)
Batch 143/146: 99 priced, 1 not found (14194 total so far)
Batch 144/146: 98 priced, 2 not found (14292 total so far)
Batch 145/146: 99 priced, 1 not found (14391 total so far)
Batch 146/146: 85 priced, 0 not found (14476 total so far)
109 item_ids returned no price data: [
   3718,  3740,  3923,  3925,  4244,  4348,  4355,  4431,  4435,
   4636,  4779,  4798,  4980,  4997,  5056,  5280,  5435,  5632,
   5753,  5810,  5822,  5834,  5913,  5999,  6063,  6143,  6240,
   6312,  7038,  7060,  7345,  7597,  7678,  7715,  7883,  7947,
   8179,  8393,  8692,  8993,  9153,  9325,  9395,  9454,  9746,
   9882, 10074, 10182, 10302, 10371, 10424, 10850, 10926, 10992,
  10996, 11099, 11103, 11309, 11390, 11763, 12031, 12144, 12148,
  12410, 12506, 12560, 12674, 12789, 12809, 13009, 13235, 13300,
  13304, 13374, 13618, 13630, 13844, 14070, 14346, 14422, 14670,
  14682, 14719, 14881, 14978, 15010, 15090, 15946, 16039, 16107,
  16212, 16660, 16661, 16788, 16917, 17117, 17287, 17467, 17887,
  18011,
  ... 9 more items
]
Got prices for 14476 items - inserting into price_history...
Inserted 393346 price rows.
Refreshing current-price views...
 
===== skins 01/09/2026 18:16:31.83 ===== 
Fetching prices for 14585 skin listings...
Batch 1/146: 98 priced, 2 not found (98 total so far)
Batch 2/146: 100 priced, 0 not found (198 total so far)
Batch 3/146: 98 priced, 2 not found (296 total so far)
Batch 4/146: 100 priced, 0 not found (396 total so far)
Batch 5/146: 100 priced, 0 not found (496 total so far)
Batch 6/146: 99 priced, 1 not found (595 total so far)
Batch 7/146: 96 priced, 4 not found (691 total so far)
Batch 8/146: 100 priced, 0 not found (791 total so far)
Batch 9/146: 99 priced, 1 not found (890 total so far)
Batch 10/146: 100 priced, 0 not found (990 total so far)
Batch 11/146: 98 priced, 2 not found (1088 total so far)
Batch 12/146: 100 priced, 0 not found (1188 total so far)
Batch 13/146: 97 priced, 3 not found (1285 total so far)
Batch 14/146: 100 priced, 0 not found (1385 total so far)
Batch 15/146: 100 priced, 0 not found (1485 total so far)
Batch 16/146: 99 priced, 1 not found (1584 total so far)
Batch 17/146: 99 priced, 1 not found (1683 total so far)
Batch 18/146: 100 priced, 0 not found (1783 total so far)
Batch 19/146: 100 priced, 0 not found (1883 total so far)
Batch 20/146: 99 priced, 1 not found (1982 total so far)
Batch 21/146: 97 priced, 3 not found (2079 total so far)
Batch 22/146: 98 priced, 2 not found (2177 total so far)
Batch 23/146: 99 priced, 1 not found (2276 total so far)
Batch 24/146: 99 priced, 1 not found (2375 total so far)
Batch 25/146: 98 priced, 2 not found (2473 total so far)
Batch 26/146: 100 priced, 0 not found (2573 total so far)
Batch 27/146: 100 priced, 0 not found (2673 total so far)
Batch 28/146: 100 priced, 0 not found (2773 total so far)
Batch 29/146: 100 priced, 0 not found (2873 total so far)
Batch 30/146: 100 priced, 0 not found (2973 total so far)
Batch 31/146: 100 priced, 0 not found (3073 total so far)
Batch 32/146: 98 priced, 2 not found (3171 total so far)
Batch 33/146: 100 priced, 0 not found (3271 total so far)
Batch 34/146: 100 priced, 0 not found (3371 total so far)
Batch 35/146: 99 priced, 1 not found (3470 total so far)
Batch 36/146: 100 priced, 0 not found (3570 total so far)
Batch 37/146: 99 priced, 1 not found (3669 total so far)
Batch 38/146: 98 priced, 2 not found (3767 total so far)
Batch 39/146: 100 priced, 0 not found (3867 total so far)
Batch 40/146: 98 priced, 2 not found (3965 total so far)
Batch 41/146: 100 priced, 0 not found (4065 total so far)
Batch 42/146: 100 priced, 0 not found (4165 total so far)
Batch 43/146: 99 priced, 1 not found (4264 total so far)
Batch 44/146: 100 priced, 0 not found (4364 total so far)
Batch 45/146: 99 priced, 1 not found (4463 total so far)
Batch 46/146: 100 priced, 0 not found (4563 total so far)
Batch 47/146: 99 priced, 1 not found (4662 total so far)
Batch 48/146: 100 priced, 0 not found (4762 total so far)
Batch 49/146: 100 priced, 0 not found (4862 total so far)
Batch 50/146: 99 priced, 1 not found (4961 total so far)
Batch 51/146: 100 priced, 0 not found (5061 total so far)
Batch 52/146: 99 priced, 1 not found (5160 total so far)
Batch 53/146: 99 priced, 1 not found (5259 total so far)
Batch 54/146: 99 priced, 1 not found (5358 total so far)
Batch 55/146: 99 priced, 1 not found (5457 total so far)
Batch 56/146: 100 priced, 0 not found (5557 total so far)
Batch 57/146: 99 priced, 1 not found (5656 total so far)
Batch 58/146: 100 priced, 0 not found (5756 total so far)
Batch 59/146: 99 priced, 1 not found (5855 total so far)
Batch 60/146: 100 priced, 0 not found (5955 total so far)
Batch 61/146: 99 priced, 1 not found (6054 total so far)
Batch 62/146: 99 priced, 1 not found (6153 total so far)
Batch 63/146: 99 priced, 1 not found (6252 total so far)
Batch 64/146: 98 priced, 2 not found (6350 total so far)
Batch 65/146: 100 priced, 0 not found (6450 total so far)
Batch 66/146: 100 priced, 0 not found (6550 total so far)
Batch 67/146: 100 priced, 0 not found (6650 total so far)
Batch 68/146: 99 priced, 1 not found (6749 total so far)
Batch 69/146: 97 priced, 3 not found (6846 total so far)
Batch 70/146: 98 priced, 2 not found (6944 total so far)
Batch 71/146: 100 priced, 0 not found (7044 total so far)
Batch 72/146: 99 priced, 1 not found (7143 total so far)
Batch 73/146: 99 priced, 1 not found (7242 total so far)
Batch 74/146: 100 priced, 0 not found (7342 total so far)
Batch 75/146: 100 priced, 0 not found (7442 total so far)
Batch 76/146: 99 priced, 1 not found (7541 total so far)
Batch 77/146: 100 priced, 0 not found (7641 total so far)
Batch 78/146: 100 priced, 0 not found (7741 total so far)
Batch 79/146: 99 priced, 1 not found (7840 total so far)
Batch 80/146: 98 priced, 2 not found (7938 total so far)
Batch 81/146: 100 priced, 0 not found (8038 total so far)
Batch 82/146: 99 priced, 1 not found (8137 total so far)
Batch 83/146: 98 priced, 2 not found (8235 total so far)
Batch 84/146: 99 priced, 1 not found (8334 total so far)
Batch 85/146: 98 priced, 2 not found (8432 total so far)
Batch 86/146: 100 priced, 0 not found (8532 total so far)
Batch 87/146: 99 priced, 1 not found (8631 total so far)
Batch 88/146: 100 priced, 0 not found (8731 total so far)
Batch 89/146: 99 priced, 1 not found (8830 total so far)
Batch 90/146: 98 priced, 2 not found (8928 total so far)
Batch 91/146: 99 priced, 1 not found (9027 total so far)
Batch 92/146: 100 priced, 0 not found (9127 total so far)
Batch 93/146: 98 priced, 2 not found (9225 total so far)
Batch 94/146: 100 priced, 0 not found (9325 total so far)
Batch 95/146: 99 priced, 1 not found (9424 total so far)
Batch 96/146: 100 priced, 0 not found (9524 total so far)
Batch 97/146: 99 priced, 1 not found (9623 total so far)
Batch 98/146: 100 priced, 0 not found (9723 total so far)
Batch 99/146: 100 priced, 0 not found (9823 total so far)
Batch 100/146: 98 priced, 2 not found (9921 total so far)
Batch 101/146: 100 priced, 0 not found (10021 total so far)
Batch 102/146: 100 priced, 0 not found (10121 total so far)
Batch 103/146: 97 priced, 3 not found (10218 total so far)
Batch 104/146: 100 priced, 0 not found (10318 total so far)
Batch 105/146: 99 priced, 1 not found (10417 total so far)
Batch 106/146: 98 priced, 2 not found (10515 total so far)
Batch 107/146: 99 priced, 1 not found (10614 total so far)
Batch 108/146: 100 priced, 0 not found (10714 total so far)
Batch 109/146: 100 priced, 0 not found (10814 total so far)
Batch 110/146: 100 priced, 0 not found (10914 total so far)
Batch 111/146: 100 priced, 0 not found (11014 total so far)
Batch 112/146: 100 priced, 0 not found (11114 total so far)
Batch 113/146: 100 priced, 0 not found (11214 total so far)
Batch 114/146: 100 priced, 0 not found (11314 total so far)
Batch 115/146: 99 priced, 1 not found (11413 total so far)
Batch 116/146: 98 priced, 2 not found (11511 total so far)
Batch 117/146: 99 priced, 1 not found (11610 total so far)
Batch 118/146: 100 priced, 0 not found (11710 total so far)
Batch 119/146: 100 priced, 0 not found (11810 total so far)
Batch 120/146: 100 priced, 0 not found (11910 total so far)
Batch 121/146: 100 priced, 0 not found (12010 total so far)
Batch 122/146: 98 priced, 2 not found (12108 total so far)
Batch 123/146: 99 priced, 1 not found (12207 total so far)
Batch 124/146: 99 priced, 1 not found (12306 total so far)
Batch 125/146: 100 priced, 0 not found (12406 total so far)
Batch 126/146: 99 priced, 1 not found (12505 total so far)
Batch 127/146: 100 priced, 0 not found (12605 total so far)
Batch 128/146: 99 priced, 1 not found (12704 total so far)
Batch 129/146: 99 priced, 1 not found (12803 total so far)
Batch 130/146: 100 priced, 0 not found (12903 total so far)
Batch 131/146: 100 priced, 0 not found (13003 total so far)
Batch 132/146: 100 priced, 0 not found (13103 total so far)
Batch 133/146: 99 priced, 1 not found (13202 total so far)
Batch 134/146: 99 priced, 1 not found (13301 total so far)
Batch 135/146: 99 priced, 1 not found (13400 total so far)
Batch 136/146: 99 priced, 1 not found (13499 total so far)
Batch 137/146: 100 priced, 0 not found (13599 total so far)
Batch 138/146: 98 priced, 2 not found (13697 total so far)
Batch 139/146: 100 priced, 0 not found (13797 total so far)
Batch 140/146: 100 priced, 0 not found (13897 total so far)
Batch 141/146: 99 priced, 1 not found (13996 total so far)
Batch 142/146: 100 priced, 0 not found (14096 total so far)
Batch 143/146: 99 priced, 1 not found (14195 total so far)
Batch 144/146: 98 priced, 2 not found (14293 total so far)
Batch 145/146: 99 priced, 1 not found (14392 total so far)
Batch 146/146: 85 priced, 0 not found (14477 total so far)
108 item_ids returned no price data: [
   3718,  3740,  3923,  3925,  4244,  4348,  4355,  4431,  4435,
   4636,  4779,  4798,  4980,  4997,  5056,  5280,  5435,  5753,
   5810,  5822,  5834,  5913,  5999,  6063,  6143,  6240,  6312,
   7038,  7060,  7345,  7597,  7678,  7715,  7883,  7947,  8179,
   8393,  8692,  8993,  9153,  9325,  9395,  9454,  9746,  9882,
  10074, 10182, 10302, 10371, 10424, 10850, 10926, 10992, 10996,
  11099, 11103, 11309, 11390, 11763, 12031, 12144, 12148, 12410,
  12506, 12560, 12674, 12789, 12809, 13009, 13235, 13300, 13304,
  13374, 13618, 13630, 13844, 14070, 14346, 14422, 14670, 14682,
  14719, 14881, 14978, 15010, 15090, 15946, 16039, 16107, 16212,
  16660, 16661, 16788, 16917, 17117, 17287, 17467, 17887, 18011,
  18092,
  ... 8 more items
]
Got prices for 14477 items - inserting into price_history...
Inserted 395670 price rows.
Refreshing current-price views...
 
===== items 02/09/2026 13:25:09.45 ===== 
Fetching prices for 13360 non-skin items (agents, charms, patches, music kits, graffiti, stickers, collectibles)...
Batch 1/134: 100 priced, 0 not found (100 total so far)
Batch 2/134: 100 priced, 0 not found (200 total so far)
Batch 3/134: 100 priced, 0 not found (300 total so far)
Batch 4/134: 100 priced, 0 not found (400 total so far)
Batch 5/134: 100 priced, 0 not found (500 total so far)
Batch 6/134: 100 priced, 0 not found (600 total so far)
Batch 7/134: 100 priced, 0 not found (700 total so far)
Batch 8/134: 100 priced, 0 not found (800 total so far)
Batch 9/134: 100 priced, 0 not found (900 total so far)
Batch 10/134: 100 priced, 0 not found (1000 total so far)
Batch 11/134: 100 priced, 0 not found (1100 total so far)
Batch 12/134: 100 priced, 0 not found (1200 total so far)
Batch 13/134: 100 priced, 0 not found (1300 total so far)
Batch 14/134: 100 priced, 0 not found (1400 total so far)
Batch 15/134: 100 priced, 0 not found (1500 total so far)
Batch 16/134: 100 priced, 0 not found (1600 total so far)
Batch 17/134: 100 priced, 0 not found (1700 total so far)
Batch 18/134: 100 priced, 0 not found (1800 total so far)
Batch 19/134: 100 priced, 0 not found (1900 total so far)
Batch 20/134: 100 priced, 0 not found (2000 total so far)
Batch 21/134: 100 priced, 0 not found (2100 total so far)
Batch 22/134: 97 priced, 3 not found (2197 total so far)
Batch 23/134: 99 priced, 1 not found (2296 total so far)
Batch 24/134: 98 priced, 2 not found (2394 total so far)
Batch 25/134: 97 priced, 3 not found (2491 total so far)
Batch 26/134: 98 priced, 2 not found (2589 total so far)
Batch 27/134: 98 priced, 2 not found (2687 total so far)
Batch 28/134: 97 priced, 3 not found (2784 total so far)
Batch 29/134: 98 priced, 2 not found (2882 total so far)
Batch 30/134: 97 priced, 3 not found (2979 total so far)
Batch 31/134: 97 priced, 3 not found (3076 total so far)
Batch 32/134: 97 priced, 3 not found (3173 total so far)
Batch 33/134: 96 priced, 4 not found (3269 total so far)
Batch 34/134: 97 priced, 3 not found (3366 total so far)
Batch 35/134: 97 priced, 3 not found (3463 total so far)
Batch 36/134: 91 priced, 9 not found (3554 total so far)
Batch 37/134: 96 priced, 4 not found (3650 total so far)
Batch 38/134: 97 priced, 3 not found (3747 total so far)
Batch 39/134: 95 priced, 5 not found (3842 total so far)
Batch 40/134: 97 priced, 3 not found (3939 total so far)
Batch 41/134: 92 priced, 8 not found (4031 total so far)
Batch 42/134: 79 priced, 21 not found (4110 total so far)
Batch 43/134: 71 priced, 29 not found (4181 total so far)
Batch 44/134: 74 priced, 26 not found (4255 total so far)
Batch 45/134: 70 priced, 30 not found (4325 total so far)
Batch 46/134: 66 priced, 34 not found (4391 total so far)
Batch 47/134: 72 priced, 28 not found (4463 total so far)
Batch 48/134: 74 priced, 26 not found (4537 total so far)
Batch 49/134: 70 priced, 30 not found (4607 total so far)
Batch 50/134: 68 priced, 32 not found (4675 total so far)
Batch 51/134: 79 priced, 21 not found (4754 total so far)
Batch 52/134: 100 priced, 0 not found (4854 total so far)
Batch 53/134: 100 priced, 0 not found (4954 total so far)
Batch 54/134: 88 priced, 12 not found (5042 total so far)
Batch 55/134: 68 priced, 32 not found (5110 total so far)
Batch 56/134: 97 priced, 3 not found (5207 total so far)
Batch 57/134: 100 priced, 0 not found (5307 total so far)
Batch 58/134: 100 priced, 0 not found (5407 total so far)
Batch 59/134: 99 priced, 1 not found (5506 total so far)
Batch 60/134: 79 priced, 21 not found (5585 total so far)
Batch 61/134: 88 priced, 12 not found (5673 total so far)
Batch 62/134: 97 priced, 3 not found (5770 total so far)
Batch 63/134: 98 priced, 2 not found (5868 total so far)
Batch 64/134: 98 priced, 2 not found (5966 total so far)
Batch 65/134: 89 priced, 11 not found (6055 total so far)
Batch 66/134: 82 priced, 18 not found (6137 total so far)
Batch 67/134: 100 priced, 0 not found (6237 total so far)
Batch 68/134: 100 priced, 0 not found (6337 total so far)
Batch 69/134: 98 priced, 2 not found (6435 total so far)
Batch 70/134: 97 priced, 3 not found (6532 total so far)
Batch 71/134: 76 priced, 24 not found (6608 total so far)
Batch 72/134: 90 priced, 10 not found (6698 total so far)
Batch 73/134: 97 priced, 3 not found (6795 total so far)
Batch 74/134: 97 priced, 3 not found (6892 total so far)
Batch 75/134: 97 priced, 3 not found (6989 total so far)
Batch 76/134: 95 priced, 5 not found (7084 total so far)
Batch 77/134: 97 priced, 3 not found (7181 total so far)
Batch 78/134: 97 priced, 3 not found (7278 total so far)
Batch 79/134: 97 priced, 3 not found (7375 total so far)
Batch 80/134: 96 priced, 4 not found (7471 total so far)
Batch 81/134: 94 priced, 6 not found (7565 total so far)
Batch 82/134: 97 priced, 3 not found (7662 total so far)
Batch 83/134: 97 priced, 3 not found (7759 total so far)
Batch 84/134: 96 priced, 4 not found (7855 total so far)
Batch 85/134: 97 priced, 3 not found (7952 total so far)
Batch 86/134: 97 priced, 3 not found (8049 total so far)
Batch 87/134: 97 priced, 3 not found (8146 total so far)
Batch 88/134: 97 priced, 3 not found (8243 total so far)
Batch 89/134: 97 priced, 3 not found (8340 total so far)
Batch 90/134: 97 priced, 3 not found (8437 total so far)
Batch 91/134: 96 priced, 4 not found (8533 total so far)
Batch 92/134: 96 priced, 4 not found (8629 total so far)
Batch 93/134: 97 priced, 3 not found (8726 total so far)
Batch 94/134: 97 priced, 3 not found (8823 total so far)
Batch 95/134: 97 priced, 3 not found (8920 total so far)
Batch 96/134: 97 priced, 3 not found (9017 total so far)
Batch 97/134: 97 priced, 3 not found (9114 total so far)
Batch 98/134: 97 priced, 3 not found (9211 total so far)
Batch 99/134: 97 priced, 3 not found (9308 total so far)
Batch 100/134: 97 priced, 3 not found (9405 total so far)
Batch 101/134: 96 priced, 4 not found (9501 total so far)
Batch 102/134: 97 priced, 3 not found (9598 total so far)
Batch 103/134: 97 priced, 3 not found (9695 total so far)
Batch 104/134: 97 priced, 3 not found (9792 total so far)
Batch 105/134: 96 priced, 4 not found (9888 total so far)
Batch 106/134: 97 priced, 3 not found (9985 total so far)
Batch 107/134: 97 priced, 3 not found (10082 total so far)
Batch 108/134: 97 priced, 3 not found (10179 total so far)
Batch 109/134: 97 priced, 3 not found (10276 total so far)
Batch 110/134: 97 priced, 3 not found (10373 total so far)
Batch 111/134: 97 priced, 3 not found (10470 total so far)
Batch 112/134: 95 priced, 5 not found (10565 total so far)
Batch 113/134: 97 priced, 3 not found (10662 total so far)
Batch 114/134: 97 priced, 3 not found (10759 total so far)
Batch 115/134: 96 priced, 4 not found (10855 total so far)
Batch 116/134: 96 priced, 4 not found (10951 total so far)
Batch 117/134: 96 priced, 4 not found (11047 total so far)
Batch 118/134: 96 priced, 4 not found (11143 total so far)
Batch 119/134: 95 priced, 5 not found (11238 total so far)
Batch 120/134: 96 priced, 4 not found (11334 total so far)
Batch 121/134: 96 priced, 4 not found (11430 total so far)
Batch 122/134: 97 priced, 3 not found (11527 total so far)
Batch 123/134: 95 priced, 5 not found (11622 total so far)
Batch 124/134: 96 priced, 4 not found (11718 total so far)
Batch 125/134: 96 priced, 4 not found (11814 total so far)
Batch 126/134: 96 priced, 4 not found (11910 total so far)
Batch 127/134: 96 priced, 4 not found (12006 total so far)
Batch 128/134: 96 priced, 4 not found (12102 total so far)
Batch 129/134: 96 priced, 4 not found (12198 total so far)
Batch 130/134: 99 priced, 1 not found (12297 total so far)
Batch 131/134: 99 priced, 1 not found (12396 total so far)
Batch 132/134: 99 priced, 1 not found (12495 total so far)
Batch 133/134: 100 priced, 0 not found (12595 total so far)
Batch 134/134: 60 priced, 0 not found (12655 total so far)
705 item_ids returned no price data: [
  37622, 37623, 37624, 37625, 37626, 37627, 37628, 37629,
  37630, 37631, 37632, 37633, 37634, 37635, 37636, 37637,
  37638, 37639, 37640, 37641, 37642, 37643, 37644, 37645,
  37646, 37647, 37648, 37649, 37650, 37651, 37652, 37653,
  37654, 37655, 37656, 37657, 37658, 37659, 41050, 37660,
  41068, 41077, 41086, 37661, 41098, 41107, 41113, 37662,
  37663, 37664, 37665, 37666, 37667, 37668, 41308, 41325,
  37669, 37670, 37671, 37672, 37673, 41476, 37674, 37675,
  41521, 41530, 41542, 37676, 41551, 37677, 41596, 37678,
  37679, 37680, 37681, 37682, 37683, 37684, 37685, 37686,
  37687, 37688, 37689, 37690, 37691, 37692, 37693, 37694,
  37695, 37696, 37697, 37698, 37699, 37700, 37701, 37702,
  37703, 37704, 37705, 37706,
  ... 605 more items
]
Got prices for 12655 items - inserting into item_price_history...
Inserted 245795 price rows.
Refreshing current-price views...
 
===== skins 02/09/2026 15:00:01.15 ===== 
Fetching prices for 14585 skin listings...
Batch 1/146: 98 priced, 2 not found (98 total so far)
Batch 2/146: 100 priced, 0 not found (198 total so far)
Batch 3/146: 98 priced, 2 not found (296 total so far)
Batch 4/146: 100 priced, 0 not found (396 total so far)
Batch 5/146: 100 priced, 0 not found (496 total so far)
Batch 6/146: 99 priced, 1 not found (595 total so far)
Batch 7/146: 96 priced, 4 not found (691 total so far)
Batch 8/146: 100 priced, 0 not found (791 total so far)
Batch 9/146: 99 priced, 1 not found (890 total so far)
Batch 10/146: 100 priced, 0 not found (990 total so far)
Batch 11/146: 98 priced, 2 not found (1088 total so far)
Batch 12/146: 100 priced, 0 not found (1188 total so far)
Batch 13/146: 97 priced, 3 not found (1285 total so far)
Batch 14/146: 100 priced, 0 not found (1385 total so far)
Batch 15/146: 99 priced, 1 not found (1484 total so far)
Batch 16/146: 99 priced, 1 not found (1583 total so far)
Batch 17/146: 99 priced, 1 not found (1682 total so far)
Batch 18/146: 100 priced, 0 not found (1782 total so far)
Batch 19/146: 99 priced, 1 not found (1881 total so far)
Batch 20/146: 99 priced, 1 not found (1980 total so far)
Batch 21/146: 97 priced, 3 not found (2077 total so far)
Batch 22/146: 98 priced, 2 not found (2175 total so far)
Batch 23/146: 99 priced, 1 not found (2274 total so far)
Batch 24/146: 99 priced, 1 not found (2373 total so far)
Batch 25/146: 98 priced, 2 not found (2471 total so far)
Batch 26/146: 100 priced, 0 not found (2571 total so far)
Batch 27/146: 100 priced, 0 not found (2671 total so far)
Batch 28/146: 100 priced, 0 not found (2771 total so far)
Batch 29/146: 100 priced, 0 not found (2871 total so far)
Batch 30/146: 100 priced, 0 not found (2971 total so far)
Batch 31/146: 100 priced, 0 not found (3071 total so far)
Batch 32/146: 98 priced, 2 not found (3169 total so far)
Batch 33/146: 100 priced, 0 not found (3269 total so far)
Batch 34/146: 100 priced, 0 not found (3369 total so far)
Batch 35/146: 99 priced, 1 not found (3468 total so far)
Batch 36/146: 100 priced, 0 not found (3568 total so far)
Batch 37/146: 99 priced, 1 not found (3667 total so far)
Batch 38/146: 98 priced, 2 not found (3765 total so far)
Batch 39/146: 100 priced, 0 not found (3865 total so far)
Batch 40/146: 98 priced, 2 not found (3963 total so far)
Batch 41/146: 100 priced, 0 not found (4063 total so far)
Batch 42/146: 100 priced, 0 not found (4163 total so far)
Batch 43/146: 99 priced, 1 not found (4262 total so far)
Batch 44/146: 100 priced, 0 not found (4362 total so far)
Batch 45/146: 99 priced, 1 not found (4461 total so far)
Batch 46/146: 100 priced, 0 not found (4561 total so far)
Batch 47/146: 99 priced, 1 not found (4660 total so far)
Batch 48/146: 100 priced, 0 not found (4760 total so far)
Batch 49/146: 100 priced, 0 not found (4860 total so far)
Error: CS2Cap prices request failed: 502
    at fetchPriceBatch (file:///C:/Users/lobet/Documents/WearHouse/server/sync-skin-prices.js:62:24)
    at process.processTicksAndRejections (node:internal/process/task_queues:104:5)
    at async fetchAllSkinPrices (file:///C:/Users/lobet/Documents/WearHouse/server/sync-skin-prices.js:73:44)
    at async sync (file:///C:/Users/lobet/Documents/WearHouse/server/sync-skin-prices.js:140:25)
 
===== items 03/09/2026 17:54:37.05 ===== 
Fetching prices for 13360 non-skin items (agents, charms, patches, music kits, graffiti, stickers, collectibles)...
Batch 1/134: 100 priced, 0 not found (100 total so far)
Batch 2/134: 100 priced, 0 not found (200 total so far)
Batch 3/134: 100 priced, 0 not found (300 total so far)
Batch 4/134: 100 priced, 0 not found (400 total so far)
Batch 5/134: 100 priced, 0 not found (500 total so far)
Batch 6/134: 100 priced, 0 not found (600 total so far)
Batch 7/134: 100 priced, 0 not found (700 total so far)
Batch 8/134: 100 priced, 0 not found (800 total so far)
Batch 9/134: 100 priced, 0 not found (900 total so far)
Batch 10/134: 100 priced, 0 not found (1000 total so far)
Batch 11/134: 100 priced, 0 not found (1100 total so far)
Batch 12/134: 100 priced, 0 not found (1200 total so far)
Batch 13/134: 100 priced, 0 not found (1300 total so far)
Batch 14/134: 100 priced, 0 not found (1400 total so far)
Batch 15/134: 100 priced, 0 not found (1500 total so far)
Batch 16/134: 100 priced, 0 not found (1600 total so far)
Batch 17/134: 100 priced, 0 not found (1700 total so far)
Batch 18/134: 100 priced, 0 not found (1800 total so far)
Batch 19/134: 100 priced, 0 not found (1900 total so far)
Batch 20/134: 100 priced, 0 not found (2000 total so far)
Batch 21/134: 100 priced, 0 not found (2100 total so far)
Batch 22/134: 97 priced, 3 not found (2197 total so far)
Batch 23/134: 99 priced, 1 not found (2296 total so far)
Batch 24/134: 98 priced, 2 not found (2394 total so far)
Batch 25/134: 97 priced, 3 not found (2491 total so far)
Batch 26/134: 98 priced, 2 not found (2589 total so far)
Batch 27/134: 98 priced, 2 not found (2687 total so far)
Batch 28/134: 97 priced, 3 not found (2784 total so far)
Batch 29/134: 98 priced, 2 not found (2882 total so far)
Batch 30/134: 97 priced, 3 not found (2979 total so far)
Batch 31/134: 97 priced, 3 not found (3076 total so far)
Batch 32/134: 97 priced, 3 not found (3173 total so far)
Batch 33/134: 96 priced, 4 not found (3269 total so far)
Batch 34/134: 97 priced, 3 not found (3366 total so far)
Batch 35/134: 97 priced, 3 not found (3463 total so far)
Batch 36/134: 92 priced, 8 not found (3555 total so far)
Batch 37/134: 96 priced, 4 not found (3651 total so far)
Batch 38/134: 95 priced, 5 not found (3746 total so far)
Batch 39/134: 96 priced, 4 not found (3842 total so far)
Batch 40/134: 96 priced, 4 not found (3938 total so far)
Batch 41/134: 91 priced, 9 not found (4029 total so far)
Batch 42/134: 79 priced, 21 not found (4108 total so far)
Batch 43/134: 71 priced, 29 not found (4179 total so far)
Batch 44/134: 74 priced, 26 not found (4253 total so far)
Batch 45/134: 70 priced, 30 not found (4323 total so far)
Batch 46/134: 66 priced, 34 not found (4389 total so far)
Batch 47/134: 72 priced, 28 not found (4461 total so far)
Batch 48/134: 74 priced, 26 not found (4535 total so far)
Batch 49/134: 70 priced, 30 not found (4605 total so far)
Batch 50/134: 68 priced, 32 not found (4673 total so far)
Batch 51/134: 79 priced, 21 not found (4752 total so far)
Batch 52/134: 100 priced, 0 not found (4852 total so far)
Batch 53/134: 100 priced, 0 not found (4952 total so far)
Batch 54/134: 88 priced, 12 not found (5040 total so far)
Batch 55/134: 68 priced, 32 not found (5108 total so far)
Batch 56/134: 97 priced, 3 not found (5205 total so far)
Batch 57/134: 100 priced, 0 not found (5305 total so far)
Batch 58/134: 100 priced, 0 not found (5405 total so far)
Batch 59/134: 99 priced, 1 not found (5504 total so far)
Batch 60/134: 79 priced, 21 not found (5583 total so far)
Batch 61/134: 88 priced, 12 not found (5671 total so far)
Batch 62/134: 97 priced, 3 not found (5768 total so far)
Batch 63/134: 98 priced, 2 not found (5866 total so far)
Batch 64/134: 98 priced, 2 not found (5964 total so far)
Batch 65/134: 89 priced, 11 not found (6053 total so far)
Batch 66/134: 82 priced, 18 not found (6135 total so far)
Batch 67/134: 100 priced, 0 not found (6235 total so far)
Batch 68/134: 100 priced, 0 not found (6335 total so far)
Batch 69/134: 98 priced, 2 not found (6433 total so far)
Batch 70/134: 97 priced, 3 not found (6530 total so far)
Batch 71/134: 76 priced, 24 not found (6606 total so far)
Batch 72/134: 90 priced, 10 not found (6696 total so far)
Batch 73/134: 97 priced, 3 not found (6793 total so far)
Batch 74/134: 97 priced, 3 not found (6890 total so far)
Batch 75/134: 97 priced, 3 not found (6987 total so far)
Batch 76/134: 95 priced, 5 not found (7082 total so far)
Batch 77/134: 97 priced, 3 not found (7179 total so far)
Batch 78/134: 97 priced, 3 not found (7276 total so far)
Batch 79/134: 97 priced, 3 not found (7373 total so far)
Batch 80/134: 96 priced, 4 not found (7469 total so far)
Batch 81/134: 94 priced, 6 not found (7563 total so far)
Batch 82/134: 97 priced, 3 not found (7660 total so far)
Batch 83/134: 97 priced, 3 not found (7757 total so far)
Batch 84/134: 96 priced, 4 not found (7853 total so far)
Batch 85/134: 97 priced, 3 not found (7950 total so far)
Batch 86/134: 97 priced, 3 not found (8047 total so far)
Batch 87/134: 97 priced, 3 not found (8144 total so far)
Batch 88/134: 97 priced, 3 not found (8241 total so far)
Batch 89/134: 97 priced, 3 not found (8338 total so far)
Batch 90/134: 97 priced, 3 not found (8435 total so far)
Batch 91/134: 96 priced, 4 not found (8531 total so far)
Batch 92/134: 96 priced, 4 not found (8627 total so far)
Batch 93/134: 97 priced, 3 not found (8724 total so far)
Batch 94/134: 97 priced, 3 not found (8821 total so far)
Batch 95/134: 97 priced, 3 not found (8918 total so far)
Batch 96/134: 97 priced, 3 not found (9015 total so far)
Batch 97/134: 97 priced, 3 not found (9112 total so far)
Batch 98/134: 97 priced, 3 not found (9209 total so far)
Batch 99/134: 97 priced, 3 not found (9306 total so far)
Batch 100/134: 97 priced, 3 not found (9403 total so far)
Batch 101/134: 96 priced, 4 not found (9499 total so far)
Batch 102/134: 97 priced, 3 not found (9596 total so far)
Batch 103/134: 97 priced, 3 not found (9693 total so far)
Batch 104/134: 97 priced, 3 not found (9790 total so far)
Batch 105/134: 96 priced, 4 not found (9886 total so far)
Batch 106/134: 97 priced, 3 not found (9983 total so far)
Batch 107/134: 97 priced, 3 not found (10080 total so far)
Batch 108/134: 97 priced, 3 not found (10177 total so far)
Batch 109/134: 97 priced, 3 not found (10274 total so far)
Batch 110/134: 97 priced, 3 not found (10371 total so far)
Batch 111/134: 97 priced, 3 not found (10468 total so far)
Batch 112/134: 95 priced, 5 not found (10563 total so far)
Batch 113/134: 97 priced, 3 not found (10660 total so far)
Batch 114/134: 97 priced, 3 not found (10757 total so far)
Batch 115/134: 96 priced, 4 not found (10853 total so far)
Batch 116/134: 96 priced, 4 not found (10949 total so far)
Batch 117/134: 96 priced, 4 not found (11045 total so far)
Batch 118/134: 96 priced, 4 not found (11141 total so far)
Batch 119/134: 95 priced, 5 not found (11236 total so far)
Batch 120/134: 96 priced, 4 not found (11332 total so far)
Batch 121/134: 96 priced, 4 not found (11428 total so far)
Batch 122/134: 97 priced, 3 not found (11525 total so far)
Batch 123/134: 95 priced, 5 not found (11620 total so far)
Batch 124/134: 96 priced, 4 not found (11716 total so far)
Batch 125/134: 96 priced, 4 not found (11812 total so far)
Batch 126/134: 96 priced, 4 not found (11908 total so far)
Batch 127/134: 96 priced, 4 not found (12004 total so far)
Batch 128/134: 96 priced, 4 not found (12100 total so far)
Batch 129/134: 96 priced, 4 not found (12196 total so far)
Batch 130/134: 99 priced, 1 not found (12295 total so far)
Batch 131/134: 99 priced, 1 not found (12394 total so far)
Batch 132/134: 99 priced, 1 not found (12493 total so far)
Batch 133/134: 100 priced, 0 not found (12593 total so far)
Batch 134/134: 60 priced, 0 not found (12653 total so far)
707 item_ids returned no price data: [
  37622, 37623, 37624, 37625, 37626, 37627, 37628, 37629,
  37630, 37631, 37632, 37633, 37634, 37635, 37636, 37637,
  37638, 37639, 37640, 37641, 37642, 37643, 37644, 37645,
  37646, 37647, 37648, 37649, 37650, 37651, 37652, 37653,
  37654, 37655, 37656, 37657, 37658, 37659, 41050, 37660,
  41077, 41086, 37661, 41098, 41107, 41113, 37662, 37663,
  37664, 37665, 41239, 37666, 37667, 41290, 37668, 41329,
  37669, 37670, 37671, 37672, 41449, 37673, 41479, 41482,
  37674, 37675, 41521, 41530, 41542, 37676, 41551, 37677,
  41596, 37678, 37679, 37680, 37681, 37682, 37683, 37684,
  37685, 37686, 37687, 37688, 37689, 37690, 37691, 37692,
  37693, 37694, 37695, 37696, 37697, 37698, 37699, 37700,
  37701, 37702, 37703, 37704,
  ... 607 more items
]
Got prices for 12653 items - inserting into item_price_history...
Inserted 247766 price rows.
Refreshing current-price views...
 
===== skins 03/09/2026 18:00:01.03 ===== 
Fetching prices for 14585 skin listings...
Batch 1/146: 98 priced, 2 not found (98 total so far)
Batch 2/146: 100 priced, 0 not found (198 total so far)
Batch 3/146: 98 priced, 2 not found (296 total so far)
Batch 4/146: 100 priced, 0 not found (396 total so far)
Batch 5/146: 100 priced, 0 not found (496 total so far)
Batch 6/146: 99 priced, 1 not found (595 total so far)
Batch 7/146: 96 priced, 4 not found (691 total so far)
Batch 8/146: 100 priced, 0 not found (791 total so far)
Batch 9/146: 99 priced, 1 not found (890 total so far)
Batch 10/146: 100 priced, 0 not found (990 total so far)
Batch 11/146: 98 priced, 2 not found (1088 total so far)
Batch 12/146: 100 priced, 0 not found (1188 total so far)
Batch 13/146: 97 priced, 3 not found (1285 total so far)
Batch 14/146: 100 priced, 0 not found (1385 total so far)
Batch 15/146: 99 priced, 1 not found (1484 total so far)
Batch 16/146: 99 priced, 1 not found (1583 total so far)
Batch 17/146: 99 priced, 1 not found (1682 total so far)
Batch 18/146: 100 priced, 0 not found (1782 total so far)
Batch 19/146: 99 priced, 1 not found (1881 total so far)
Batch 20/146: 99 priced, 1 not found (1980 total so far)
Batch 21/146: 97 priced, 3 not found (2077 total so far)
Batch 22/146: 98 priced, 2 not found (2175 total so far)
Batch 23/146: 99 priced, 1 not found (2274 total so far)
Batch 24/146: 99 priced, 1 not found (2373 total so far)
Batch 25/146: 98 priced, 2 not found (2471 total so far)
Batch 26/146: 100 priced, 0 not found (2571 total so far)
Batch 27/146: 100 priced, 0 not found (2671 total so far)
Batch 28/146: 100 priced, 0 not found (2771 total so far)
Batch 29/146: 100 priced, 0 not found (2871 total so far)
Batch 30/146: 100 priced, 0 not found (2971 total so far)
Batch 31/146: 100 priced, 0 not found (3071 total so far)
Batch 32/146: 98 priced, 2 not found (3169 total so far)
Batch 33/146: 100 priced, 0 not found (3269 total so far)
Batch 34/146: 100 priced, 0 not found (3369 total so far)
Batch 35/146: 99 priced, 1 not found (3468 total so far)
Batch 36/146: 100 priced, 0 not found (3568 total so far)
Batch 37/146: 99 priced, 1 not found (3667 total so far)
Batch 38/146: 98 priced, 2 not found (3765 total so far)
Batch 39/146: 100 priced, 0 not found (3865 total so far)
Batch 40/146: 98 priced, 2 not found (3963 total so far)
Batch 41/146: 100 priced, 0 not found (4063 total so far)
Batch 42/146: 100 priced, 0 not found (4163 total so far)
Batch 43/146: 99 priced, 1 not found (4262 total so far)
Batch 44/146: 100 priced, 0 not found (4362 total so far)
Batch 45/146: 99 priced, 1 not found (4461 total so far)
Batch 46/146: 100 priced, 0 not found (4561 total so far)
Batch 47/146: 99 priced, 1 not found (4660 total so far)
Batch 48/146: 100 priced, 0 not found (4760 total so far)
Batch 49/146: 100 priced, 0 not found (4860 total so far)
Batch 50/146: 99 priced, 1 not found (4959 total so far)
Batch 51/146: 100 priced, 0 not found (5059 total so far)
Batch 52/146: 99 priced, 1 not found (5158 total so far)
Batch 53/146: 99 priced, 1 not found (5257 total so far)
Batch 54/146: 99 priced, 1 not found (5356 total so far)
Batch 55/146: 99 priced, 1 not found (5455 total so far)
Batch 56/146: 100 priced, 0 not found (5555 total so far)
Batch 57/146: 99 priced, 1 not found (5654 total so far)
Batch 58/146: 100 priced, 0 not found (5754 total so far)
Batch 59/146: 99 priced, 1 not found (5853 total so far)
Batch 60/146: 100 priced, 0 not found (5953 total so far)
Batch 61/146: 99 priced, 1 not found (6052 total so far)
Batch 62/146: 99 priced, 1 not found (6151 total so far)
Batch 63/146: 99 priced, 1 not found (6250 total so far)
Batch 64/146: 98 priced, 2 not found (6348 total so far)
Batch 65/146: 100 priced, 0 not found (6448 total so far)
Batch 66/146: 100 priced, 0 not found (6548 total so far)
Batch 67/146: 100 priced, 0 not found (6648 total so far)
Batch 68/146: 99 priced, 1 not found (6747 total so far)
Batch 69/146: 97 priced, 3 not found (6844 total so far)
Batch 70/146: 98 priced, 2 not found (6942 total so far)
Batch 71/146: 100 priced, 0 not found (7042 total so far)
Batch 72/146: 99 priced, 1 not found (7141 total so far)
Batch 73/146: 99 priced, 1 not found (7240 total so far)
Batch 74/146: 100 priced, 0 not found (7340 total so far)
Batch 75/146: 100 priced, 0 not found (7440 total so far)
Batch 76/146: 99 priced, 1 not found (7539 total so far)
Batch 77/146: 100 priced, 0 not found (7639 total so far)
Batch 78/146: 100 priced, 0 not found (7739 total so far)
Batch 79/146: 99 priced, 1 not found (7838 total so far)
Batch 80/146: 98 priced, 2 not found (7936 total so far)
Batch 81/146: 100 priced, 0 not found (8036 total so far)
Batch 82/146: 99 priced, 1 not found (8135 total so far)
Batch 83/146: 98 priced, 2 not found (8233 total so far)
Batch 84/146: 99 priced, 1 not found (8332 total so far)
Batch 85/146: 98 priced, 2 not found (8430 total so far)
Batch 86/146: 100 priced, 0 not found (8530 total so far)
Batch 87/146: 99 priced, 1 not found (8629 total so far)
Batch 88/146: 100 priced, 0 not found (8729 total so far)
Batch 89/146: 99 priced, 1 not found (8828 total so far)
Batch 90/146: 98 priced, 2 not found (8926 total so far)
Batch 91/146: 99 priced, 1 not found (9025 total so far)
Batch 92/146: 100 priced, 0 not found (9125 total so far)
Batch 93/146: 98 priced, 2 not found (9223 total so far)
Batch 94/146: 100 priced, 0 not found (9323 total so far)
Batch 95/146: 99 priced, 1 not found (9422 total so far)
Batch 96/146: 100 priced, 0 not found (9522 total so far)
Batch 97/146: 99 priced, 1 not found (9621 total so far)
Batch 98/146: 100 priced, 0 not found (9721 total so far)
Batch 99/146: 100 priced, 0 not found (9821 total so far)
Batch 100/146: 98 priced, 2 not found (9919 total so far)
Batch 101/146: 100 priced, 0 not found (10019 total so far)
Batch 102/146: 100 priced, 0 not found (10119 total so far)
Batch 103/146: 97 priced, 3 not found (10216 total so far)
Batch 104/146: 100 priced, 0 not found (10316 total so far)
Batch 105/146: 99 priced, 1 not found (10415 total so far)
Batch 106/146: 98 priced, 2 not found (10513 total so far)
Batch 107/146: 98 priced, 2 not found (10611 total so far)
Batch 108/146: 100 priced, 0 not found (10711 total so far)
Batch 109/146: 100 priced, 0 not found (10811 total so far)
Batch 110/146: 100 priced, 0 not found (10911 total so far)
Batch 111/146: 100 priced, 0 not found (11011 total so far)
Batch 112/146: 100 priced, 0 not found (11111 total so far)
Batch 113/146: 100 priced, 0 not found (11211 total so far)
Batch 114/146: 100 priced, 0 not found (11311 total so far)
Batch 115/146: 99 priced, 1 not found (11410 total so far)
Batch 116/146: 98 priced, 2 not found (11508 total so far)
Batch 117/146: 99 priced, 1 not found (11607 total so far)
Batch 118/146: 100 priced, 0 not found (11707 total so far)
Batch 119/146: 100 priced, 0 not found (11807 total so far)
Batch 120/146: 100 priced, 0 not found (11907 total so far)
Batch 121/146: 100 priced, 0 not found (12007 total so far)
Batch 122/146: 98 priced, 2 not found (12105 total so far)
Batch 123/146: 99 priced, 1 not found (12204 total so far)
Batch 124/146: 99 priced, 1 not found (12303 total so far)
Batch 125/146: 100 priced, 0 not found (12403 total so far)
Batch 126/146: 99 priced, 1 not found (12502 total so far)
Batch 127/146: 100 priced, 0 not found (12602 total so far)
Batch 128/146: 99 priced, 1 not found (12701 total so far)
Batch 129/146: 99 priced, 1 not found (12800 total so far)
Batch 130/146: 100 priced, 0 not found (12900 total so far)
Batch 131/146: 100 priced, 0 not found (13000 total so far)
Batch 132/146: 100 priced, 0 not found (13100 total so far)
Batch 133/146: 99 priced, 1 not found (13199 total so far)
Batch 134/146: 99 priced, 1 not found (13298 total so far)
Batch 135/146: 99 priced, 1 not found (13397 total so far)
Batch 136/146: 99 priced, 1 not found (13496 total so far)
Batch 137/146: 100 priced, 0 not found (13596 total so far)
Batch 138/146: 98 priced, 2 not found (13694 total so far)
Batch 139/146: 100 priced, 0 not found (13794 total so far)
Batch 140/146: 100 priced, 0 not found (13894 total so far)
Batch 141/146: 99 priced, 1 not found (13993 total so far)
Batch 142/146: 100 priced, 0 not found (14093 total so far)
Batch 143/146: 99 priced, 1 not found (14192 total so far)
Batch 144/146: 98 priced, 2 not found (14290 total so far)
Batch 145/146: 99 priced, 1 not found (14389 total so far)
Batch 146/146: 85 priced, 0 not found (14474 total so far)
111 item_ids returned no price data: [
   3718,  3740,  3923,  3925,  4244,  4348,  4355,  4431,  4435,
   4636,  4779,  4798,  4980,  4997,  5056,  5279,  5280,  5435,
   5632,  5753,  5810,  5822,  5834,  5913,  5999,  6063,  6143,
   6240,  6312,  7038,  7060,  7345,  7597,  7678,  7715,  7883,
   7947,  8179,  8393,  8692,  8993,  9153,  9325,  9395,  9454,
   9746,  9882, 10074, 10182, 10302, 10371, 10424, 10850, 10926,
  10992, 10996, 11099, 11103, 11309, 11390, 11763, 12031, 12144,
  12148, 12410, 12506, 12560, 12674, 12789, 12809, 13009, 13235,
  13300, 13304, 13374, 13618, 13630, 13844, 14070, 14346, 14422,
  14670, 14682, 14719, 14881, 14978, 15010, 15087, 15090, 15946,
  16039, 16107, 16212, 16660, 16661, 16788, 16917, 17117, 17287,
  17467,
  ... 11 more items
]
Got prices for 14474 items - inserting into price_history...
Inserted 399996 price rows.
Refreshing current-price views...
 
===== skins 04/09/2026 17:22:12.65 ===== 
^C 
===== skins 04/09/2026 18:00:01.13 ===== 
Fetching prices for 14585 skin listings...
Batch 1/146: 98 priced, 2 not found (98 total so far)
Batch 2/146: 100 priced, 0 not found (198 total so far)
Batch 3/146: 98 priced, 2 not found (296 total so far)
Batch 4/146: 100 priced, 0 not found (396 total so far)
Batch 5/146: 100 priced, 0 not found (496 total so far)
Batch 6/146: 99 priced, 1 not found (595 total so far)
Batch 7/146: 96 priced, 4 not found (691 total so far)
Batch 8/146: 100 priced, 0 not found (791 total so far)
Batch 9/146: 99 priced, 1 not found (890 total so far)
Batch 10/146: 100 priced, 0 not found (990 total so far)
Batch 11/146: 98 priced, 2 not found (1088 total so far)
Batch 12/146: 100 priced, 0 not found (1188 total so far)
Batch 13/146: 97 priced, 3 not found (1285 total so far)
Batch 14/146: 100 priced, 0 not found (1385 total so far)
Batch 15/146: 99 priced, 1 not found (1484 total so far)
Batch 16/146: 99 priced, 1 not found (1583 total so far)
Batch 17/146: 99 priced, 1 not found (1682 total so far)
Batch 18/146: 100 priced, 0 not found (1782 total so far)
Batch 19/146: 99 priced, 1 not found (1881 total so far)
Batch 20/146: 99 priced, 1 not found (1980 total so far)
Batch 21/146: 97 priced, 3 not found (2077 total so far)
Batch 22/146: 98 priced, 2 not found (2175 total so far)
Batch 23/146: 99 priced, 1 not found (2274 total so far)
Batch 24/146: 99 priced, 1 not found (2373 total so far)
Batch 25/146: 98 priced, 2 not found (2471 total so far)
Batch 26/146: 100 priced, 0 not found (2571 total so far)
Batch 27/146: 100 priced, 0 not found (2671 total so far)
Batch 28/146: 100 priced, 0 not found (2771 total so far)
Batch 29/146: 100 priced, 0 not found (2871 total so far)
Batch 30/146: 100 priced, 0 not found (2971 total so far)
Batch 31/146: 100 priced, 0 not found (3071 total so far)
Batch 32/146: 98 priced, 2 not found (3169 total so far)
Batch 33/146: 100 priced, 0 not found (3269 total so far)
Batch 34/146: 100 priced, 0 not found (3369 total so far)
Batch 35/146: 99 priced, 1 not found (3468 total so far)
Batch 36/146: 100 priced, 0 not found (3568 total so far)
Batch 37/146: 99 priced, 1 not found (3667 total so far)
Batch 38/146: 98 priced, 2 not found (3765 total so far)
Batch 39/146: 100 priced, 0 not found (3865 total so far)
Batch 40/146: 98 priced, 2 not found (3963 total so far)
Batch 41/146: 100 priced, 0 not found (4063 total so far)
Batch 42/146: 100 priced, 0 not found (4163 total so far)
Batch 43/146: 99 priced, 1 not found (4262 total so far)
Batch 44/146: 100 priced, 0 not found (4362 total so far)
Batch 45/146: 98 priced, 2 not found (4460 total so far)
Batch 46/146: 100 priced, 0 not found (4560 total so far)
Batch 47/146: 99 priced, 1 not found (4659 total so far)
Batch 48/146: 100 priced, 0 not found (4759 total so far)
Batch 49/146: 100 priced, 0 not found (4859 total so far)
Batch 50/146: 99 priced, 1 not found (4958 total so far)
Batch 51/146: 100 priced, 0 not found (5058 total so far)
Batch 52/146: 99 priced, 1 not found (5157 total so far)
Batch 53/146: 99 priced, 1 not found (5256 total so far)
Batch 54/146: 99 priced, 1 not found (5355 total so far)
Batch 55/146: 99 priced, 1 not found (5454 total so far)
Batch 56/146: 100 priced, 0 not found (5554 total so far)
Batch 57/146: 99 priced, 1 not found (5653 total so far)
Batch 58/146: 100 priced, 0 not found (5753 total so far)
Batch 59/146: 99 priced, 1 not found (5852 total so far)
Batch 60/146: 100 priced, 0 not found (5952 total so far)
Batch 61/146: 99 priced, 1 not found (6051 total so far)
Batch 62/146: 99 priced, 1 not found (6150 total so far)
Batch 63/146: 99 priced, 1 not found (6249 total so far)
Batch 64/146: 98 priced, 2 not found (6347 total so far)
Batch 65/146: 100 priced, 0 not found (6447 total so far)
Batch 66/146: 100 priced, 0 not found (6547 total so far)
Batch 67/146: 100 priced, 0 not found (6647 total so far)
Batch 68/146: 99 priced, 1 not found (6746 total so far)
Batch 69/146: 97 priced, 3 not found (6843 total so far)
Batch 70/146: 98 priced, 2 not found (6941 total so far)
Batch 71/146: 100 priced, 0 not found (7041 total so far)
Batch 72/146: 99 priced, 1 not found (7140 total so far)
Batch 73/146: 99 priced, 1 not found (7239 total so far)
Batch 74/146: 100 priced, 0 not found (7339 total so far)
Batch 75/146: 100 priced, 0 not found (7439 total so far)
Batch 76/146: 99 priced, 1 not found (7538 total so far)
Batch 77/146: 100 priced, 0 not found (7638 total so far)
Batch 78/146: 100 priced, 0 not found (7738 total so far)
Batch 79/146: 99 priced, 1 not found (7837 total so far)
Batch 80/146: 98 priced, 2 not found (7935 total so far)
Batch 81/146: 100 priced, 0 not found (8035 total so far)
Batch 82/146: 99 priced, 1 not found (8134 total so far)
Batch 83/146: 98 priced, 2 not found (8232 total so far)
Batch 84/146: 99 priced, 1 not found (8331 total so far)
Batch 85/146: 98 priced, 2 not found (8429 total so far)
Batch 86/146: 100 priced, 0 not found (8529 total so far)
Batch 87/146: 99 priced, 1 not found (8628 total so far)
Batch 88/146: 100 priced, 0 not found (8728 total so far)
Batch 89/146: 99 priced, 1 not found (8827 total so far)
Batch 90/146: 98 priced, 2 not found (8925 total so far)
Batch 91/146: 99 priced, 1 not found (9024 total so far)
Batch 92/146: 100 priced, 0 not found (9124 total so far)
Batch 93/146: 98 priced, 2 not found (9222 total so far)
Batch 94/146: 100 priced, 0 not found (9322 total so far)
Batch 95/146: 99 priced, 1 not found (9421 total so far)
Batch 96/146: 100 priced, 0 not found (9521 total so far)
Batch 97/146: 99 priced, 1 not found (9620 total so far)
Batch 98/146: 100 priced, 0 not found (9720 total so far)
Batch 99/146: 100 priced, 0 not found (9820 total so far)
Batch 100/146: 98 priced, 2 not found (9918 total so far)
Batch 101/146: 100 priced, 0 not found (10018 total so far)
Batch 102/146: 100 priced, 0 not found (10118 total so far)
Batch 103/146: 97 priced, 3 not found (10215 total so far)
Batch 104/146: 100 priced, 0 not found (10315 total so far)
Batch 105/146: 99 priced, 1 not found (10414 total so far)
Batch 106/146: 98 priced, 2 not found (10512 total so far)
Batch 107/146: 98 priced, 2 not found (10610 total so far)
Batch 108/146: 100 priced, 0 not found (10710 total so far)
Batch 109/146: 100 priced, 0 not found (10810 total so far)
Batch 110/146: 100 priced, 0 not found (10910 total so far)
Batch 111/146: 100 priced, 0 not found (11010 total so far)
Batch 112/146: 100 priced, 0 not found (11110 total so far)
Batch 113/146: 100 priced, 0 not found (11210 total so far)
Batch 114/146: 100 priced, 0 not found (11310 total so far)
Batch 115/146: 99 priced, 1 not found (11409 total so far)
Batch 116/146: 98 priced, 2 not found (11507 total so far)
Batch 117/146: 99 priced, 1 not found (11606 total so far)
Batch 118/146: 100 priced, 0 not found (11706 total so far)
Batch 119/146: 100 priced, 0 not found (11806 total so far)
Batch 120/146: 100 priced, 0 not found (11906 total so far)
Batch 121/146: 100 priced, 0 not found (12006 total so far)
Batch 122/146: 98 priced, 2 not found (12104 total so far)
Batch 123/146: 99 priced, 1 not found (12203 total so far)
Batch 124/146: 99 priced, 1 not found (12302 total so far)
Batch 125/146: 100 priced, 0 not found (12402 total so far)
Batch 126/146: 99 priced, 1 not found (12501 total so far)
Batch 127/146: 100 priced, 0 not found (12601 total so far)
Batch 128/146: 99 priced, 1 not found (12700 total so far)
Batch 129/146: 99 priced, 1 not found (12799 total so far)
Batch 130/146: 100 priced, 0 not found (12899 total so far)
Batch 131/146: 100 priced, 0 not found (12999 total so far)
Batch 132/146: 100 priced, 0 not found (13099 total so far)
Batch 133/146: 99 priced, 1 not found (13198 total so far)
Batch 134/146: 99 priced, 1 not found (13297 total so far)
Batch 135/146: 99 priced, 1 not found (13396 total so far)
Batch 136/146: 99 priced, 1 not found (13495 total so far)
Batch 137/146: 100 priced, 0 not found (13595 total so far)
Batch 138/146: 98 priced, 2 not found (13693 total so far)
Batch 139/146: 100 priced, 0 not found (13793 total so far)
Batch 140/146: 100 priced, 0 not found (13893 total so far)
Batch 141/146: 99 priced, 1 not found (13992 total so far)
Batch 142/146: 100 priced, 0 not found (14092 total so far)
Batch 143/146: 99 priced, 1 not found (14191 total so far)
Batch 144/146: 98 priced, 2 not found (14289 total so far)
Batch 145/146: 99 priced, 1 not found (14388 total so far)
Batch 146/146: 85 priced, 0 not found (14473 total so far)
112 item_ids returned no price data: [
   3718,  3740,  3923,  3925,  4244,  4348,  4355,  4431,  4435,
   4636,  4779,  4798,  4980,  4997,  5056,  5279,  5280,  5435,
   5632,  5753,  5810,  5822,  5834,  5913,  5999,  6063,  6143,
   6240,  6312,  7038,  7060,  7345,  7597,  7678,  7715,  7883,
   7947,  8179,  8393,  8477,  8692,  8993,  9153,  9325,  9395,
   9454,  9746,  9882, 10074, 10182, 10302, 10371, 10424, 10850,
  10926, 10992, 10996, 11099, 11103, 11309, 11390, 11763, 12031,
  12144, 12148, 12410, 12506, 12560, 12674, 12789, 12809, 13009,
  13235, 13300, 13304, 13374, 13618, 13630, 13844, 14070, 14346,
  14422, 14670, 14682, 14719, 14881, 14978, 15010, 15087, 15090,
  15946, 16039, 16107, 16212, 16660, 16661, 16788, 16917, 17117,
  17287,
  ... 12 more items
]
Got prices for 14473 items - inserting into price_history...
Inserted 388741 price rows.
Refreshing current-price views...
 
===== skins 04/09/2026 20:22:10.87 ===== 
Fetching prices for 14585 skin listings...
Batch 1/146: 98 priced, 2 not found (98 total so far)
Batch 2/146: 100 priced, 0 not found (198 total so far)
Batch 3/146: 98 priced, 2 not found (296 total so far)
Batch 4/146: 100 priced, 0 not found (396 total so far)
Batch 5/146: 100 priced, 0 not found (496 total so far)
Batch 6/146: 99 priced, 1 not found (595 total so far)
Batch 7/146: 96 priced, 4 not found (691 total so far)
Batch 8/146: 100 priced, 0 not found (791 total so far)
Batch 9/146: 99 priced, 1 not found (890 total so far)
Batch 10/146: 100 priced, 0 not found (990 total so far)
Batch 11/146: 98 priced, 2 not found (1088 total so far)
Batch 12/146: 100 priced, 0 not found (1188 total so far)
Batch 13/146: 97 priced, 3 not found (1285 total so far)
Batch 14/146: 100 priced, 0 not found (1385 total so far)
Batch 15/146: 99 priced, 1 not found (1484 total so far)
Batch 16/146: 99 priced, 1 not found (1583 total so far)
Batch 17/146: 99 priced, 1 not found (1682 total so far)
Batch 18/146: 100 priced, 0 not found (1782 total so far)
Batch 19/146: 99 priced, 1 not found (1881 total so far)
Batch 20/146: 99 priced, 1 not found (1980 total so far)
Batch 21/146: 97 priced, 3 not found (2077 total so far)
Batch 22/146: 98 priced, 2 not found (2175 total so far)
Batch 23/146: 99 priced, 1 not found (2274 total so far)
Batch 24/146: 99 priced, 1 not found (2373 total so far)
Batch 25/146: 98 priced, 2 not found (2471 total so far)
Batch 26/146: 100 priced, 0 not found (2571 total so far)
Batch 27/146: 100 priced, 0 not found (2671 total so far)
Batch 28/146: 100 priced, 0 not found (2771 total so far)
Batch 29/146: 100 priced, 0 not found (2871 total so far)
Batch 30/146: 100 priced, 0 not found (2971 total so far)
Batch 31/146: 100 priced, 0 not found (3071 total so far)
Batch 32/146: 98 priced, 2 not found (3169 total so far)
Batch 33/146: 100 priced, 0 not found (3269 total so far)
Batch 34/146: 100 priced, 0 not found (3369 total so far)
Batch 35/146: 99 priced, 1 not found (3468 total so far)
Batch 36/146: 100 priced, 0 not found (3568 total so far)
Batch 37/146: 99 priced, 1 not found (3667 total so far)
Batch 38/146: 98 priced, 2 not found (3765 total so far)
Batch 39/146: 100 priced, 0 not found (3865 total so far)
Batch 40/146: 98 priced, 2 not found (3963 total so far)
Batch 41/146: 100 priced, 0 not found (4063 total so far)
Batch 42/146: 100 priced, 0 not found (4163 total so far)
Batch 43/146: 99 priced, 1 not found (4262 total so far)
Batch 44/146: 100 priced, 0 not found (4362 total so far)
Batch 45/146: 98 priced, 2 not found (4460 total so far)
Batch 46/146: 100 priced, 0 not found (4560 total so far)
Batch 47/146: 99 priced, 1 not found (4659 total so far)
Batch 48/146: 100 priced, 0 not found (4759 total so far)
Batch 49/146: 100 priced, 0 not found (4859 total so far)
Batch 50/146: 99 priced, 1 not found (4958 total so far)
Batch 51/146: 100 priced, 0 not found (5058 total so far)
Batch 52/146: 99 priced, 1 not found (5157 total so far)
Batch 53/146: 99 priced, 1 not found (5256 total so far)
Batch 54/146: 99 priced, 1 not found (5355 total so far)
Batch 55/146: 99 priced, 1 not found (5454 total so far)
Batch 56/146: 100 priced, 0 not found (5554 total so far)
Batch 57/146: 99 priced, 1 not found (5653 total so far)
Batch 58/146: 100 priced, 0 not found (5753 total so far)
Batch 59/146: 99 priced, 1 not found (5852 total so far)
Batch 60/146: 100 priced, 0 not found (5952 total so far)
Batch 61/146: 99 priced, 1 not found (6051 total so far)
Batch 62/146: 99 priced, 1 not found (6150 total so far)
Batch 63/146: 99 priced, 1 not found (6249 total so far)
Batch 64/146: 98 priced, 2 not found (6347 total so far)
Batch 65/146: 100 priced, 0 not found (6447 total so far)
Batch 66/146: 100 priced, 0 not found (6547 total so far)
Batch 67/146: 100 priced, 0 not found (6647 total so far)
Batch 68/146: 99 priced, 1 not found (6746 total so far)
Batch 69/146: 97 priced, 3 not found (6843 total so far)
Batch 70/146: 98 priced, 2 not found (6941 total so far)
Batch 71/146: 100 priced, 0 not found (7041 total so far)
Batch 72/146: 99 priced, 1 not found (7140 total so far)
Batch 73/146: 99 priced, 1 not found (7239 total so far)
Batch 74/146: 100 priced, 0 not found (7339 total so far)
Batch 75/146: 100 priced, 0 not found (7439 total so far)
Batch 76/146: 99 priced, 1 not found (7538 total so far)
Batch 77/146: 100 priced, 0 not found (7638 total so far)
Batch 78/146: 100 priced, 0 not found (7738 total so far)
Batch 79/146: 99 priced, 1 not found (7837 total so far)
Batch 80/146: 98 priced, 2 not found (7935 total so far)
Batch 81/146: 100 priced, 0 not found (8035 total so far)
Batch 82/146: 99 priced, 1 not found (8134 total so far)
Batch 83/146: 98 priced, 2 not found (8232 total so far)
Batch 84/146: 99 priced, 1 not found (8331 total so far)
Batch 85/146: 98 priced, 2 not found (8429 total so far)
Batch 86/146: 100 priced, 0 not found (8529 total so far)
Batch 87/146: 99 priced, 1 not found (8628 total so far)
Batch 88/146: 100 priced, 0 not found (8728 total so far)
Batch 89/146: 99 priced, 1 not found (8827 total so far)
Batch 90/146: 98 priced, 2 not found (8925 total so far)
Batch 91/146: 99 priced, 1 not found (9024 total so far)
Batch 92/146: 100 priced, 0 not found (9124 total so far)
Batch 93/146: 98 priced, 2 not found (9222 total so far)
Batch 94/146: 100 priced, 0 not found (9322 total so far)
Batch 95/146: 99 priced, 1 not found (9421 total so far)
Batch 96/146: 100 priced, 0 not found (9521 total so far)
Batch 97/146: 99 priced, 1 not found (9620 total so far)
Batch 98/146: 100 priced, 0 not found (9720 total so far)
Batch 99/146: 100 priced, 0 not found (9820 total so far)
Batch 100/146: 98 priced, 2 not found (9918 total so far)
Batch 101/146: 100 priced, 0 not found (10018 total so far)
Batch 102/146: 100 priced, 0 not found (10118 total so far)
Batch 103/146: 97 priced, 3 not found (10215 total so far)
Batch 104/146: 100 priced, 0 not found (10315 total so far)
Batch 105/146: 99 priced, 1 not found (10414 total so far)
Batch 106/146: 98 priced, 2 not found (10512 total so far)
Batch 107/146: 98 priced, 2 not found (10610 total so far)
Batch 108/146: 100 priced, 0 not found (10710 total so far)
Batch 109/146: 100 priced, 0 not found (10810 total so far)
Batch 110/146: 100 priced, 0 not found (10910 total so far)
Batch 111/146: 100 priced, 0 not found (11010 total so far)
Batch 112/146: 100 priced, 0 not found (11110 total so far)
Batch 113/146: 100 priced, 0 not found (11210 total so far)
Batch 114/146: 100 priced, 0 not found (11310 total so far)
Batch 115/146: 99 priced, 1 not found (11409 total so far)
Batch 116/146: 98 priced, 2 not found (11507 total so far)
Batch 117/146: 99 priced, 1 not found (11606 total so far)
Batch 118/146: 100 priced, 0 not found (11706 total so far)
Batch 119/146: 100 priced, 0 not found (11806 total so far)
Batch 120/146: 100 priced, 0 not found (11906 total so far)
Batch 121/146: 100 priced, 0 not found (12006 total so far)
Batch 122/146: 98 priced, 2 not found (12104 total so far)
Batch 123/146: 99 priced, 1 not found (12203 total so far)
Batch 124/146: 99 priced, 1 not found (12302 total so far)
Batch 125/146: 100 priced, 0 not found (12402 total so far)
Batch 126/146: 99 priced, 1 not found (12501 total so far)
Batch 127/146: 100 priced, 0 not found (12601 total so far)
Batch 128/146: 99 priced, 1 not found (12700 total so far)
Batch 129/146: 99 priced, 1 not found (12799 total so far)
Batch 130/146: 100 priced, 0 not found (12899 total so far)
Batch 131/146: 100 priced, 0 not found (12999 total so far)
Batch 132/146: 100 priced, 0 not found (13099 total so far)
Batch 133/146: 99 priced, 1 not found (13198 total so far)
Batch 134/146: 99 priced, 1 not found (13297 total so far)
Batch 135/146: 99 priced, 1 not found (13396 total so far)
Batch 136/146: 99 priced, 1 not found (13495 total so far)
Batch 137/146: 100 priced, 0 not found (13595 total so far)
Batch 138/146: 97 priced, 3 not found (13692 total so far)
Batch 139/146: 100 priced, 0 not found (13792 total so far)
Batch 140/146: 100 priced, 0 not found (13892 total so far)
Batch 141/146: 99 priced, 1 not found (13991 total so far)
Batch 142/146: 100 priced, 0 not found (14091 total so far)
Batch 143/146: 99 priced, 1 not found (14190 total so far)
Batch 144/146: 98 priced, 2 not found (14288 total so far)
Batch 145/146: 99 priced, 1 not found (14387 total so far)
Batch 146/146: 85 priced, 0 not found (14472 total so far)
113 item_ids returned no price data: [
   3718,  3740,  3923,  3925,  4244,  4348,  4355,  4431,  4435,
   4636,  4779,  4798,  4980,  4997,  5056,  5279,  5280,  5435,
   5632,  5753,  5810,  5822,  5834,  5913,  5999,  6063,  6143,
   6240,  6312,  7038,  7060,  7345,  7597,  7678,  7715,  7883,
   7947,  8179,  8393,  8477,  8692,  8993,  9153,  9325,  9395,
   9454,  9746,  9882, 10074, 10182, 10302, 10371, 10424, 10850,
  10926, 10992, 10996, 11099, 11103, 11309, 11390, 11763, 12031,
  12144, 12148, 12410, 12506, 12560, 12674, 12789, 12809, 13009,
  13235, 13300, 13304, 13374, 13618, 13630, 13844, 14070, 14346,
  14422, 14670, 14682, 14719, 14881, 14978, 15010, 15087, 15090,
  15946, 16039, 16107, 16212, 16660, 16661, 16788, 16917, 17117,
  17287,
  ... 13 more items
]
Got prices for 14472 items - inserting into price_history...
Inserted 393158 price rows.
Refreshing current-price views...
 
===== skins 04/09/2026 21:00:01.18 ===== 
Fetching prices for 14585 skin listings...
Batch 1/146: 98 priced, 2 not found (98 total so far)
Batch 2/146: 100 priced, 0 not found (198 total so far)
Batch 3/146: 98 priced, 2 not found (296 total so far)
Batch 4/146: 100 priced, 0 not found (396 total so far)
Batch 5/146: 100 priced, 0 not found (496 total so far)
Batch 6/146: 99 priced, 1 not found (595 total so far)
Batch 7/146: 96 priced, 4 not found (691 total so far)
Batch 8/146: 100 priced, 0 not found (791 total so far)
Batch 9/146: 99 priced, 1 not found (890 total so far)
Batch 10/146: 100 priced, 0 not found (990 total so far)
Batch 11/146: 98 priced, 2 not found (1088 total so far)
Batch 12/146: 100 priced, 0 not found (1188 total so far)
Batch 13/146: 97 priced, 3 not found (1285 total so far)
Batch 14/146: 100 priced, 0 not found (1385 total so far)
Batch 15/146: 99 priced, 1 not found (1484 total so far)
Batch 16/146: 99 priced, 1 not found (1583 total so far)
Batch 17/146: 99 priced, 1 not found (1682 total so far)
Batch 18/146: 100 priced, 0 not found (1782 total so far)
Batch 19/146: 99 priced, 1 not found (1881 total so far)
Batch 20/146: 99 priced, 1 not found (1980 total so far)
Batch 21/146: 97 priced, 3 not found (2077 total so far)
Batch 22/146: 98 priced, 2 not found (2175 total so far)
Batch 23/146: 99 priced, 1 not found (2274 total so far)
Batch 24/146: 99 priced, 1 not found (2373 total so far)
Batch 25/146: 98 priced, 2 not found (2471 total so far)
Batch 26/146: 100 priced, 0 not found (2571 total so far)
Batch 27/146: 100 priced, 0 not found (2671 total so far)
Batch 28/146: 100 priced, 0 not found (2771 total so far)
Batch 29/146: 100 priced, 0 not found (2871 total so far)
Batch 30/146: 100 priced, 0 not found (2971 total so far)
Batch 31/146: 100 priced, 0 not found (3071 total so far)
Batch 32/146: 98 priced, 2 not found (3169 total so far)
Batch 33/146: 100 priced, 0 not found (3269 total so far)
Batch 34/146: 100 priced, 0 not found (3369 total so far)
Batch 35/146: 99 priced, 1 not found (3468 total so far)
Batch 36/146: 100 priced, 0 not found (3568 total so far)
Batch 37/146: 99 priced, 1 not found (3667 total so far)
Batch 38/146: 98 priced, 2 not found (3765 total so far)
Batch 39/146: 100 priced, 0 not found (3865 total so far)
Batch 40/146: 98 priced, 2 not found (3963 total so far)
Batch 41/146: 100 priced, 0 not found (4063 total so far)
Batch 42/146: 100 priced, 0 not found (4163 total so far)
Batch 43/146: 99 priced, 1 not found (4262 total so far)
Batch 44/146: 100 priced, 0 not found (4362 total so far)
Batch 45/146: 98 priced, 2 not found (4460 total so far)
Batch 46/146: 100 priced, 0 not found (4560 total so far)
Batch 47/146: 99 priced, 1 not found (4659 total so far)
Batch 48/146: 100 priced, 0 not found (4759 total so far)
Batch 49/146: 100 priced, 0 not found (4859 total so far)
Batch 50/146: 99 priced, 1 not found (4958 total so far)
Batch 51/146: 100 priced, 0 not found (5058 total so far)
Batch 52/146: 99 priced, 1 not found (5157 total so far)
Batch 53/146: 99 priced, 1 not found (5256 total so far)
Batch 54/146: 99 priced, 1 not found (5355 total so far)
Batch 55/146: 99 priced, 1 not found (5454 total so far)
Batch 56/146: 100 priced, 0 not found (5554 total so far)
Batch 57/146: 99 priced, 1 not found (5653 total so far)
Batch 58/146: 100 priced, 0 not found (5753 total so far)
Batch 59/146: 99 priced, 1 not found (5852 total so far)
Batch 60/146: 100 priced, 0 not found (5952 total so far)
Batch 61/146: 99 priced, 1 not found (6051 total so far)
Batch 62/146: 99 priced, 1 not found (6150 total so far)
Batch 63/146: 99 priced, 1 not found (6249 total so far)
Batch 64/146: 98 priced, 2 not found (6347 total so far)
Batch 65/146: 100 priced, 0 not found (6447 total so far)
Batch 66/146: 100 priced, 0 not found (6547 total so far)
Batch 67/146: 100 priced, 0 not found (6647 total so far)
Batch 68/146: 99 priced, 1 not found (6746 total so far)
Batch 69/146: 97 priced, 3 not found (6843 total so far)
Batch 70/146: 98 priced, 2 not found (6941 total so far)
Batch 71/146: 100 priced, 0 not found (7041 total so far)
Batch 72/146: 99 priced, 1 not found (7140 total so far)
Batch 73/146: 99 priced, 1 not found (7239 total so far)
Batch 74/146: 100 priced, 0 not found (7339 total so far)
Batch 75/146: 100 priced, 0 not found (7439 total so far)
Batch 76/146: 99 priced, 1 not found (7538 total so far)
Batch 77/146: 100 priced, 0 not found (7638 total so far)
Batch 78/146: 100 priced, 0 not found (7738 total so far)
Batch 79/146: 99 priced, 1 not found (7837 total so far)
Batch 80/146: 98 priced, 2 not found (7935 total so far)
Batch 81/146: 100 priced, 0 not found (8035 total so far)
Batch 82/146: 99 priced, 1 not found (8134 total so far)
Batch 83/146: 98 priced, 2 not found (8232 total so far)
Batch 84/146: 99 priced, 1 not found (8331 total so far)
Batch 85/146: 98 priced, 2 not found (8429 total so far)
Batch 86/146: 100 priced, 0 not found (8529 total so far)
Batch 87/146: 99 priced, 1 not found (8628 total so far)
Batch 88/146: 100 priced, 0 not found (8728 total so far)
Batch 89/146: 99 priced, 1 not found (8827 total so far)
Batch 90/146: 98 priced, 2 not found (8925 total so far)
Batch 91/146: 99 priced, 1 not found (9024 total so far)
Batch 92/146: 100 priced, 0 not found (9124 total so far)
Batch 93/146: 98 priced, 2 not found (9222 total so far)
Batch 94/146: 100 priced, 0 not found (9322 total so far)
Batch 95/146: 99 priced, 1 not found (9421 total so far)
Batch 96/146: 100 priced, 0 not found (9521 total so far)
Batch 97/146: 99 priced, 1 not found (9620 total so far)
Batch 98/146: 100 priced, 0 not found (9720 total so far)
Batch 99/146: 100 priced, 0 not found (9820 total so far)
Batch 100/146: 98 priced, 2 not found (9918 total so far)
Batch 101/146: 100 priced, 0 not found (10018 total so far)
Batch 102/146: 100 priced, 0 not found (10118 total so far)
Batch 103/146: 97 priced, 3 not found (10215 total so far)
Batch 104/146: 100 priced, 0 not found (10315 total so far)
Batch 105/146: 99 priced, 1 not found (10414 total so far)
Batch 106/146: 98 priced, 2 not found (10512 total so far)
Batch 107/146: 98 priced, 2 not found (10610 total so far)
Batch 108/146: 100 priced, 0 not found (10710 total so far)
Batch 109/146: 100 priced, 0 not found (10810 total so far)
Batch 110/146: 100 priced, 0 not found (10910 total so far)
Batch 111/146: 100 priced, 0 not found (11010 total so far)
Batch 112/146: 100 priced, 0 not found (11110 total so far)
Batch 113/146: 100 priced, 0 not found (11210 total so far)
Batch 114/146: 100 priced, 0 not found (11310 total so far)
Batch 115/146: 99 priced, 1 not found (11409 total so far)
Batch 116/146: 98 priced, 2 not found (11507 total so far)
Batch 117/146: 99 priced, 1 not found (11606 total so far)
Batch 118/146: 100 priced, 0 not found (11706 total so far)
Batch 119/146: 100 priced, 0 not found (11806 total so far)
Batch 120/146: 100 priced, 0 not found (11906 total so far)
Batch 121/146: 100 priced, 0 not found (12006 total so far)
Batch 122/146: 98 priced, 2 not found (12104 total so far)
Batch 123/146: 99 priced, 1 not found (12203 total so far)
Batch 124/146: 99 priced, 1 not found (12302 total so far)
Batch 125/146: 100 priced, 0 not found (12402 total so far)
Batch 126/146: 99 priced, 1 not found (12501 total so far)
Batch 127/146: 100 priced, 0 not found (12601 total so far)
Batch 128/146: 99 priced, 1 not found (12700 total so far)
Batch 129/146: 99 priced, 1 not found (12799 total so far)
Batch 130/146: 100 priced, 0 not found (12899 total so far)
Batch 131/146: 100 priced, 0 not found (12999 total so far)
Batch 132/146: 100 priced, 0 not found (13099 total so far)
Batch 133/146: 99 priced, 1 not found (13198 total so far)
Batch 134/146: 99 priced, 1 not found (13297 total so far)
Batch 135/146: 99 priced, 1 not found (13396 total so far)
Batch 136/146: 99 priced, 1 not found (13495 total so far)
Batch 137/146: 100 priced, 0 not found (13595 total so far)
Batch 138/146: 97 priced, 3 not found (13692 total so far)
Batch 139/146: 100 priced, 0 not found (13792 total so far)
Batch 140/146: 100 priced, 0 not found (13892 total so far)
Batch 141/146: 99 priced, 1 not found (13991 total so far)
Batch 142/146: 100 priced, 0 not found (14091 total so far)
Batch 143/146: 99 priced, 1 not found (14190 total so far)
Batch 144/146: 98 priced, 2 not found (14288 total so far)
Batch 145/146: 99 priced, 1 not found (14387 total so far)
Batch 146/146: 85 priced, 0 not found (14472 total so far)
113 item_ids returned no price data: [
   3718,  3740,  3923,  3925,  4244,  4348,  4355,  4431,  4435,
   4636,  4779,  4798,  4980,  4997,  5056,  5279,  5280,  5435,
   5632,  5753,  5810,  5822,  5834,  5913,  5999,  6063,  6143,
   6240,  6312,  7038,  7060,  7345,  7597,  7678,  7715,  7883,
   7947,  8179,  8393,  8477,  8692,  8993,  9153,  9325,  9395,
   9454,  9746,  9882, 10074, 10182, 10302, 10371, 10424, 10850,
  10926, 10992, 10996, 11099, 11103, 11309, 11390, 11763, 12031,
  12144, 12148, 12410, 12506, 12560, 12674, 12789, 12809, 13009,
  13235, 13300, 13304, 13374, 13618, 13630, 13844, 14070, 14346,
  14422, 14670, 14682, 14719, 14881, 14978, 15010, 15087, 15090,
  15946, 16039, 16107, 16212, 16660, 16661, 16788, 16917, 17117,
  17287,
  ... 13 more items
]
Got prices for 14472 items - inserting into price_history...
Inserted 388967 price rows.
Refreshing current-price views...
 
===== skins 04/09/2026 23:22:10.78 ===== 
Fetching prices for 14585 skin listings...
Batch 1/146: 98 priced, 2 not found (98 total so far)
Batch 2/146: 100 priced, 0 not found (198 total so far)
Batch 3/146: 98 priced, 2 not found (296 total so far)
Batch 4/146: 100 priced, 0 not found (396 total so far)
Batch 5/146: 100 priced, 0 not found (496 total so far)
Batch 6/146: 99 priced, 1 not found (595 total so far)
Batch 7/146: 96 priced, 4 not found (691 total so far)
Batch 8/146: 100 priced, 0 not found (791 total so far)
Batch 9/146: 99 priced, 1 not found (890 total so far)
Batch 10/146: 100 priced, 0 not found (990 total so far)
Batch 11/146: 98 priced, 2 not found (1088 total so far)
Batch 12/146: 100 priced, 0 not found (1188 total so far)
Batch 13/146: 97 priced, 3 not found (1285 total so far)
Batch 14/146: 100 priced, 0 not found (1385 total so far)
Batch 15/146: 99 priced, 1 not found (1484 total so far)
Batch 16/146: 99 priced, 1 not found (1583 total so far)
Batch 17/146: 99 priced, 1 not found (1682 total so far)
Batch 18/146: 100 priced, 0 not found (1782 total so far)
Batch 19/146: 99 priced, 1 not found (1881 total so far)
Batch 20/146: 99 priced, 1 not found (1980 total so far)
Batch 21/146: 97 priced, 3 not found (2077 total so far)
Batch 22/146: 98 priced, 2 not found (2175 total so far)
Batch 23/146: 99 priced, 1 not found (2274 total so far)
Batch 24/146: 99 priced, 1 not found (2373 total so far)
Batch 25/146: 98 priced, 2 not found (2471 total so far)
Batch 26/146: 100 priced, 0 not found (2571 total so far)
Batch 27/146: 100 priced, 0 not found (2671 total so far)
Batch 28/146: 100 priced, 0 not found (2771 total so far)
Batch 29/146: 100 priced, 0 not found (2871 total so far)
Batch 30/146: 100 priced, 0 not found (2971 total so far)
Batch 31/146: 100 priced, 0 not found (3071 total so far)
Batch 32/146: 98 priced, 2 not found (3169 total so far)
Batch 33/146: 100 priced, 0 not found (3269 total so far)
Batch 34/146: 100 priced, 0 not found (3369 total so far)
Batch 35/146: 99 priced, 1 not found (3468 total so far)
Batch 36/146: 100 priced, 0 not found (3568 total so far)
Batch 37/146: 99 priced, 1 not found (3667 total so far)
Batch 38/146: 98 priced, 2 not found (3765 total so far)
Batch 39/146: 100 priced, 0 not found (3865 total so far)
Batch 40/146: 98 priced, 2 not found (3963 total so far)
Batch 41/146: 100 priced, 0 not found (4063 total so far)
Batch 42/146: 100 priced, 0 not found (4163 total so far)
Batch 43/146: 99 priced, 1 not found (4262 total so far)
Batch 44/146: 100 priced, 0 not found (4362 total so far)
Batch 45/146: 98 priced, 2 not found (4460 total so far)
Batch 46/146: 100 priced, 0 not found (4560 total so far)
Batch 47/146: 99 priced, 1 not found (4659 total so far)
Batch 48/146: 100 priced, 0 not found (4759 total so far)
Batch 49/146: 100 priced, 0 not found (4859 total so far)
Batch 50/146: 99 priced, 1 not found (4958 total so far)
Batch 51/146: 100 priced, 0 not found (5058 total so far)
Batch 52/146: 99 priced, 1 not found (5157 total so far)
Batch 53/146: 99 priced, 1 not found (5256 total so far)
Batch 54/146: 99 priced, 1 not found (5355 total so far)
Batch 55/146: 99 priced, 1 not found (5454 total so far)
Batch 56/146: 100 priced, 0 not found (5554 total so far)
Batch 57/146: 99 priced, 1 not found (5653 total so far)
Batch 58/146: 100 priced, 0 not found (5753 total so far)
Batch 59/146: 99 priced, 1 not found (5852 total so far)
Batch 60/146: 100 priced, 0 not found (5952 total so far)
Batch 61/146: 99 priced, 1 not found (6051 total so far)
Batch 62/146: 99 priced, 1 not found (6150 total so far)
Batch 63/146: 99 priced, 1 not found (6249 total so far)
Batch 64/146: 98 priced, 2 not found (6347 total so far)
Batch 65/146: 100 priced, 0 not found (6447 total so far)
Batch 66/146: 100 priced, 0 not found (6547 total so far)
Batch 67/146: 100 priced, 0 not found (6647 total so far)
Batch 68/146: 99 priced, 1 not found (6746 total so far)
Batch 69/146: 97 priced, 3 not found (6843 total so far)
Batch 70/146: 98 priced, 2 not found (6941 total so far)
Batch 71/146: 100 priced, 0 not found (7041 total so far)
Batch 72/146: 99 priced, 1 not found (7140 total so far)
Batch 73/146: 99 priced, 1 not found (7239 total so far)
Batch 74/146: 100 priced, 0 not found (7339 total so far)
Batch 75/146: 100 priced, 0 not found (7439 total so far)
Batch 76/146: 99 priced, 1 not found (7538 total so far)
Batch 77/146: 100 priced, 0 not found (7638 total so far)
Batch 78/146: 100 priced, 0 not found (7738 total so far)
Batch 79/146: 99 priced, 1 not found (7837 total so far)
Batch 80/146: 98 priced, 2 not found (7935 total so far)
Batch 81/146: 100 priced, 0 not found (8035 total so far)
Batch 82/146: 99 priced, 1 not found (8134 total so far)
Batch 83/146: 98 priced, 2 not found (8232 total so far)
Batch 84/146: 99 priced, 1 not found (8331 total so far)
Batch 85/146: 98 priced, 2 not found (8429 total so far)
Batch 86/146: 100 priced, 0 not found (8529 total so far)
Batch 87/146: 99 priced, 1 not found (8628 total so far)
Batch 88/146: 100 priced, 0 not found (8728 total so far)
Batch 89/146: 99 priced, 1 not found (8827 total so far)
Batch 90/146: 98 priced, 2 not found (8925 total so far)
Batch 91/146: 99 priced, 1 not found (9024 total so far)
Batch 92/146: 100 priced, 0 not found (9124 total so far)
Batch 93/146: 98 priced, 2 not found (9222 total so far)
Batch 94/146: 100 priced, 0 not found (9322 total so far)
Batch 95/146: 99 priced, 1 not found (9421 total so far)
Batch 96/146: 100 priced, 0 not found (9521 total so far)
Batch 97/146: 99 priced, 1 not found (9620 total so far)
Batch 98/146: 100 priced, 0 not found (9720 total so far)
Batch 99/146: 100 priced, 0 not found (9820 total so far)
Batch 100/146: 98 priced, 2 not found (9918 total so far)
Batch 101/146: 100 priced, 0 not found (10018 total so far)
Batch 102/146: 100 priced, 0 not found (10118 total so far)
Batch 103/146: 97 priced, 3 not found (10215 total so far)
Batch 104/146: 100 priced, 0 not found (10315 total so far)
Batch 105/146: 99 priced, 1 not found (10414 total so far)
Batch 106/146: 98 priced, 2 not found (10512 total so far)
Batch 107/146: 98 priced, 2 not found (10610 total so far)
Batch 108/146: 100 priced, 0 not found (10710 total so far)
Batch 109/146: 100 priced, 0 not found (10810 total so far)
Batch 110/146: 100 priced, 0 not found (10910 total so far)
Batch 111/146: 100 priced, 0 not found (11010 total so far)
Batch 112/146: 100 priced, 0 not found (11110 total so far)
Batch 113/146: 100 priced, 0 not found (11210 total so far)
Batch 114/146: 100 priced, 0 not found (11310 total so far)
Batch 115/146: 99 priced, 1 not found (11409 total so far)
Batch 116/146: 98 priced, 2 not found (11507 total so far)
Batch 117/146: 99 priced, 1 not found (11606 total so far)
Batch 118/146: 100 priced, 0 not found (11706 total so far)
Batch 119/146: 100 priced, 0 not found (11806 total so far)
Batch 120/146: 100 priced, 0 not found (11906 total so far)
Batch 121/146: 100 priced, 0 not found (12006 total so far)
Batch 122/146: 98 priced, 2 not found (12104 total so far)
Batch 123/146: 99 priced, 1 not found (12203 total so far)
Batch 124/146: 99 priced, 1 not found (12302 total so far)
Batch 125/146: 100 priced, 0 not found (12402 total so far)
Batch 126/146: 99 priced, 1 not found (12501 total so far)
Batch 127/146: 100 priced, 0 not found (12601 total so far)
Batch 128/146: 99 priced, 1 not found (12700 total so far)
Batch 129/146: 99 priced, 1 not found (12799 total so far)
Batch 130/146: 100 priced, 0 not found (12899 total so far)
Batch 131/146: 100 priced, 0 not found (12999 total so far)
Batch 132/146: 100 priced, 0 not found (13099 total so far)
Batch 133/146: 99 priced, 1 not found (13198 total so far)
Batch 134/146: 99 priced, 1 not found (13297 total so far)
Batch 135/146: 99 priced, 1 not found (13396 total so far)
Batch 136/146: 99 priced, 1 not found (13495 total so far)
Batch 137/146: 100 priced, 0 not found (13595 total so far)
Batch 138/146: 97 priced, 3 not found (13692 total so far)
Batch 139/146: 100 priced, 0 not found (13792 total so far)
Batch 140/146: 100 priced, 0 not found (13892 total so far)
Batch 141/146: 99 priced, 1 not found (13991 total so far)
Batch 142/146: 100 priced, 0 not found (14091 total so far)
Batch 143/146: 99 priced, 1 not found (14190 total so far)
Batch 144/146: 98 priced, 2 not found (14288 total so far)
Batch 145/146: 99 priced, 1 not found (14387 total so far)
Batch 146/146: 85 priced, 0 not found (14472 total so far)
113 item_ids returned no price data: [
   3718,  3740,  3923,  3925,  4244,  4348,  4355,  4431,  4435,
   4636,  4779,  4798,  4980,  4997,  5056,  5279,  5280,  5435,
   5632,  5753,  5810,  5822,  5834,  5913,  5999,  6063,  6143,
   6240,  6312,  7038,  7060,  7345,  7597,  7678,  7715,  7883,
   7947,  8179,  8393,  8477,  8692,  8993,  9153,  9325,  9395,
   9454,  9746,  9882, 10074, 10182, 10302, 10371, 10424, 10850,
  10926, 10992, 10996, 11099, 11103, 11309, 11390, 11763, 12031,
  12144, 12148, 12410, 12506, 12560, 12674, 12789, 12809, 13009,
  13235, 13300, 13304, 13374, 13618, 13630, 13844, 14070, 14346,
  14422, 14670, 14682, 14719, 14881, 14978, 15010, 15087, 15090,
  15946, 16039, 16107, 16212, 16660, 16661, 16788, 16917, 17117,
  17287,
  ... 13 more items
]
Got prices for 14472 items - inserting into price_history...
Inserted 389130 price rows.
Refreshing current-price views...
 
===== items 05/09/2026 11:09:55.60 ===== 
Fetching prices for 13360 non-skin items (agents, charms, patches, music kits, graffiti, stickers, collectibles)...
Batch 1/134: 100 priced, 0 not found (100 total so far)
Batch 2/134: 100 priced, 0 not found (200 total so far)
Batch 3/134: 100 priced, 0 not found (300 total so far)
Batch 4/134: 100 priced, 0 not found (400 total so far)
Batch 5/134: 100 priced, 0 not found (500 total so far)
Batch 6/134: 100 priced, 0 not found (600 total so far)
Batch 7/134: 100 priced, 0 not found (700 total so far)
Batch 8/134: 100 priced, 0 not found (800 total so far)
Batch 9/134: 100 priced, 0 not found (900 total so far)
Batch 10/134: 100 priced, 0 not found (1000 total so far)
Batch 11/134: 100 priced, 0 not found (1100 total so far)
Batch 12/134: 100 priced, 0 not found (1200 total so far)
Batch 13/134: 100 priced, 0 not found (1300 total so far)
Batch 14/134: 100 priced, 0 not found (1400 total so far)
Batch 15/134: 100 priced, 0 not found (1500 total so far)
Batch 16/134: 100 priced, 0 not found (1600 total so far)
Batch 17/134: 100 priced, 0 not found (1700 total so far)
Batch 18/134: 100 priced, 0 not found (1800 total so far)
Batch 19/134: 99 priced, 1 not found (1899 total so far)
Batch 20/134: 100 priced, 0 not found (1999 total so far)
Batch 21/134: 100 priced, 0 not found (2099 total so far)
Batch 22/134: 97 priced, 3 not found (2196 total so far)
Batch 23/134: 99 priced, 1 not found (2295 total so far)
Batch 24/134: 98 priced, 2 not found (2393 total so far)
Batch 25/134: 97 priced, 3 not found (2490 total so far)
Batch 26/134: 98 priced, 2 not found (2588 total so far)
Batch 27/134: 98 priced, 2 not found (2686 total so far)
Batch 28/134: 97 priced, 3 not found (2783 total so far)
Batch 29/134: 98 priced, 2 not found (2881 total so far)
Batch 30/134: 97 priced, 3 not found (2978 total so far)
Batch 31/134: 97 priced, 3 not found (3075 total so far)
Batch 32/134: 97 priced, 3 not found (3172 total so far)
Batch 33/134: 96 priced, 4 not found (3268 total so far)
Batch 34/134: 97 priced, 3 not found (3365 total so far)
Batch 35/134: 97 priced, 3 not found (3462 total so far)
Batch 36/134: 95 priced, 5 not found (3557 total so far)
Batch 37/134: 96 priced, 4 not found (3653 total so far)
Batch 38/134: 97 priced, 3 not found (3750 total so far)
Batch 39/134: 96 priced, 4 not found (3846 total so far)
Batch 40/134: 95 priced, 5 not found (3941 total so far)
Batch 41/134: 92 priced, 8 not found (4033 total so far)
Batch 42/134: 80 priced, 20 not found (4113 total so far)
Batch 43/134: 71 priced, 29 not found (4184 total so far)
Batch 44/134: 74 priced, 26 not found (4258 total so far)
Batch 45/134: 70 priced, 30 not found (4328 total so far)
Batch 46/134: 66 priced, 34 not found (4394 total so far)
Batch 47/134: 72 priced, 28 not found (4466 total so far)
Batch 48/134: 74 priced, 26 not found (4540 total so far)
Batch 49/134: 70 priced, 30 not found (4610 total so far)
Batch 50/134: 68 priced, 32 not found (4678 total so far)
Batch 51/134: 79 priced, 21 not found (4757 total so far)
Batch 52/134: 100 priced, 0 not found (4857 total so far)
Batch 53/134: 100 priced, 0 not found (4957 total so far)
Batch 54/134: 88 priced, 12 not found (5045 total so far)
Batch 55/134: 68 priced, 32 not found (5113 total so far)
Batch 56/134: 97 priced, 3 not found (5210 total so far)
Batch 57/134: 100 priced, 0 not found (5310 total so far)
Batch 58/134: 100 priced, 0 not found (5410 total so far)
Batch 59/134: 99 priced, 1 not found (5509 total so far)
Batch 60/134: 79 priced, 21 not found (5588 total so far)
Batch 61/134: 88 priced, 12 not found (5676 total so far)
Batch 62/134: 98 priced, 2 not found (5774 total so far)
Batch 63/134: 98 priced, 2 not found (5872 total so far)
Batch 64/134: 98 priced, 2 not found (5970 total so far)
Batch 65/134: 88 priced, 12 not found (6058 total so far)
Batch 66/134: 82 priced, 18 not found (6140 total so far)
Batch 67/134: 100 priced, 0 not found (6240 total so far)
Batch 68/134: 100 priced, 0 not found (6340 total so far)
Batch 69/134: 98 priced, 2 not found (6438 total so far)
Batch 70/134: 97 priced, 3 not found (6535 total so far)
Batch 71/134: 76 priced, 24 not found (6611 total so far)
Batch 72/134: 90 priced, 10 not found (6701 total so far)
Batch 73/134: 97 priced, 3 not found (6798 total so far)
Batch 74/134: 97 priced, 3 not found (6895 total so far)
Batch 75/134: 97 priced, 3 not found (6992 total so far)
Batch 76/134: 95 priced, 5 not found (7087 total so far)
Batch 77/134: 97 priced, 3 not found (7184 total so far)
Batch 78/134: 97 priced, 3 not found (7281 total so far)
Batch 79/134: 97 priced, 3 not found (7378 total so far)
Batch 80/134: 96 priced, 4 not found (7474 total so far)
Batch 81/134: 94 priced, 6 not found (7568 total so far)
Batch 82/134: 97 priced, 3 not found (7665 total so far)
Batch 83/134: 97 priced, 3 not found (7762 total so far)
Batch 84/134: 96 priced, 4 not found (7858 total so far)
Batch 85/134: 97 priced, 3 not found (7955 total so far)
Batch 86/134: 97 priced, 3 not found (8052 total so far)
Batch 87/134: 97 priced, 3 not found (8149 total so far)
Batch 88/134: 97 priced, 3 not found (8246 total so far)
Batch 89/134: 97 priced, 3 not found (8343 total so far)
Batch 90/134: 97 priced, 3 not found (8440 total so far)
Batch 91/134: 96 priced, 4 not found (8536 total so far)
Batch 92/134: 96 priced, 4 not found (8632 total so far)
Batch 93/134: 97 priced, 3 not found (8729 total so far)
Batch 94/134: 97 priced, 3 not found (8826 total so far)
Batch 95/134: 97 priced, 3 not found (8923 total so far)
Batch 96/134: 97 priced, 3 not found (9020 total so far)
Batch 97/134: 97 priced, 3 not found (9117 total so far)
Batch 98/134: 97 priced, 3 not found (9214 total so far)
Batch 99/134: 97 priced, 3 not found (9311 total so far)
Batch 100/134: 97 priced, 3 not found (9408 total so far)
Batch 101/134: 96 priced, 4 not found (9504 total so far)
Batch 102/134: 97 priced, 3 not found (9601 total so far)
Batch 103/134: 97 priced, 3 not found (9698 total so far)
Batch 104/134: 97 priced, 3 not found (9795 total so far)
Batch 105/134: 96 priced, 4 not found (9891 total so far)
Batch 106/134: 97 priced, 3 not found (9988 total so far)
Batch 107/134: 97 priced, 3 not found (10085 total so far)
Batch 108/134: 97 priced, 3 not found (10182 total so far)
Batch 109/134: 97 priced, 3 not found (10279 total so far)
Batch 110/134: 97 priced, 3 not found (10376 total so far)
Batch 111/134: 97 priced, 3 not found (10473 total so far)
Batch 112/134: 95 priced, 5 not found (10568 total so far)
Batch 113/134: 97 priced, 3 not found (10665 total so far)
Batch 114/134: 97 priced, 3 not found (10762 total so far)
Batch 115/134: 96 priced, 4 not found (10858 total so far)
Batch 116/134: 96 priced, 4 not found (10954 total so far)
Batch 117/134: 96 priced, 4 not found (11050 total so far)
Batch 118/134: 96 priced, 4 not found (11146 total so far)
Batch 119/134: 95 priced, 5 not found (11241 total so far)
Batch 120/134: 96 priced, 4 not found (11337 total so far)
Batch 121/134: 96 priced, 4 not found (11433 total so far)
Batch 122/134: 97 priced, 3 not found (11530 total so far)
Batch 123/134: 95 priced, 5 not found (11625 total so far)
Batch 124/134: 96 priced, 4 not found (11721 total so far)
Batch 125/134: 96 priced, 4 not found (11817 total so far)
Batch 126/134: 96 priced, 4 not found (11913 total so far)
Batch 127/134: 96 priced, 4 not found (12009 total so far)
Batch 128/134: 96 priced, 4 not found (12105 total so far)
Batch 129/134: 96 priced, 4 not found (12201 total so far)
Batch 130/134: 99 priced, 1 not found (12300 total so far)
Batch 131/134: 99 priced, 1 not found (12399 total so far)
Batch 132/134: 99 priced, 1 not found (12498 total so far)
Batch 133/134: 100 priced, 0 not found (12598 total so far)
Batch 134/134: 60 priced, 0 not found (12658 total so far)
702 item_ids returned no price data: [
   2127, 37622, 37623, 37624, 37625, 37626, 37627, 37628,
  37629, 37630, 37631, 37632, 37633, 37634, 37635, 37636,
  37637, 37638, 37639, 37640, 37641, 37642, 37643, 37644,
  37645, 37646, 37647, 37648, 37649, 37650, 37651, 37652,
  37653, 37654, 37655, 37656, 37657, 37658, 41029, 37659,
  37660, 37661, 41098, 41113, 37662, 37663, 37664, 37665,
  37666, 37667, 37668, 41329, 37669, 37670, 37671, 41395,
  37672, 41449, 37673, 41479, 41482, 37674, 37675, 41524,
  41530, 41542, 37676, 37677, 37678, 37679, 37680, 37681,
  37682, 37683, 37684, 37685, 37686, 37687, 37688, 37689,
  37690, 37691, 37692, 37693, 37694, 37695, 37696, 37697,
  37698, 37699, 37700, 37701, 37702, 37703, 37704, 37705,
  37706, 37707, 37708, 37709,
  ... 602 more items
]
Got prices for 12658 items - inserting into item_price_history...
Inserted 247177 price rows.
Refreshing current-price views...
 
===== skins 05/09/2026 12:00:01.17 ===== 
Fetching prices for 14585 skin listings...
Batch 1/146: 98 priced, 2 not found (98 total so far)
Batch 2/146: 100 priced, 0 not found (198 total so far)
Batch 3/146: 98 priced, 2 not found (296 total so far)
Batch 4/146: 100 priced, 0 not found (396 total so far)
Batch 5/146: 100 priced, 0 not found (496 total so far)
Batch 6/146: 99 priced, 1 not found (595 total so far)
Batch 7/146: 96 priced, 4 not found (691 total so far)
Batch 8/146: 100 priced, 0 not found (791 total so far)
Batch 9/146: 99 priced, 1 not found (890 total so far)
Batch 10/146: 100 priced, 0 not found (990 total so far)
Batch 11/146: 98 priced, 2 not found (1088 total so far)
Batch 12/146: 100 priced, 0 not found (1188 total so far)
Batch 13/146: 97 priced, 3 not found (1285 total so far)
Batch 14/146: 100 priced, 0 not found (1385 total so far)
Batch 15/146: 99 priced, 1 not found (1484 total so far)
Batch 16/146: 99 priced, 1 not found (1583 total so far)
Batch 17/146: 99 priced, 1 not found (1682 total so far)
Batch 18/146: 100 priced, 0 not found (1782 total so far)
Batch 19/146: 100 priced, 0 not found (1882 total so far)
Batch 20/146: 99 priced, 1 not found (1981 total so far)
Batch 21/146: 97 priced, 3 not found (2078 total so far)
Batch 22/146: 98 priced, 2 not found (2176 total so far)
Batch 23/146: 99 priced, 1 not found (2275 total so far)
Batch 24/146: 99 priced, 1 not found (2374 total so far)
Batch 25/146: 98 priced, 2 not found (2472 total so far)
Batch 26/146: 100 priced, 0 not found (2572 total so far)
Batch 27/146: 100 priced, 0 not found (2672 total so far)
Batch 28/146: 100 priced, 0 not found (2772 total so far)
Batch 29/146: 100 priced, 0 not found (2872 total so far)
Batch 30/146: 100 priced, 0 not found (2972 total so far)
Batch 31/146: 100 priced, 0 not found (3072 total so far)
Batch 32/146: 98 priced, 2 not found (3170 total so far)
Batch 33/146: 100 priced, 0 not found (3270 total so far)
Batch 34/146: 100 priced, 0 not found (3370 total so far)
Batch 35/146: 99 priced, 1 not found (3469 total so far)
Batch 36/146: 100 priced, 0 not found (3569 total so far)
Batch 37/146: 99 priced, 1 not found (3668 total so far)
Batch 38/146: 98 priced, 2 not found (3766 total so far)
Batch 39/146: 100 priced, 0 not found (3866 total so far)
Batch 40/146: 98 priced, 2 not found (3964 total so far)
Batch 41/146: 100 priced, 0 not found (4064 total so far)
Batch 42/146: 100 priced, 0 not found (4164 total so far)
Batch 43/146: 99 priced, 1 not found (4263 total so far)
Batch 44/146: 100 priced, 0 not found (4363 total so far)
Batch 45/146: 99 priced, 1 not found (4462 total so far)
Batch 46/146: 100 priced, 0 not found (4562 total so far)
Batch 47/146: 99 priced, 1 not found (4661 total so far)
Batch 48/146: 100 priced, 0 not found (4761 total so far)
Batch 49/146: 100 priced, 0 not found (4861 total so far)
Batch 50/146: 99 priced, 1 not found (4960 total so far)
Batch 51/146: 100 priced, 0 not found (5060 total so far)
Batch 52/146: 99 priced, 1 not found (5159 total so far)
Batch 53/146: 99 priced, 1 not found (5258 total so far)
Batch 54/146: 99 priced, 1 not found (5357 total so far)
Batch 55/146: 99 priced, 1 not found (5456 total so far)
Batch 56/146: 100 priced, 0 not found (5556 total so far)
Batch 57/146: 99 priced, 1 not found (5655 total so far)
Batch 58/146: 100 priced, 0 not found (5755 total so far)
Batch 59/146: 99 priced, 1 not found (5854 total so far)
Batch 60/146: 100 priced, 0 not found (5954 total so far)
Batch 61/146: 99 priced, 1 not found (6053 total so far)
Batch 62/146: 99 priced, 1 not found (6152 total so far)
Batch 63/146: 99 priced, 1 not found (6251 total so far)
Batch 64/146: 98 priced, 2 not found (6349 total so far)
Batch 65/146: 100 priced, 0 not found (6449 total so far)
Batch 66/146: 100 priced, 0 not found (6549 total so far)
Batch 67/146: 100 priced, 0 not found (6649 total so far)
Batch 68/146: 99 priced, 1 not found (6748 total so far)
Batch 69/146: 97 priced, 3 not found (6845 total so far)
Batch 70/146: 98 priced, 2 not found (6943 total so far)
Batch 71/146: 100 priced, 0 not found (7043 total so far)
Batch 72/146: 99 priced, 1 not found (7142 total so far)
Batch 73/146: 99 priced, 1 not found (7241 total so far)
Batch 74/146: 100 priced, 0 not found (7341 total so far)
Batch 75/146: 100 priced, 0 not found (7441 total so far)
Batch 76/146: 99 priced, 1 not found (7540 total so far)
Batch 77/146: 100 priced, 0 not found (7640 total so far)
Batch 78/146: 100 priced, 0 not found (7740 total so far)
Batch 79/146: 99 priced, 1 not found (7839 total so far)
Batch 80/146: 98 priced, 2 not found (7937 total so far)
Batch 81/146: 100 priced, 0 not found (8037 total so far)
Batch 82/146: 99 priced, 1 not found (8136 total so far)
Batch 83/146: 98 priced, 2 not found (8234 total so far)
Batch 84/146: 99 priced, 1 not found (8333 total so far)
Batch 85/146: 98 priced, 2 not found (8431 total so far)
Batch 86/146: 100 priced, 0 not found (8531 total so far)
Batch 87/146: 99 priced, 1 not found (8630 total so far)
Batch 88/146: 100 priced, 0 not found (8730 total so far)
Batch 89/146: 99 priced, 1 not found (8829 total so far)
Batch 90/146: 98 priced, 2 not found (8927 total so far)
Batch 91/146: 99 priced, 1 not found (9026 total so far)
Batch 92/146: 100 priced, 0 not found (9126 total so far)
Batch 93/146: 98 priced, 2 not found (9224 total so far)
Batch 94/146: 100 priced, 0 not found (9324 total so far)
Batch 95/146: 99 priced, 1 not found (9423 total so far)
Batch 96/146: 100 priced, 0 not found (9523 total so far)
Batch 97/146: 99 priced, 1 not found (9622 total so far)
Batch 98/146: 100 priced, 0 not found (9722 total so far)
Batch 99/146: 100 priced, 0 not found (9822 total so far)
Batch 100/146: 98 priced, 2 not found (9920 total so far)
Batch 101/146: 100 priced, 0 not found (10020 total so far)
Batch 102/146: 100 priced, 0 not found (10120 total so far)
Batch 103/146: 97 priced, 3 not found (10217 total so far)
Batch 104/146: 100 priced, 0 not found (10317 total so far)
Batch 105/146: 99 priced, 1 not found (10416 total so far)
Batch 106/146: 98 priced, 2 not found (10514 total so far)
Batch 107/146: 98 priced, 2 not found (10612 total so far)
Batch 108/146: 100 priced, 0 not found (10712 total so far)
Batch 109/146: 100 priced, 0 not found (10812 total so far)
Batch 110/146: 100 priced, 0 not found (10912 total so far)
Batch 111/146: 100 priced, 0 not found (11012 total so far)
Batch 112/146: 100 priced, 0 not found (11112 total so far)
Batch 113/146: 100 priced, 0 not found (11212 total so far)
Batch 114/146: 100 priced, 0 not found (11312 total so far)
Batch 115/146: 99 priced, 1 not found (11411 total so far)
Batch 116/146: 98 priced, 2 not found (11509 total so far)
Batch 117/146: 99 priced, 1 not found (11608 total so far)
Batch 118/146: 100 priced, 0 not found (11708 total so far)
Batch 119/146: 100 priced, 0 not found (11808 total so far)
Batch 120/146: 100 priced, 0 not found (11908 total so far)
Batch 121/146: 100 priced, 0 not found (12008 total so far)
Batch 122/146: 98 priced, 2 not found (12106 total so far)
Batch 123/146: 99 priced, 1 not found (12205 total so far)
Batch 124/146: 99 priced, 1 not found (12304 total so far)
Batch 125/146: 100 priced, 0 not found (12404 total so far)
Batch 126/146: 99 priced, 1 not found (12503 total so far)
Batch 127/146: 100 priced, 0 not found (12603 total so far)
Batch 128/146: 99 priced, 1 not found (12702 total so far)
Batch 129/146: 99 priced, 1 not found (12801 total so far)
Batch 130/146: 100 priced, 0 not found (12901 total so far)
Batch 131/146: 100 priced, 0 not found (13001 total so far)
Batch 132/146: 100 priced, 0 not found (13101 total so far)
Batch 133/146: 99 priced, 1 not found (13200 total so far)
Batch 134/146: 99 priced, 1 not found (13299 total so far)
Batch 135/146: 99 priced, 1 not found (13398 total so far)
Batch 136/146: 99 priced, 1 not found (13497 total so far)
Batch 137/146: 100 priced, 0 not found (13597 total so far)
Batch 138/146: 98 priced, 2 not found (13695 total so far)
Batch 139/146: 100 priced, 0 not found (13795 total so far)
Batch 140/146: 100 priced, 0 not found (13895 total so far)
Batch 141/146: 99 priced, 1 not found (13994 total so far)
Batch 142/146: 100 priced, 0 not found (14094 total so far)
Batch 143/146: 99 priced, 1 not found (14193 total so far)
Batch 144/146: 98 priced, 2 not found (14291 total so far)
Batch 145/146: 99 priced, 1 not found (14390 total so far)
Batch 146/146: 85 priced, 0 not found (14475 total so far)
110 item_ids returned no price data: [
   3718,  3740,  3923,  3925,  4244,  4348,  4355,  4431,  4435,
   4636,  4779,  4798,  4980,  4997,  5056,  5279,  5280,  5435,
   5753,  5810,  5822,  5834,  5913,  5999,  6063,  6143,  6240,
   6312,  7038,  7060,  7345,  7597,  7678,  7715,  7883,  7947,
   8179,  8393,  8692,  8993,  9153,  9325,  9395,  9454,  9746,
   9882, 10074, 10182, 10302, 10371, 10424, 10850, 10926, 10992,
  10996, 11099, 11103, 11309, 11390, 11763, 12031, 12144, 12148,
  12410, 12506, 12560, 12674, 12789, 12809, 13009, 13235, 13300,
  13304, 13374, 13618, 13630, 13844, 14070, 14346, 14422, 14670,
  14682, 14719, 14881, 14978, 15010, 15087, 15090, 15946, 16039,
  16107, 16212, 16660, 16661, 16788, 16917, 17117, 17287, 17467,
  17887,
  ... 10 more items
]
Got prices for 14475 items - inserting into price_history...
Inserted 395340 price rows.
Refreshing current-price views...
 
===== skins 05/09/2026 14:09:55.90 ===== 
Fetching prices for 14585 skin listings...
Batch 1/146: 98 priced, 2 not found (98 total so far)
Batch 2/146: 100 priced, 0 not found (198 total so far)
Batch 3/146: 98 priced, 2 not found (296 total so far)
Batch 4/146: 100 priced, 0 not found (396 total so far)
Batch 5/146: 100 priced, 0 not found (496 total so far)
Batch 6/146: 99 priced, 1 not found (595 total so far)
Batch 7/146: 96 priced, 4 not found (691 total so far)
Batch 8/146: 100 priced, 0 not found (791 total so far)
Batch 9/146: 99 priced, 1 not found (890 total so far)
Batch 10/146: 100 priced, 0 not found (990 total so far)
Batch 11/146: 98 priced, 2 not found (1088 total so far)
Batch 12/146: 100 priced, 0 not found (1188 total so far)
Batch 13/146: 97 priced, 3 not found (1285 total so far)
Batch 14/146: 100 priced, 0 not found (1385 total so far)
Batch 15/146: 99 priced, 1 not found (1484 total so far)
Batch 16/146: 99 priced, 1 not found (1583 total so far)
Batch 17/146: 99 priced, 1 not found (1682 total so far)
Batch 18/146: 100 priced, 0 not found (1782 total so far)
Batch 19/146: 100 priced, 0 not found (1882 total so far)
Batch 20/146: 99 priced, 1 not found (1981 total so far)
Batch 21/146: 97 priced, 3 not found (2078 total so far)
Batch 22/146: 98 priced, 2 not found (2176 total so far)
Batch 23/146: 99 priced, 1 not found (2275 total so far)
Batch 24/146: 99 priced, 1 not found (2374 total so far)
Batch 25/146: 98 priced, 2 not found (2472 total so far)
Batch 26/146: 100 priced, 0 not found (2572 total so far)
Batch 27/146: 100 priced, 0 not found (2672 total so far)
Batch 28/146: 100 priced, 0 not found (2772 total so far)
Batch 29/146: 100 priced, 0 not found (2872 total so far)
Batch 30/146: 100 priced, 0 not found (2972 total so far)
Batch 31/146: 100 priced, 0 not found (3072 total so far)
Batch 32/146: 98 priced, 2 not found (3170 total so far)
Batch 33/146: 100 priced, 0 not found (3270 total so far)
Batch 34/146: 100 priced, 0 not found (3370 total so far)
Batch 35/146: 99 priced, 1 not found (3469 total so far)
Batch 36/146: 100 priced, 0 not found (3569 total so far)
Batch 37/146: 99 priced, 1 not found (3668 total so far)
Batch 38/146: 98 priced, 2 not found (3766 total so far)
Batch 39/146: 100 priced, 0 not found (3866 total so far)
Batch 40/146: 98 priced, 2 not found (3964 total so far)
Batch 41/146: 100 priced, 0 not found (4064 total so far)
Batch 42/146: 100 priced, 0 not found (4164 total so far)
Batch 43/146: 99 priced, 1 not found (4263 total so far)
Batch 44/146: 100 priced, 0 not found (4363 total so far)
Batch 45/146: 99 priced, 1 not found (4462 total so far)
Batch 46/146: 100 priced, 0 not found (4562 total so far)
Batch 47/146: 99 priced, 1 not found (4661 total so far)
Batch 48/146: 100 priced, 0 not found (4761 total so far)
Batch 49/146: 100 priced, 0 not found (4861 total so far)
Batch 50/146: 99 priced, 1 not found (4960 total so far)
Batch 51/146: 100 priced, 0 not found (5060 total so far)
Batch 52/146: 99 priced, 1 not found (5159 total so far)
Batch 53/146: 99 priced, 1 not found (5258 total so far)
Batch 54/146: 99 priced, 1 not found (5357 total so far)
Batch 55/146: 99 priced, 1 not found (5456 total so far)
Batch 56/146: 100 priced, 0 not found (5556 total so far)
Batch 57/146: 99 priced, 1 not found (5655 total so far)
Batch 58/146: 100 priced, 0 not found (5755 total so far)
Batch 59/146: 99 priced, 1 not found (5854 total so far)
Batch 60/146: 100 priced, 0 not found (5954 total so far)
Batch 61/146: 99 priced, 1 not found (6053 total so far)
Batch 62/146: 99 priced, 1 not found (6152 total so far)
Batch 63/146: 99 priced, 1 not found (6251 total so far)
Batch 64/146: 98 priced, 2 not found (6349 total so far)
Batch 65/146: 100 priced, 0 not found (6449 total so far)
Batch 66/146: 100 priced, 0 not found (6549 total so far)
Batch 67/146: 100 priced, 0 not found (6649 total so far)
Batch 68/146: 99 priced, 1 not found (6748 total so far)
Batch 69/146: 97 priced, 3 not found (6845 total so far)
Batch 70/146: 98 priced, 2 not found (6943 total so far)
Batch 71/146: 100 priced, 0 not found (7043 total so far)
Batch 72/146: 99 priced, 1 not found (7142 total so far)
Batch 73/146: 99 priced, 1 not found (7241 total so far)
Batch 74/146: 100 priced, 0 not found (7341 total so far)
Batch 75/146: 100 priced, 0 not found (7441 total so far)
Batch 76/146: 99 priced, 1 not found (7540 total so far)
Batch 77/146: 100 priced, 0 not found (7640 total so far)
Batch 78/146: 100 priced, 0 not found (7740 total so far)
Batch 79/146: 99 priced, 1 not found (7839 total so far)
Batch 80/146: 98 priced, 2 not found (7937 total so far)
Batch 81/146: 100 priced, 0 not found (8037 total so far)
Batch 82/146: 99 priced, 1 not found (8136 total so far)
Batch 83/146: 98 priced, 2 not found (8234 total so far)
Batch 84/146: 99 priced, 1 not found (8333 total so far)
Batch 85/146: 98 priced, 2 not found (8431 total so far)
Batch 86/146: 100 priced, 0 not found (8531 total so far)
Batch 87/146: 99 priced, 1 not found (8630 total so far)
Batch 88/146: 100 priced, 0 not found (8730 total so far)
Batch 89/146: 99 priced, 1 not found (8829 total so far)
Batch 90/146: 98 priced, 2 not found (8927 total so far)
Batch 91/146: 99 priced, 1 not found (9026 total so far)
Batch 92/146: 100 priced, 0 not found (9126 total so far)
Batch 93/146: 98 priced, 2 not found (9224 total so far)
Batch 94/146: 100 priced, 0 not found (9324 total so far)
Batch 95/146: 99 priced, 1 not found (9423 total so far)
Batch 96/146: 100 priced, 0 not found (9523 total so far)
Batch 97/146: 99 priced, 1 not found (9622 total so far)
Batch 98/146: 100 priced, 0 not found (9722 total so far)
Batch 99/146: 100 priced, 0 not found (9822 total so far)
Batch 100/146: 98 priced, 2 not found (9920 total so far)
Batch 101/146: 100 priced, 0 not found (10020 total so far)
Batch 102/146: 100 priced, 0 not found (10120 total so far)
Batch 103/146: 97 priced, 3 not found (10217 total so far)
Batch 104/146: 100 priced, 0 not found (10317 total so far)
Batch 105/146: 99 priced, 1 not found (10416 total so far)
Batch 106/146: 98 priced, 2 not found (10514 total so far)
Batch 107/146: 98 priced, 2 not found (10612 total so far)
Batch 108/146: 100 priced, 0 not found (10712 total so far)
Batch 109/146: 100 priced, 0 not found (10812 total so far)
Batch 110/146: 100 priced, 0 not found (10912 total so far)
Batch 111/146: 100 priced, 0 not found (11012 total so far)
Batch 112/146: 100 priced, 0 not found (11112 total so far)
Batch 113/146: 100 priced, 0 not found (11212 total so far)
Batch 114/146: 100 priced, 0 not found (11312 total so far)
Batch 115/146: 99 priced, 1 not found (11411 total so far)
Batch 116/146: 98 priced, 2 not found (11509 total so far)
Batch 117/146: 99 priced, 1 not found (11608 total so far)
Batch 118/146: 100 priced, 0 not found (11708 total so far)
Batch 119/146: 100 priced, 0 not found (11808 total so far)
Batch 120/146: 100 priced, 0 not found (11908 total so far)
Batch 121/146: 100 priced, 0 not found (12008 total so far)
Batch 122/146: 98 priced, 2 not found (12106 total so far)
Batch 123/146: 99 priced, 1 not found (12205 total so far)
Batch 124/146: 99 priced, 1 not found (12304 total so far)
Batch 125/146: 100 priced, 0 not found (12404 total so far)
Batch 126/146: 99 priced, 1 not found (12503 total so far)
Batch 127/146: 100 priced, 0 not found (12603 total so far)
Batch 128/146: 99 priced, 1 not found (12702 total so far)
Batch 129/146: 99 priced, 1 not found (12801 total so far)
Batch 130/146: 100 priced, 0 not found (12901 total so far)
Batch 131/146: 100 priced, 0 not found (13001 total so far)
Batch 132/146: 100 priced, 0 not found (13101 total so far)
Batch 133/146: 99 priced, 1 not found (13200 total so far)
Batch 134/146: 99 priced, 1 not found (13299 total so far)
Batch 135/146: 99 priced, 1 not found (13398 total so far)
Batch 136/146: 99 priced, 1 not found (13497 total so far)
Batch 137/146: 100 priced, 0 not found (13597 total so far)
Batch 138/146: 98 priced, 2 not found (13695 total so far)
Batch 139/146: 100 priced, 0 not found (13795 total so far)
Batch 140/146: 100 priced, 0 not found (13895 total so far)
Batch 141/146: 99 priced, 1 not found (13994 total so far)
Batch 142/146: 100 priced, 0 not found (14094 total so far)
Batch 143/146: 99 priced, 1 not found (14193 total so far)
Batch 144/146: 98 priced, 2 not found (14291 total so far)
Batch 145/146: 99 priced, 1 not found (14390 total so far)
Batch 146/146: 85 priced, 0 not found (14475 total so far)
110 item_ids returned no price data: [
   3718,  3740,  3923,  3925,  4244,  4348,  4355,  4431,  4435,
   4636,  4779,  4798,  4980,  4997,  5056,  5279,  5280,  5435,
   5753,  5810,  5822,  5834,  5913,  5999,  6063,  6143,  6240,
   6312,  7038,  7060,  7345,  7597,  7678,  7715,  7883,  7947,
   8179,  8393,  8692,  8993,  9153,  9325,  9395,  9454,  9746,
   9882, 10074, 10182, 10302, 10371, 10424, 10850, 10926, 10992,
  10996, 11099, 11103, 11309, 11390, 11763, 12031, 12144, 12148,
  12410, 12506, 12560, 12674, 12789, 12809, 13009, 13235, 13300,
  13304, 13374, 13618, 13630, 13844, 14070, 14346, 14422, 14670,
  14682, 14719, 14881, 14978, 15010, 15087, 15090, 15946, 16039,
  16107, 16212, 16660, 16661, 16788, 16917, 17117, 17287, 17467,
  17887,
  ... 10 more items
]
Got prices for 14475 items - inserting into price_history...
Inserted 399640 price rows.
Refreshing current-price views...
 
===== skins 05/09/2026 15:00:01.07 ===== 
Fetching prices for 14585 skin listings...
Batch 1/146: 98 priced, 2 not found (98 total so far)
Batch 2/146: 100 priced, 0 not found (198 total so far)
Batch 3/146: 98 priced, 2 not found (296 total so far)
Batch 4/146: 100 priced, 0 not found (396 total so far)
Batch 5/146: 100 priced, 0 not found (496 total so far)
Batch 6/146: 99 priced, 1 not found (595 total so far)
Batch 7/146: 96 priced, 4 not found (691 total so far)
Batch 8/146: 100 priced, 0 not found (791 total so far)
Batch 9/146: 99 priced, 1 not found (890 total so far)
Batch 10/146: 100 priced, 0 not found (990 total so far)
Batch 11/146: 98 priced, 2 not found (1088 total so far)
Batch 12/146: 100 priced, 0 not found (1188 total so far)
Batch 13/146: 97 priced, 3 not found (1285 total so far)
Batch 14/146: 100 priced, 0 not found (1385 total so far)
Batch 15/146: 99 priced, 1 not found (1484 total so far)
Batch 16/146: 99 priced, 1 not found (1583 total so far)
Batch 17/146: 99 priced, 1 not found (1682 total so far)
Batch 18/146: 100 priced, 0 not found (1782 total so far)
Batch 19/146: 100 priced, 0 not found (1882 total so far)
Batch 20/146: 99 priced, 1 not found (1981 total so far)
Batch 21/146: 97 priced, 3 not found (2078 total so far)
Batch 22/146: 98 priced, 2 not found (2176 total so far)
Batch 23/146: 99 priced, 1 not found (2275 total so far)
Batch 24/146: 99 priced, 1 not found (2374 total so far)
Batch 25/146: 98 priced, 2 not found (2472 total so far)
Batch 26/146: 100 priced, 0 not found (2572 total so far)
Batch 27/146: 100 priced, 0 not found (2672 total so far)
Batch 28/146: 100 priced, 0 not found (2772 total so far)
Batch 29/146: 100 priced, 0 not found (2872 total so far)
Batch 30/146: 100 priced, 0 not found (2972 total so far)
Batch 31/146: 100 priced, 0 not found (3072 total so far)
Batch 32/146: 98 priced, 2 not found (3170 total so far)
Batch 33/146: 100 priced, 0 not found (3270 total so far)
Batch 34/146: 100 priced, 0 not found (3370 total so far)
Batch 35/146: 99 priced, 1 not found (3469 total so far)
Batch 36/146: 100 priced, 0 not found (3569 total so far)
Batch 37/146: 99 priced, 1 not found (3668 total so far)
Batch 38/146: 98 priced, 2 not found (3766 total so far)
Batch 39/146: 100 priced, 0 not found (3866 total so far)
Batch 40/146: 98 priced, 2 not found (3964 total so far)
Batch 41/146: 100 priced, 0 not found (4064 total so far)
Batch 42/146: 100 priced, 0 not found (4164 total so far)
Batch 43/146: 99 priced, 1 not found (4263 total so far)
Batch 44/146: 100 priced, 0 not found (4363 total so far)
Batch 45/146: 99 priced, 1 not found (4462 total so far)
Batch 46/146: 100 priced, 0 not found (4562 total so far)
Batch 47/146: 99 priced, 1 not found (4661 total so far)
Batch 48/146: 100 priced, 0 not found (4761 total so far)
Batch 49/146: 100 priced, 0 not found (4861 total so far)
Batch 50/146: 99 priced, 1 not found (4960 total so far)
Batch 51/146: 100 priced, 0 not found (5060 total so far)
Batch 52/146: 99 priced, 1 not found (5159 total so far)
Batch 53/146: 99 priced, 1 not found (5258 total so far)
Batch 54/146: 99 priced, 1 not found (5357 total so far)
Batch 55/146: 99 priced, 1 not found (5456 total so far)
Batch 56/146: 100 priced, 0 not found (5556 total so far)
Batch 57/146: 99 priced, 1 not found (5655 total so far)
Batch 58/146: 100 priced, 0 not found (5755 total so far)
Batch 59/146: 99 priced, 1 not found (5854 total so far)
Batch 60/146: 100 priced, 0 not found (5954 total so far)
Batch 61/146: 99 priced, 1 not found (6053 total so far)
Batch 62/146: 99 priced, 1 not found (6152 total so far)
Batch 63/146: 99 priced, 1 not found (6251 total so far)
Batch 64/146: 98 priced, 2 not found (6349 total so far)
Batch 65/146: 100 priced, 0 not found (6449 total so far)
Batch 66/146: 100 priced, 0 not found (6549 total so far)
Batch 67/146: 100 priced, 0 not found (6649 total so far)
Batch 68/146: 99 priced, 1 not found (6748 total so far)
Batch 69/146: 97 priced, 3 not found (6845 total so far)
Batch 70/146: 98 priced, 2 not found (6943 total so far)
Batch 71/146: 100 priced, 0 not found (7043 total so far)
Batch 72/146: 99 priced, 1 not found (7142 total so far)
Batch 73/146: 99 priced, 1 not found (7241 total so far)
Batch 74/146: 100 priced, 0 not found (7341 total so far)
Batch 75/146: 100 priced, 0 not found (7441 total so far)
Batch 76/146: 99 priced, 1 not found (7540 total so far)
Batch 77/146: 100 priced, 0 not found (7640 total so far)
Batch 78/146: 100 priced, 0 not found (7740 total so far)
Batch 79/146: 99 priced, 1 not found (7839 total so far)
Batch 80/146: 98 priced, 2 not found (7937 total so far)
Batch 81/146: 100 priced, 0 not found (8037 total so far)
Batch 82/146: 99 priced, 1 not found (8136 total so far)
Batch 83/146: 98 priced, 2 not found (8234 total so far)
Batch 84/146: 99 priced, 1 not found (8333 total so far)
Batch 85/146: 98 priced, 2 not found (8431 total so far)
Batch 86/146: 100 priced, 0 not found (8531 total so far)
Batch 87/146: 99 priced, 1 not found (8630 total so far)
Batch 88/146: 100 priced, 0 not found (8730 total so far)
Batch 89/146: 99 priced, 1 not found (8829 total so far)
Batch 90/146: 98 priced, 2 not found (8927 total so far)
Batch 91/146: 99 priced, 1 not found (9026 total so far)
Batch 92/146: 100 priced, 0 not found (9126 total so far)
Batch 93/146: 98 priced, 2 not found (9224 total so far)
Batch 94/146: 100 priced, 0 not found (9324 total so far)
Batch 95/146: 99 priced, 1 not found (9423 total so far)
Batch 96/146: 100 priced, 0 not found (9523 total so far)
Batch 97/146: 99 priced, 1 not found (9622 total so far)
Batch 98/146: 100 priced, 0 not found (9722 total so far)
Batch 99/146: 100 priced, 0 not found (9822 total so far)
Batch 100/146: 98 priced, 2 not found (9920 total so far)
Batch 101/146: 100 priced, 0 not found (10020 total so far)
Batch 102/146: 100 priced, 0 not found (10120 total so far)
Batch 103/146: 97 priced, 3 not found (10217 total so far)
Batch 104/146: 100 priced, 0 not found (10317 total so far)
Batch 105/146: 99 priced, 1 not found (10416 total so far)
Batch 106/146: 98 priced, 2 not found (10514 total so far)
Batch 107/146: 98 priced, 2 not found (10612 total so far)
Batch 108/146: 100 priced, 0 not found (10712 total so far)
Batch 109/146: 100 priced, 0 not found (10812 total so far)
Batch 110/146: 100 priced, 0 not found (10912 total so far)
Batch 111/146: 100 priced, 0 not found (11012 total so far)
Batch 112/146: 100 priced, 0 not found (11112 total so far)
Batch 113/146: 100 priced, 0 not found (11212 total so far)
Batch 114/146: 100 priced, 0 not found (11312 total so far)
Batch 115/146: 99 priced, 1 not found (11411 total so far)
Batch 116/146: 98 priced, 2 not found (11509 total so far)
Batch 117/146: 99 priced, 1 not found (11608 total so far)
Batch 118/146: 100 priced, 0 not found (11708 total so far)
Batch 119/146: 100 priced, 0 not found (11808 total so far)
Batch 120/146: 100 priced, 0 not found (11908 total so far)
Batch 121/146: 100 priced, 0 not found (12008 total so far)
Batch 122/146: 98 priced, 2 not found (12106 total so far)
Batch 123/146: 99 priced, 1 not found (12205 total so far)
Batch 124/146: 99 priced, 1 not found (12304 total so far)
Batch 125/146: 100 priced, 0 not found (12404 total so far)
Batch 126/146: 99 priced, 1 not found (12503 total so far)
Batch 127/146: 100 priced, 0 not found (12603 total so far)
Batch 128/146: 99 priced, 1 not found (12702 total so far)
Batch 129/146: 99 priced, 1 not found (12801 total so far)
Batch 130/146: 100 priced, 0 not found (12901 total so far)
Batch 131/146: 100 priced, 0 not found (13001 total so far)
Batch 132/146: 100 priced, 0 not found (13101 total so far)
Batch 133/146: 99 priced, 1 not found (13200 total so far)
Batch 134/146: 99 priced, 1 not found (13299 total so far)
Batch 135/146: 99 priced, 1 not found (13398 total so far)
Batch 136/146: 99 priced, 1 not found (13497 total so far)
Batch 137/146: 100 priced, 0 not found (13597 total so far)
Batch 138/146: 98 priced, 2 not found (13695 total so far)
Batch 139/146: 100 priced, 0 not found (13795 total so far)
Batch 140/146: 100 priced, 0 not found (13895 total so far)
Batch 141/146: 99 priced, 1 not found (13994 total so far)
Batch 142/146: 100 priced, 0 not found (14094 total so far)
Batch 143/146: 99 priced, 1 not found (14193 total so far)
Batch 144/146: 98 priced, 2 not found (14291 total so far)
Batch 145/146: 99 priced, 1 not found (14390 total so far)
Batch 146/146: 85 priced, 0 not found (14475 total so far)
110 item_ids returned no price data: [
   3718,  3740,  3923,  3925,  4244,  4348,  4355,  4431,  4435,
   4636,  4779,  4798,  4980,  4997,  5056,  5279,  5280,  5435,
   5753,  5810,  5822,  5834,  5913,  5999,  6063,  6143,  6240,
   6312,  7038,  7060,  7345,  7597,  7678,  7715,  7883,  7947,
   8179,  8393,  8692,  8993,  9153,  9325,  9395,  9454,  9746,
   9882, 10074, 10182, 10302, 10371, 10424, 10850, 10926, 10992,
  10996, 11099, 11103, 11309, 11390, 11763, 12031, 12144, 12148,
  12410, 12506, 12560, 12674, 12789, 12809, 13009, 13235, 13300,
  13304, 13374, 13618, 13630, 13844, 14070, 14346, 14422, 14670,
  14682, 14719, 14881, 14978, 15010, 15087, 15090, 15946, 16039,
  16107, 16212, 16660, 16661, 16788, 16917, 17117, 17287, 17467,
  17887,
  ... 10 more items
]
Got prices for 14475 items - inserting into price_history...
Inserted 395246 price rows.
Refreshing current-price views...
 
===== items 06/09/2026 10:57:08.60 ===== 
Fetching prices for 13360 non-skin items (agents, charms, patches, music kits, graffiti, stickers, collectibles)...
Batch 1/134: 100 priced, 0 not found (100 total so far)
Batch 2/134: 100 priced, 0 not found (200 total so far)
Batch 3/134: 100 priced, 0 not found (300 total so far)
Batch 4/134: 100 priced, 0 not found (400 total so far)
Batch 5/134: 100 priced, 0 not found (500 total so far)
Batch 6/134: 100 priced, 0 not found (600 total so far)
Batch 7/134: 100 priced, 0 not found (700 total so far)
Batch 8/134: 100 priced, 0 not found (800 total so far)
Batch 9/134: 100 priced, 0 not found (900 total so far)
Batch 10/134: 100 priced, 0 not found (1000 total so far)
Batch 11/134: 100 priced, 0 not found (1100 total so far)
Batch 12/134: 100 priced, 0 not found (1200 total so far)
Batch 13/134: 100 priced, 0 not found (1300 total so far)
Batch 14/134: 100 priced, 0 not found (1400 total so far)
Batch 15/134: 100 priced, 0 not found (1500 total so far)
Batch 16/134: 100 priced, 0 not found (1600 total so far)
Batch 17/134: 100 priced, 0 not found (1700 total so far)
Batch 18/134: 100 priced, 0 not found (1800 total so far)
Batch 19/134: 99 priced, 1 not found (1899 total so far)
Batch 20/134: 100 priced, 0 not found (1999 total so far)
Batch 21/134: 100 priced, 0 not found (2099 total so far)
Batch 22/134: 97 priced, 3 not found (2196 total so far)
Batch 23/134: 99 priced, 1 not found (2295 total so far)
Batch 24/134: 98 priced, 2 not found (2393 total so far)
Batch 25/134: 97 priced, 3 not found (2490 total so far)
Batch 26/134: 98 priced, 2 not found (2588 total so far)
Batch 27/134: 98 priced, 2 not found (2686 total so far)
Batch 28/134: 97 priced, 3 not found (2783 total so far)
Batch 29/134: 98 priced, 2 not found (2881 total so far)
Batch 30/134: 97 priced, 3 not found (2978 total so far)
Batch 31/134: 97 priced, 3 not found (3075 total so far)
Batch 32/134: 97 priced, 3 not found (3172 total so far)
Batch 33/134: 96 priced, 4 not found (3268 total so far)
Batch 34/134: 97 priced, 3 not found (3365 total so far)
Batch 35/134: 97 priced, 3 not found (3462 total so far)
Batch 36/134: 95 priced, 5 not found (3557 total so far)
Batch 37/134: 96 priced, 4 not found (3653 total so far)
Batch 38/134: 96 priced, 4 not found (3749 total so far)
Batch 39/134: 95 priced, 5 not found (3844 total so far)
Batch 40/134: 96 priced, 4 not found (3940 total so far)
Batch 41/134: 93 priced, 7 not found (4033 total so far)
Batch 42/134: 80 priced, 20 not found (4113 total so far)
Batch 43/134: 71 priced, 29 not found (4184 total so far)
Batch 44/134: 74 priced, 26 not found (4258 total so far)
Batch 45/134: 70 priced, 30 not found (4328 total so far)
Batch 46/134: 66 priced, 34 not found (4394 total so far)
Batch 47/134: 72 priced, 28 not found (4466 total so far)
Batch 48/134: 74 priced, 26 not found (4540 total so far)
Batch 49/134: 70 priced, 30 not found (4610 total so far)
Batch 50/134: 68 priced, 32 not found (4678 total so far)
Batch 51/134: 79 priced, 21 not found (4757 total so far)
Batch 52/134: 100 priced, 0 not found (4857 total so far)
Batch 53/134: 100 priced, 0 not found (4957 total so far)
Batch 54/134: 88 priced, 12 not found (5045 total so far)
Batch 55/134: 68 priced, 32 not found (5113 total so far)
Batch 56/134: 97 priced, 3 not found (5210 total so far)
Batch 57/134: 100 priced, 0 not found (5310 total so far)
Batch 58/134: 100 priced, 0 not found (5410 total so far)
Batch 59/134: 99 priced, 1 not found (5509 total so far)
Batch 60/134: 79 priced, 21 not found (5588 total so far)
Batch 61/134: 88 priced, 12 not found (5676 total so far)
Batch 62/134: 98 priced, 2 not found (5774 total so far)
Batch 63/134: 98 priced, 2 not found (5872 total so far)
Batch 64/134: 98 priced, 2 not found (5970 total so far)
Batch 65/134: 88 priced, 12 not found (6058 total so far)
Batch 66/134: 82 priced, 18 not found (6140 total so far)
Batch 67/134: 100 priced, 0 not found (6240 total so far)
Batch 68/134: 100 priced, 0 not found (6340 total so far)
Batch 69/134: 98 priced, 2 not found (6438 total so far)
Batch 70/134: 97 priced, 3 not found (6535 total so far)
Batch 71/134: 76 priced, 24 not found (6611 total so far)
Batch 72/134: 90 priced, 10 not found (6701 total so far)
Batch 73/134: 97 priced, 3 not found (6798 total so far)
Batch 74/134: 97 priced, 3 not found (6895 total so far)
Batch 75/134: 97 priced, 3 not found (6992 total so far)
Batch 76/134: 95 priced, 5 not found (7087 total so far)
Batch 77/134: 97 priced, 3 not found (7184 total so far)
Batch 78/134: 97 priced, 3 not found (7281 total so far)
Batch 79/134: 97 priced, 3 not found (7378 total so far)
Batch 80/134: 96 priced, 4 not found (7474 total so far)
Batch 81/134: 94 priced, 6 not found (7568 total so far)
Batch 82/134: 97 priced, 3 not found (7665 total so far)
Batch 83/134: 97 priced, 3 not found (7762 total so far)
Batch 84/134: 96 priced, 4 not found (7858 total so far)
Batch 85/134: 97 priced, 3 not found (7955 total so far)
Batch 86/134: 97 priced, 3 not found (8052 total so far)
Batch 87/134: 97 priced, 3 not found (8149 total so far)
Batch 88/134: 97 priced, 3 not found (8246 total so far)
Batch 89/134: 97 priced, 3 not found (8343 total so far)
Batch 90/134: 97 priced, 3 not found (8440 total so far)
Batch 91/134: 96 priced, 4 not found (8536 total so far)
Batch 92/134: 96 priced, 4 not found (8632 total so far)
Batch 93/134: 97 priced, 3 not found (8729 total so far)
Batch 94/134: 97 priced, 3 not found (8826 total so far)
Batch 95/134: 97 priced, 3 not found (8923 total so far)
Batch 96/134: 97 priced, 3 not found (9020 total so far)
Batch 97/134: 97 priced, 3 not found (9117 total so far)
Batch 98/134: 97 priced, 3 not found (9214 total so far)
Batch 99/134: 97 priced, 3 not found (9311 total so far)
Batch 100/134: 97 priced, 3 not found (9408 total so far)
Batch 101/134: 96 priced, 4 not found (9504 total so far)
Batch 102/134: 97 priced, 3 not found (9601 total so far)
Batch 103/134: 97 priced, 3 not found (9698 total so far)
Batch 104/134: 97 priced, 3 not found (9795 total so far)
Batch 105/134: 96 priced, 4 not found (9891 total so far)
Batch 106/134: 97 priced, 3 not found (9988 total so far)
Batch 107/134: 97 priced, 3 not found (10085 total so far)
Batch 108/134: 97 priced, 3 not found (10182 total so far)
Batch 109/134: 97 priced, 3 not found (10279 total so far)
Batch 110/134: 97 priced, 3 not found (10376 total so far)
Batch 111/134: 97 priced, 3 not found (10473 total so far)
Batch 112/134: 95 priced, 5 not found (10568 total so far)
Batch 113/134: 97 priced, 3 not found (10665 total so far)
Batch 114/134: 97 priced, 3 not found (10762 total so far)
Batch 115/134: 96 priced, 4 not found (10858 total so far)
Batch 116/134: 96 priced, 4 not found (10954 total so far)
Batch 117/134: 96 priced, 4 not found (11050 total so far)
Batch 118/134: 96 priced, 4 not found (11146 total so far)
Batch 119/134: 95 priced, 5 not found (11241 total so far)
Batch 120/134: 96 priced, 4 not found (11337 total so far)
Batch 121/134: 96 priced, 4 not found (11433 total so far)
Batch 122/134: 97 priced, 3 not found (11530 total so far)
Batch 123/134: 95 priced, 5 not found (11625 total so far)
Batch 124/134: 96 priced, 4 not found (11721 total so far)
Batch 125/134: 96 priced, 4 not found (11817 total so far)
Batch 126/134: 96 priced, 4 not found (11913 total so far)
Batch 127/134: 96 priced, 4 not found (12009 total so far)
Batch 128/134: 96 priced, 4 not found (12105 total so far)
Batch 129/134: 96 priced, 4 not found (12201 total so far)
Batch 130/134: 99 priced, 1 not found (12300 total so far)
Batch 131/134: 99 priced, 1 not found (12399 total so far)
Batch 132/134: 99 priced, 1 not found (12498 total so far)
Batch 133/134: 100 priced, 0 not found (12598 total so far)
Batch 134/134: 60 priced, 0 not found (12658 total so far)
702 item_ids returned no price data: [
   2127, 37622, 37623, 37624, 37625, 37626, 37627, 37628,
  37629, 37630, 37631, 37632, 37633, 37634, 37635, 37636,
  37637, 37638, 37639, 37640, 37641, 37642, 37643, 37644,
  37645, 37646, 37647, 37648, 37649, 37650, 37651, 37652,
  37653, 37654, 37655, 37656, 37657, 37658, 41029, 37659,
  37660, 37661, 41098, 41113, 37662, 37663, 37664, 37665,
  37666, 37667, 41290, 37668, 41308, 41329, 37669, 37670,
  37671, 41395, 37672, 37673, 41479, 37674, 37675, 41524,
  41530, 41542, 37676, 37677, 37678, 37679, 37680, 37681,
  37682, 37683, 37684, 37685, 37686, 37687, 37688, 37689,
  37690, 37691, 37692, 37693, 37694, 37695, 37696, 37697,
  37698, 37699, 37700, 37701, 37702, 37703, 37704, 37705,
  37706, 37707, 37708, 37709,
  ... 602 more items
]
Got prices for 12658 items - inserting into item_price_history...
Inserted 250425 price rows.
Refreshing current-price views...
 
===== skins 06/09/2026 12:00:01.12 ===== 
Fetching prices for 14585 skin listings...
Batch 1/146: 98 priced, 2 not found (98 total so far)
Batch 2/146: 100 priced, 0 not found (198 total so far)
Batch 3/146: 98 priced, 2 not found (296 total so far)
Batch 4/146: 100 priced, 0 not found (396 total so far)
Batch 5/146: 100 priced, 0 not found (496 total so far)
Batch 6/146: 99 priced, 1 not found (595 total so far)
Batch 7/146: 96 priced, 4 not found (691 total so far)
Batch 8/146: 100 priced, 0 not found (791 total so far)
Batch 9/146: 99 priced, 1 not found (890 total so far)
Batch 10/146: 100 priced, 0 not found (990 total so far)
Batch 11/146: 98 priced, 2 not found (1088 total so far)
Batch 12/146: 100 priced, 0 not found (1188 total so far)
Batch 13/146: 97 priced, 3 not found (1285 total so far)
Batch 14/146: 100 priced, 0 not found (1385 total so far)
Batch 15/146: 99 priced, 1 not found (1484 total so far)
Batch 16/146: 99 priced, 1 not found (1583 total so far)
Batch 17/146: 99 priced, 1 not found (1682 total so far)
Batch 18/146: 100 priced, 0 not found (1782 total so far)
Batch 19/146: 100 priced, 0 not found (1882 total so far)
Batch 20/146: 99 priced, 1 not found (1981 total so far)
Batch 21/146: 97 priced, 3 not found (2078 total so far)
Batch 22/146: 98 priced, 2 not found (2176 total so far)
Batch 23/146: 99 priced, 1 not found (2275 total so far)
Batch 24/146: 99 priced, 1 not found (2374 total so far)
Batch 25/146: 98 priced, 2 not found (2472 total so far)
Batch 26/146: 100 priced, 0 not found (2572 total so far)
Batch 27/146: 100 priced, 0 not found (2672 total so far)
Batch 28/146: 100 priced, 0 not found (2772 total so far)
Batch 29/146: 100 priced, 0 not found (2872 total so far)
Batch 30/146: 100 priced, 0 not found (2972 total so far)
Batch 31/146: 100 priced, 0 not found (3072 total so far)
Batch 32/146: 98 priced, 2 not found (3170 total so far)
Batch 33/146: 100 priced, 0 not found (3270 total so far)
Batch 34/146: 100 priced, 0 not found (3370 total so far)
Batch 35/146: 99 priced, 1 not found (3469 total so far)
Batch 36/146: 100 priced, 0 not found (3569 total so far)
Batch 37/146: 99 priced, 1 not found (3668 total so far)
Batch 38/146: 98 priced, 2 not found (3766 total so far)
Batch 39/146: 100 priced, 0 not found (3866 total so far)
Batch 40/146: 98 priced, 2 not found (3964 total so far)
Batch 41/146: 100 priced, 0 not found (4064 total so far)
Batch 42/146: 100 priced, 0 not found (4164 total so far)
Batch 43/146: 99 priced, 1 not found (4263 total so far)
Batch 44/146: 100 priced, 0 not found (4363 total so far)
Batch 45/146: 99 priced, 1 not found (4462 total so far)
Batch 46/146: 100 priced, 0 not found (4562 total so far)
Batch 47/146: 99 priced, 1 not found (4661 total so far)
Batch 48/146: 100 priced, 0 not found (4761 total so far)
Batch 49/146: 100 priced, 0 not found (4861 total so far)
Batch 50/146: 99 priced, 1 not found (4960 total so far)
Batch 51/146: 100 priced, 0 not found (5060 total so far)
Batch 52/146: 99 priced, 1 not found (5159 total so far)
Batch 53/146: 99 priced, 1 not found (5258 total so far)
Batch 54/146: 99 priced, 1 not found (5357 total so far)
Batch 55/146: 99 priced, 1 not found (5456 total so far)
Batch 56/146: 100 priced, 0 not found (5556 total so far)
Batch 57/146: 99 priced, 1 not found (5655 total so far)
Batch 58/146: 100 priced, 0 not found (5755 total so far)
Batch 59/146: 99 priced, 1 not found (5854 total so far)
Batch 60/146: 100 priced, 0 not found (5954 total so far)
Batch 61/146: 99 priced, 1 not found (6053 total so far)
Batch 62/146: 99 priced, 1 not found (6152 total so far)
Batch 63/146: 99 priced, 1 not found (6251 total so far)
Batch 64/146: 98 priced, 2 not found (6349 total so far)
Batch 65/146: 100 priced, 0 not found (6449 total so far)
Batch 66/146: 100 priced, 0 not found (6549 total so far)
Batch 67/146: 100 priced, 0 not found (6649 total so far)
Batch 68/146: 99 priced, 1 not found (6748 total so far)
Batch 69/146: 97 priced, 3 not found (6845 total so far)
Batch 70/146: 98 priced, 2 not found (6943 total so far)
Batch 71/146: 100 priced, 0 not found (7043 total so far)
Batch 72/146: 99 priced, 1 not found (7142 total so far)
Batch 73/146: 100 priced, 0 not found (7242 total so far)
Batch 74/146: 100 priced, 0 not found (7342 total so far)
Batch 75/146: 100 priced, 0 not found (7442 total so far)
Batch 76/146: 99 priced, 1 not found (7541 total so far)
Batch 77/146: 100 priced, 0 not found (7641 total so far)
Batch 78/146: 100 priced, 0 not found (7741 total so far)
Batch 79/146: 99 priced, 1 not found (7840 total so far)
Batch 80/146: 98 priced, 2 not found (7938 total so far)
Batch 81/146: 100 priced, 0 not found (8038 total so far)
Batch 82/146: 99 priced, 1 not found (8137 total so far)
Batch 83/146: 98 priced, 2 not found (8235 total so far)
Batch 84/146: 99 priced, 1 not found (8334 total so far)
Batch 85/146: 98 priced, 2 not found (8432 total so far)
Batch 86/146: 100 priced, 0 not found (8532 total so far)
Batch 87/146: 99 priced, 1 not found (8631 total so far)
Batch 88/146: 100 priced, 0 not found (8731 total so far)
Batch 89/146: 99 priced, 1 not found (8830 total so far)
Batch 90/146: 98 priced, 2 not found (8928 total so far)
Batch 91/146: 99 priced, 1 not found (9027 total so far)
Batch 92/146: 100 priced, 0 not found (9127 total so far)
Batch 93/146: 99 priced, 1 not found (9226 total so far)
Batch 94/146: 100 priced, 0 not found (9326 total so far)
Batch 95/146: 99 priced, 1 not found (9425 total so far)
Batch 96/146: 100 priced, 0 not found (9525 total so far)
Batch 97/146: 99 priced, 1 not found (9624 total so far)
Batch 98/146: 100 priced, 0 not found (9724 total so far)
Batch 99/146: 100 priced, 0 not found (9824 total so far)
Batch 100/146: 98 priced, 2 not found (9922 total so far)
Batch 101/146: 100 priced, 0 not found (10022 total so far)
Batch 102/146: 100 priced, 0 not found (10122 total so far)
Batch 103/146: 97 priced, 3 not found (10219 total so far)
Batch 104/146: 100 priced, 0 not found (10319 total so far)
Batch 105/146: 99 priced, 1 not found (10418 total so far)
Batch 106/146: 98 priced, 2 not found (10516 total so far)
Batch 107/146: 98 priced, 2 not found (10614 total so far)
Batch 108/146: 100 priced, 0 not found (10714 total so far)
Batch 109/146: 100 priced, 0 not found (10814 total so far)
Batch 110/146: 100 priced, 0 not found (10914 total so far)
Batch 111/146: 100 priced, 0 not found (11014 total so far)
Batch 112/146: 100 priced, 0 not found (11114 total so far)
Batch 113/146: 100 priced, 0 not found (11214 total so far)
Batch 114/146: 100 priced, 0 not found (11314 total so far)
Batch 115/146: 99 priced, 1 not found (11413 total so far)
Batch 116/146: 98 priced, 2 not found (11511 total so far)
Batch 117/146: 99 priced, 1 not found (11610 total so far)
Batch 118/146: 100 priced, 0 not found (11710 total so far)
Batch 119/146: 100 priced, 0 not found (11810 total so far)
Batch 120/146: 100 priced, 0 not found (11910 total so far)
Batch 121/146: 100 priced, 0 not found (12010 total so far)
Batch 122/146: 98 priced, 2 not found (12108 total so far)
Batch 123/146: 99 priced, 1 not found (12207 total so far)
Batch 124/146: 99 priced, 1 not found (12306 total so far)
Batch 125/146: 100 priced, 0 not found (12406 total so far)
Batch 126/146: 99 priced, 1 not found (12505 total so far)
Batch 127/146: 100 priced, 0 not found (12605 total so far)
Batch 128/146: 99 priced, 1 not found (12704 total so far)
Batch 129/146: 99 priced, 1 not found (12803 total so far)
Batch 130/146: 100 priced, 0 not found (12903 total so far)
Batch 131/146: 100 priced, 0 not found (13003 total so far)
Batch 132/146: 100 priced, 0 not found (13103 total so far)
Batch 133/146: 99 priced, 1 not found (13202 total so far)
Batch 134/146: 99 priced, 1 not found (13301 total so far)
Batch 135/146: 99 priced, 1 not found (13400 total so far)
Batch 136/146: 99 priced, 1 not found (13499 total so far)
Batch 137/146: 100 priced, 0 not found (13599 total so far)
Batch 138/146: 98 priced, 2 not found (13697 total so far)
Batch 139/146: 100 priced, 0 not found (13797 total so far)
Batch 140/146: 100 priced, 0 not found (13897 total so far)
Batch 141/146: 99 priced, 1 not found (13996 total so far)
Batch 142/146: 100 priced, 0 not found (14096 total so far)
Batch 143/146: 99 priced, 1 not found (14195 total so far)
Batch 144/146: 98 priced, 2 not found (14293 total so far)
Batch 145/146: 99 priced, 1 not found (14392 total so far)
Batch 146/146: 85 priced, 0 not found (14477 total so far)
108 item_ids returned no price data: [
   3718,  3740,  3923,  3925,  4244,  4348,  4355,  4431,  4435,
   4636,  4779,  4798,  4980,  4997,  5056,  5279,  5280,  5435,
   5753,  5810,  5822,  5834,  5913,  5999,  6063,  6143,  6240,
   6312,  7038,  7060,  7345,  7597,  7678,  7715,  7883,  7947,
   8179,  8393,  8692,  8993,  9153,  9325,  9395,  9454,  9746,
   9882, 10074, 10182, 10302, 10371, 10424, 10850, 10926, 10992,
  10996, 11099, 11103, 11309, 11763, 12031, 12144, 12148, 12410,
  12506, 12560, 12674, 12789, 12809, 13009, 13235, 13300, 13304,
  13374, 13630, 13844, 14070, 14346, 14422, 14670, 14682, 14719,
  14881, 14978, 15010, 15087, 15090, 15946, 16039, 16107, 16212,
  16660, 16661, 16788, 16917, 17117, 17287, 17467, 17887, 18011,
  18092,
  ... 8 more items
]
Got prices for 14477 items - inserting into price_history...
Inserted 397498 price rows.
Refreshing current-price views...
 
===== skins 06/09/2026 13:57:09.00 ===== 
^C 
===== skins 06/09/2026 15:00:01.14 ===== 
Fetching prices for 14585 skin listings...
Batch 1/146: 98 priced, 2 not found (98 total so far)
Batch 2/146: 100 priced, 0 not found (198 total so far)
Batch 3/146: 98 priced, 2 not found (296 total so far)
Batch 4/146: 100 priced, 0 not found (396 total so far)
Batch 5/146: 100 priced, 0 not found (496 total so far)
Batch 6/146: 99 priced, 1 not found (595 total so far)
Batch 7/146: 96 priced, 4 not found (691 total so far)
Batch 8/146: 100 priced, 0 not found (791 total so far)
Batch 9/146: 99 priced, 1 not found (890 total so far)
Batch 10/146: 100 priced, 0 not found (990 total so far)
Batch 11/146: 98 priced, 2 not found (1088 total so far)
Batch 12/146: 100 priced, 0 not found (1188 total so far)
Batch 13/146: 97 priced, 3 not found (1285 total so far)
Batch 14/146: 100 priced, 0 not found (1385 total so far)
Batch 15/146: 99 priced, 1 not found (1484 total so far)
Batch 16/146: 99 priced, 1 not found (1583 total so far)
Batch 17/146: 99 priced, 1 not found (1682 total so far)
Batch 18/146: 100 priced, 0 not found (1782 total so far)
Batch 19/146: 100 priced, 0 not found (1882 total so far)
Batch 20/146: 99 priced, 1 not found (1981 total so far)
Batch 21/146: 97 priced, 3 not found (2078 total so far)
Batch 22/146: 98 priced, 2 not found (2176 total so far)
Batch 23/146: 99 priced, 1 not found (2275 total so far)
Batch 24/146: 99 priced, 1 not found (2374 total so far)
Batch 25/146: 98 priced, 2 not found (2472 total so far)
Batch 26/146: 100 priced, 0 not found (2572 total so far)
Batch 27/146: 100 priced, 0 not found (2672 total so far)
Batch 28/146: 100 priced, 0 not found (2772 total so far)
Batch 29/146: 100 priced, 0 not found (2872 total so far)
Batch 30/146: 100 priced, 0 not found (2972 total so far)
Batch 31/146: 100 priced, 0 not found (3072 total so far)
Batch 32/146: 98 priced, 2 not found (3170 total so far)
Batch 33/146: 100 priced, 0 not found (3270 total so far)
Batch 34/146: 100 priced, 0 not found (3370 total so far)
Batch 35/146: 99 priced, 1 not found (3469 total so far)
Batch 36/146: 100 priced, 0 not found (3569 total so far)
Batch 37/146: 99 priced, 1 not found (3668 total so far)
Batch 38/146: 98 priced, 2 not found (3766 total so far)
Batch 39/146: 100 priced, 0 not found (3866 total so far)
Batch 40/146: 98 priced, 2 not found (3964 total so far)
Batch 41/146: 100 priced, 0 not found (4064 total so far)
Batch 42/146: 100 priced, 0 not found (4164 total so far)
Batch 43/146: 99 priced, 1 not found (4263 total so far)
Batch 44/146: 100 priced, 0 not found (4363 total so far)
Batch 45/146: 99 priced, 1 not found (4462 total so far)
Batch 46/146: 100 priced, 0 not found (4562 total so far)
Batch 47/146: 99 priced, 1 not found (4661 total so far)
Batch 48/146: 100 priced, 0 not found (4761 total so far)
Batch 49/146: 100 priced, 0 not found (4861 total so far)
Batch 50/146: 99 priced, 1 not found (4960 total so far)
Batch 51/146: 100 priced, 0 not found (5060 total so far)
Batch 52/146: 99 priced, 1 not found (5159 total so far)
Batch 53/146: 99 priced, 1 not found (5258 total so far)
Batch 54/146: 99 priced, 1 not found (5357 total so far)
Batch 55/146: 99 priced, 1 not found (5456 total so far)
Batch 56/146: 100 priced, 0 not found (5556 total so far)
Batch 57/146: 99 priced, 1 not found (5655 total so far)
Batch 58/146: 100 priced, 0 not found (5755 total so far)
Batch 59/146: 99 priced, 1 not found (5854 total so far)
Batch 60/146: 100 priced, 0 not found (5954 total so far)
Batch 61/146: 99 priced, 1 not found (6053 total so far)
Batch 62/146: 99 priced, 1 not found (6152 total so far)
Batch 63/146: 99 priced, 1 not found (6251 total so far)
Batch 64/146: 98 priced, 2 not found (6349 total so far)
Batch 65/146: 100 priced, 0 not found (6449 total so far)
Batch 66/146: 100 priced, 0 not found (6549 total so far)
Batch 67/146: 100 priced, 0 not found (6649 total so far)
Batch 68/146: 99 priced, 1 not found (6748 total so far)
Batch 69/146: 97 priced, 3 not found (6845 total so far)
Batch 70/146: 98 priced, 2 not found (6943 total so far)
Batch 71/146: 100 priced, 0 not found (7043 total so far)
Batch 72/146: 99 priced, 1 not found (7142 total so far)
Batch 73/146: 100 priced, 0 not found (7242 total so far)
Batch 74/146: 100 priced, 0 not found (7342 total so far)
Batch 75/146: 100 priced, 0 not found (7442 total so far)
Batch 76/146: 99 priced, 1 not found (7541 total so far)
Batch 77/146: 100 priced, 0 not found (7641 total so far)
Batch 78/146: 100 priced, 0 not found (7741 total so far)
Batch 79/146: 99 priced, 1 not found (7840 total so far)
Batch 80/146: 98 priced, 2 not found (7938 total so far)
Batch 81/146: 100 priced, 0 not found (8038 total so far)
Batch 82/146: 99 priced, 1 not found (8137 total so far)
Batch 83/146: 98 priced, 2 not found (8235 total so far)
Batch 84/146: 99 priced, 1 not found (8334 total so far)
Batch 85/146: 98 priced, 2 not found (8432 total so far)
Batch 86/146: 100 priced, 0 not found (8532 total so far)
Batch 87/146: 99 priced, 1 not found (8631 total so far)
Batch 88/146: 100 priced, 0 not found (8731 total so far)
Batch 89/146: 99 priced, 1 not found (8830 total so far)
Batch 90/146: 98 priced, 2 not found (8928 total so far)
Batch 91/146: 99 priced, 1 not found (9027 total so far)
Batch 92/146: 100 priced, 0 not found (9127 total so far)
Batch 93/146: 99 priced, 1 not found (9226 total so far)
Batch 94/146: 100 priced, 0 not found (9326 total so far)
Batch 95/146: 99 priced, 1 not found (9425 total so far)
Batch 96/146: 100 priced, 0 not found (9525 total so far)
Batch 97/146: 99 priced, 1 not found (9624 total so far)
Batch 98/146: 100 priced, 0 not found (9724 total so far)
Batch 99/146: 100 priced, 0 not found (9824 total so far)
Batch 100/146: 98 priced, 2 not found (9922 total so far)
Batch 101/146: 100 priced, 0 not found (10022 total so far)
Batch 102/146: 100 priced, 0 not found (10122 total so far)
Batch 103/146: 97 priced, 3 not found (10219 total so far)
Batch 104/146: 100 priced, 0 not found (10319 total so far)
Batch 105/146: 99 priced, 1 not found (10418 total so far)
Batch 106/146: 98 priced, 2 not found (10516 total so far)
Batch 107/146: 98 priced, 2 not found (10614 total so far)
Batch 108/146: 100 priced, 0 not found (10714 total so far)
Batch 109/146: 100 priced, 0 not found (10814 total so far)
Batch 110/146: 100 priced, 0 not found (10914 total so far)
Batch 111/146: 100 priced, 0 not found (11014 total so far)
Batch 112/146: 100 priced, 0 not found (11114 total so far)
Batch 113/146: 100 priced, 0 not found (11214 total so far)
Batch 114/146: 100 priced, 0 not found (11314 total so far)
Batch 115/146: 99 priced, 1 not found (11413 total so far)
Batch 116/146: 98 priced, 2 not found (11511 total so far)
Batch 117/146: 99 priced, 1 not found (11610 total so far)
Batch 118/146: 100 priced, 0 not found (11710 total so far)
Batch 119/146: 100 priced, 0 not found (11810 total so far)
Batch 120/146: 100 priced, 0 not found (11910 total so far)
Batch 121/146: 100 priced, 0 not found (12010 total so far)
Batch 122/146: 98 priced, 2 not found (12108 total so far)
Batch 123/146: 99 priced, 1 not found (12207 total so far)
Batch 124/146: 99 priced, 1 not found (12306 total so far)
Batch 125/146: 100 priced, 0 not found (12406 total so far)
Batch 126/146: 99 priced, 1 not found (12505 total so far)
Batch 127/146: 100 priced, 0 not found (12605 total so far)
Batch 128/146: 99 priced, 1 not found (12704 total so far)
Batch 129/146: 99 priced, 1 not found (12803 total so far)
Batch 130/146: 100 priced, 0 not found (12903 total so far)
Batch 131/146: 100 priced, 0 not found (13003 total so far)
Batch 132/146: 100 priced, 0 not found (13103 total so far)
Batch 133/146: 99 priced, 1 not found (13202 total so far)
Batch 134/146: 99 priced, 1 not found (13301 total so far)
Batch 135/146: 99 priced, 1 not found (13400 total so far)
Batch 136/146: 99 priced, 1 not found (13499 total so far)
Batch 137/146: 100 priced, 0 not found (13599 total so far)
Batch 138/146: 98 priced, 2 not found (13697 total so far)
Batch 139/146: 100 priced, 0 not found (13797 total so far)
Batch 140/146: 100 priced, 0 not found (13897 total so far)
Batch 141/146: 99 priced, 1 not found (13996 total so far)
Batch 142/146: 100 priced, 0 not found (14096 total so far)
Batch 143/146: 99 priced, 1 not found (14195 total so far)
Batch 144/146: 98 priced, 2 not found (14293 total so far)
Batch 145/146: 99 priced, 1 not found (14392 total so far)
Batch 146/146: 85 priced, 0 not found (14477 total so far)
108 item_ids returned no price data: [
   3718,  3740,  3923,  3925,  4244,  4348,  4355,  4431,  4435,
   4636,  4779,  4798,  4980,  4997,  5056,  5279,  5280,  5435,
   5753,  5810,  5822,  5834,  5913,  5999,  6063,  6143,  6240,
   6312,  7038,  7060,  7345,  7597,  7678,  7715,  7883,  7947,
   8179,  8393,  8692,  8993,  9153,  9325,  9395,  9454,  9746,
   9882, 10074, 10182, 10302, 10371, 10424, 10850, 10926, 10992,
  10996, 11099, 11103, 11309, 11763, 12031, 12144, 12148, 12410,
  12506, 12560, 12674, 12789, 12809, 13009, 13235, 13300, 13304,
  13374, 13630, 13844, 14070, 14346, 14422, 14670, 14682, 14719,
  14881, 14978, 15010, 15087, 15090, 15946, 16039, 16107, 16212,
  16660, 16661, 16788, 16917, 17117, 17287, 17467, 17887, 18011,
  18092,
  ... 8 more items
]
Got prices for 14477 items - inserting into price_history...
Inserted 399101 price rows.
Refreshing current-price views...
 
===== skins 06/09/2026 16:57:08.96 ===== 
Fetching prices for 14585 skin listings...
Batch 1/146: 98 priced, 2 not found (98 total so far)
Batch 2/146: 100 priced, 0 not found (198 total so far)
Batch 3/146: 98 priced, 2 not found (296 total so far)
Batch 4/146: 100 priced, 0 not found (396 total so far)
Batch 5/146: 100 priced, 0 not found (496 total so far)
Batch 6/146: 99 priced, 1 not found (595 total so far)
Batch 7/146: 96 priced, 4 not found (691 total so far)
Batch 8/146: 100 priced, 0 not found (791 total so far)
Batch 9/146: 99 priced, 1 not found (890 total so far)
Batch 10/146: 100 priced, 0 not found (990 total so far)
Batch 11/146: 98 priced, 2 not found (1088 total so far)
Batch 12/146: 100 priced, 0 not found (1188 total so far)
Batch 13/146: 97 priced, 3 not found (1285 total so far)
Batch 14/146: 100 priced, 0 not found (1385 total so far)
Batch 15/146: 99 priced, 1 not found (1484 total so far)
Batch 16/146: 99 priced, 1 not found (1583 total so far)
Batch 17/146: 99 priced, 1 not found (1682 total so far)
Batch 18/146: 100 priced, 0 not found (1782 total so far)
Batch 19/146: 100 priced, 0 not found (1882 total so far)
Batch 20/146: 99 priced, 1 not found (1981 total so far)
Batch 21/146: 97 priced, 3 not found (2078 total so far)
Batch 22/146: 98 priced, 2 not found (2176 total so far)
Batch 23/146: 99 priced, 1 not found (2275 total so far)
Batch 24/146: 99 priced, 1 not found (2374 total so far)
Batch 25/146: 98 priced, 2 not found (2472 total so far)
Batch 26/146: 100 priced, 0 not found (2572 total so far)
Batch 27/146: 100 priced, 0 not found (2672 total so far)
Batch 28/146: 100 priced, 0 not found (2772 total so far)
Batch 29/146: 100 priced, 0 not found (2872 total so far)
Batch 30/146: 100 priced, 0 not found (2972 total so far)
Batch 31/146: 100 priced, 0 not found (3072 total so far)
Batch 32/146: 98 priced, 2 not found (3170 total so far)
Batch 33/146: 100 priced, 0 not found (3270 total so far)
Batch 34/146: 100 priced, 0 not found (3370 total so far)
Batch 35/146: 99 priced, 1 not found (3469 total so far)
Batch 36/146: 100 priced, 0 not found (3569 total so far)
Batch 37/146: 99 priced, 1 not found (3668 total so far)
Batch 38/146: 98 priced, 2 not found (3766 total so far)
Batch 39/146: 100 priced, 0 not found (3866 total so far)
Batch 40/146: 98 priced, 2 not found (3964 total so far)
Batch 41/146: 100 priced, 0 not found (4064 total so far)
Batch 42/146: 100 priced, 0 not found (4164 total so far)
Batch 43/146: 99 priced, 1 not found (4263 total so far)
Batch 44/146: 100 priced, 0 not found (4363 total so far)
Batch 45/146: 99 priced, 1 not found (4462 total so far)
Batch 46/146: 100 priced, 0 not found (4562 total so far)
Batch 47/146: 99 priced, 1 not found (4661 total so far)
Batch 48/146: 100 priced, 0 not found (4761 total so far)
Batch 49/146: 100 priced, 0 not found (4861 total so far)
Batch 50/146: 99 priced, 1 not found (4960 total so far)
Batch 51/146: 100 priced, 0 not found (5060 total so far)
Batch 52/146: 99 priced, 1 not found (5159 total so far)
Batch 53/146: 99 priced, 1 not found (5258 total so far)
Batch 54/146: 99 priced, 1 not found (5357 total so far)
Batch 55/146: 99 priced, 1 not found (5456 total so far)
Batch 56/146: 100 priced, 0 not found (5556 total so far)
Batch 57/146: 99 priced, 1 not found (5655 total so far)
Batch 58/146: 100 priced, 0 not found (5755 total so far)
Batch 59/146: 99 priced, 1 not found (5854 total so far)
Batch 60/146: 100 priced, 0 not found (5954 total so far)
Batch 61/146: 99 priced, 1 not found (6053 total so far)
Batch 62/146: 99 priced, 1 not found (6152 total so far)
Batch 63/146: 99 priced, 1 not found (6251 total so far)
Batch 64/146: 98 priced, 2 not found (6349 total so far)
Batch 65/146: 100 priced, 0 not found (6449 total so far)
Batch 66/146: 100 priced, 0 not found (6549 total so far)
Batch 67/146: 100 priced, 0 not found (6649 total so far)
Batch 68/146: 99 priced, 1 not found (6748 total so far)
Batch 69/146: 97 priced, 3 not found (6845 total so far)
Batch 70/146: 98 priced, 2 not found (6943 total so far)
Batch 71/146: 100 priced, 0 not found (7043 total so far)
Batch 72/146: 99 priced, 1 not found (7142 total so far)
Batch 73/146: 100 priced, 0 not found (7242 total so far)
Batch 74/146: 100 priced, 0 not found (7342 total so far)
Batch 75/146: 100 priced, 0 not found (7442 total so far)
Batch 76/146: 99 priced, 1 not found (7541 total so far)
Batch 77/146: 100 priced, 0 not found (7641 total so far)
Batch 78/146: 100 priced, 0 not found (7741 total so far)
Batch 79/146: 99 priced, 1 not found (7840 total so far)
Batch 80/146: 98 priced, 2 not found (7938 total so far)
Batch 81/146: 100 priced, 0 not found (8038 total so far)
Batch 82/146: 99 priced, 1 not found (8137 total so far)
Batch 83/146: 98 priced, 2 not found (8235 total so far)
Batch 84/146: 99 priced, 1 not found (8334 total so far)
Batch 85/146: 98 priced, 2 not found (8432 total so far)
Batch 86/146: 100 priced, 0 not found (8532 total so far)
Batch 87/146: 99 priced, 1 not found (8631 total so far)
Batch 88/146: 100 priced, 0 not found (8731 total so far)
Batch 89/146: 99 priced, 1 not found (8830 total so far)
Batch 90/146: 98 priced, 2 not found (8928 total so far)
Batch 91/146: 99 priced, 1 not found (9027 total so far)
Batch 92/146: 100 priced, 0 not found (9127 total so far)
Batch 93/146: 99 priced, 1 not found (9226 total so far)
Batch 94/146: 100 priced, 0 not found (9326 total so far)
Batch 95/146: 99 priced, 1 not found (9425 total so far)
Batch 96/146: 100 priced, 0 not found (9525 total so far)
Batch 97/146: 99 priced, 1 not found (9624 total so far)
Batch 98/146: 100 priced, 0 not found (9724 total so far)
Batch 99/146: 100 priced, 0 not found (9824 total so far)
Batch 100/146: 98 priced, 2 not found (9922 total so far)
Batch 101/146: 100 priced, 0 not found (10022 total so far)
Batch 102/146: 100 priced, 0 not found (10122 total so far)
Batch 103/146: 97 priced, 3 not found (10219 total so far)
Batch 104/146: 100 priced, 0 not found (10319 total so far)
Batch 105/146: 99 priced, 1 not found (10418 total so far)
Batch 106/146: 98 priced, 2 not found (10516 total so far)
Batch 107/146: 98 priced, 2 not found (10614 total so far)
Batch 108/146: 100 priced, 0 not found (10714 total so far)
Batch 109/146: 100 priced, 0 not found (10814 total so far)
Batch 110/146: 100 priced, 0 not found (10914 total so far)
Batch 111/146: 100 priced, 0 not found (11014 total so far)
Batch 112/146: 100 priced, 0 not found (11114 total so far)
Batch 113/146: 100 priced, 0 not found (11214 total so far)
Batch 114/146: 100 priced, 0 not found (11314 total so far)
Batch 115/146: 99 priced, 1 not found (11413 total so far)
Batch 116/146: 98 priced, 2 not found (11511 total so far)
Batch 117/146: 99 priced, 1 not found (11610 total so far)
Batch 118/146: 100 priced, 0 not found (11710 total so far)
Batch 119/146: 100 priced, 0 not found (11810 total so far)
Batch 120/146: 100 priced, 0 not found (11910 total so far)
Batch 121/146: 100 priced, 0 not found (12010 total so far)
Batch 122/146: 98 priced, 2 not found (12108 total so far)
Batch 123/146: 99 priced, 1 not found (12207 total so far)
Batch 124/146: 99 priced, 1 not found (12306 total so far)
Batch 125/146: 100 priced, 0 not found (12406 total so far)
Batch 126/146: 99 priced, 1 not found (12505 total so far)
Batch 127/146: 100 priced, 0 not found (12605 total so far)
Batch 128/146: 99 priced, 1 not found (12704 total so far)
Batch 129/146: 99 priced, 1 not found (12803 total so far)
Batch 130/146: 100 priced, 0 not found (12903 total so far)
Batch 131/146: 100 priced, 0 not found (13003 total so far)
Batch 132/146: 100 priced, 0 not found (13103 total so far)
Batch 133/146: 99 priced, 1 not found (13202 total so far)
Batch 134/146: 99 priced, 1 not found (13301 total so far)
Batch 135/146: 99 priced, 1 not found (13400 total so far)
Batch 136/146: 99 priced, 1 not found (13499 total so far)
Batch 137/146: 100 priced, 0 not found (13599 total so far)
Batch 138/146: 98 priced, 2 not found (13697 total so far)
Batch 139/146: 100 priced, 0 not found (13797 total so far)
Batch 140/146: 100 priced, 0 not found (13897 total so far)
Batch 141/146: 99 priced, 1 not found (13996 total so far)
Batch 142/146: 100 priced, 0 not found (14096 total so far)
Batch 143/146: 99 priced, 1 not found (14195 total so far)
Batch 144/146: 98 priced, 2 not found (14293 total so far)
Batch 145/146: 99 priced, 1 not found (14392 total so far)
Batch 146/146: 85 priced, 0 not found (14477 total so far)
108 item_ids returned no price data: [
   3718,  3740,  3923,  3925,  4244,  4348,  4355,  4431,  4435,
   4636,  4779,  4798,  4980,  4997,  5056,  5279,  5280,  5435,
   5753,  5810,  5822,  5834,  5913,  5999,  6063,  6143,  6240,
   6312,  7038,  7060,  7345,  7597,  7678,  7715,  7883,  7947,
   8179,  8393,  8692,  8993,  9153,  9325,  9395,  9454,  9746,
   9882, 10074, 10182, 10302, 10371, 10424, 10850, 10926, 10992,
  10996, 11099, 11103, 11309, 11763, 12031, 12144, 12148, 12410,
  12506, 12560, 12674, 12789, 12809, 13009, 13235, 13300, 13304,
  13374, 13630, 13844, 14070, 14346, 14422, 14670, 14682, 14719,
  14881, 14978, 15010, 15087, 15090, 15946, 16039, 16107, 16212,
  16660, 16661, 16788, 16917, 17117, 17287, 17467, 17887, 18011,
  18092,
  ... 8 more items
]
Got prices for 14477 items - inserting into price_history...
Inserted 399097 price rows.
Refreshing current-price views...
 
===== skins 06/09/2026 18:00:01.11 ===== 
Fetching prices for 14585 skin listings...
Batch 1/146: 98 priced, 2 not found (98 total so far)
Batch 2/146: 100 priced, 0 not found (198 total so far)
Batch 3/146: 98 priced, 2 not found (296 total so far)
Batch 4/146: 100 priced, 0 not found (396 total so far)
Batch 5/146: 100 priced, 0 not found (496 total so far)
Batch 6/146: 99 priced, 1 not found (595 total so far)
Batch 7/146: 96 priced, 4 not found (691 total so far)
Batch 8/146: 100 priced, 0 not found (791 total so far)
Batch 9/146: 99 priced, 1 not found (890 total so far)
Batch 10/146: 100 priced, 0 not found (990 total so far)
Batch 11/146: 98 priced, 2 not found (1088 total so far)
Batch 12/146: 100 priced, 0 not found (1188 total so far)
Batch 13/146: 97 priced, 3 not found (1285 total so far)
Batch 14/146: 100 priced, 0 not found (1385 total so far)
Batch 15/146: 99 priced, 1 not found (1484 total so far)
Batch 16/146: 99 priced, 1 not found (1583 total so far)
Batch 17/146: 99 priced, 1 not found (1682 total so far)
Batch 18/146: 100 priced, 0 not found (1782 total so far)
Batch 19/146: 100 priced, 0 not found (1882 total so far)
Batch 20/146: 99 priced, 1 not found (1981 total so far)
Batch 21/146: 97 priced, 3 not found (2078 total so far)
Batch 22/146: 98 priced, 2 not found (2176 total so far)
Batch 23/146: 99 priced, 1 not found (2275 total so far)
Batch 24/146: 99 priced, 1 not found (2374 total so far)
Batch 25/146: 98 priced, 2 not found (2472 total so far)
Batch 26/146: 100 priced, 0 not found (2572 total so far)
Batch 27/146: 100 priced, 0 not found (2672 total so far)
Batch 28/146: 100 priced, 0 not found (2772 total so far)
Batch 29/146: 100 priced, 0 not found (2872 total so far)
Batch 30/146: 100 priced, 0 not found (2972 total so far)
Batch 31/146: 100 priced, 0 not found (3072 total so far)
Batch 32/146: 98 priced, 2 not found (3170 total so far)
Batch 33/146: 100 priced, 0 not found (3270 total so far)
Batch 34/146: 100 priced, 0 not found (3370 total so far)
Batch 35/146: 99 priced, 1 not found (3469 total so far)
Batch 36/146: 100 priced, 0 not found (3569 total so far)
Batch 37/146: 99 priced, 1 not found (3668 total so far)
Batch 38/146: 98 priced, 2 not found (3766 total so far)
Batch 39/146: 100 priced, 0 not found (3866 total so far)
Batch 40/146: 98 priced, 2 not found (3964 total so far)
Batch 41/146: 100 priced, 0 not found (4064 total so far)
Batch 42/146: 100 priced, 0 not found (4164 total so far)
Batch 43/146: 99 priced, 1 not found (4263 total so far)
Batch 44/146: 100 priced, 0 not found (4363 total so far)
Batch 45/146: 99 priced, 1 not found (4462 total so far)
Batch 46/146: 100 priced, 0 not found (4562 total so far)
Batch 47/146: 99 priced, 1 not found (4661 total so far)
Batch 48/146: 100 priced, 0 not found (4761 total so far)
Batch 49/146: 100 priced, 0 not found (4861 total so far)
Batch 50/146: 99 priced, 1 not found (4960 total so far)
Batch 51/146: 100 priced, 0 not found (5060 total so far)
Batch 52/146: 99 priced, 1 not found (5159 total so far)
Batch 53/146: 99 priced, 1 not found (5258 total so far)
Batch 54/146: 99 priced, 1 not found (5357 total so far)
Batch 55/146: 99 priced, 1 not found (5456 total so far)
Batch 56/146: 100 priced, 0 not found (5556 total so far)
Batch 57/146: 99 priced, 1 not found (5655 total so far)
Batch 58/146: 100 priced, 0 not found (5755 total so far)
Batch 59/146: 99 priced, 1 not found (5854 total so far)
Batch 60/146: 100 priced, 0 not found (5954 total so far)
Batch 61/146: 99 priced, 1 not found (6053 total so far)
Batch 62/146: 99 priced, 1 not found (6152 total so far)
Batch 63/146: 99 priced, 1 not found (6251 total so far)
Batch 64/146: 98 priced, 2 not found (6349 total so far)
Batch 65/146: 100 priced, 0 not found (6449 total so far)
Batch 66/146: 100 priced, 0 not found (6549 total so far)
Batch 67/146: 100 priced, 0 not found (6649 total so far)
Batch 68/146: 99 priced, 1 not found (6748 total so far)
Batch 69/146: 97 priced, 3 not found (6845 total so far)
Batch 70/146: 98 priced, 2 not found (6943 total so far)
Batch 71/146: 100 priced, 0 not found (7043 total so far)
Batch 72/146: 99 priced, 1 not found (7142 total so far)
Batch 73/146: 100 priced, 0 not found (7242 total so far)
Batch 74/146: 100 priced, 0 not found (7342 total so far)
Batch 75/146: 100 priced, 0 not found (7442 total so far)
Batch 76/146: 99 priced, 1 not found (7541 total so far)
Batch 77/146: 100 priced, 0 not found (7641 total so far)
Batch 78/146: 100 priced, 0 not found (7741 total so far)
Batch 79/146: 99 priced, 1 not found (7840 total so far)
Batch 80/146: 98 priced, 2 not found (7938 total so far)
Batch 81/146: 100 priced, 0 not found (8038 total so far)
Batch 82/146: 99 priced, 1 not found (8137 total so far)
Batch 83/146: 98 priced, 2 not found (8235 total so far)
Batch 84/146: 99 priced, 1 not found (8334 total so far)
Batch 85/146: 98 priced, 2 not found (8432 total so far)
Batch 86/146: 100 priced, 0 not found (8532 total so far)
Batch 87/146: 99 priced, 1 not found (8631 total so far)
Batch 88/146: 100 priced, 0 not found (8731 total so far)
Batch 89/146: 99 priced, 1 not found (8830 total so far)
Batch 90/146: 98 priced, 2 not found (8928 total so far)
Batch 91/146: 99 priced, 1 not found (9027 total so far)
Batch 92/146: 100 priced, 0 not found (9127 total so far)
Batch 93/146: 99 priced, 1 not found (9226 total so far)
Batch 94/146: 100 priced, 0 not found (9326 total so far)
Batch 95/146: 99 priced, 1 not found (9425 total so far)
Batch 96/146: 100 priced, 0 not found (9525 total so far)
Batch 97/146: 99 priced, 1 not found (9624 total so far)
Batch 98/146: 100 priced, 0 not found (9724 total so far)
Batch 99/146: 100 priced, 0 not found (9824 total so far)
Batch 100/146: 98 priced, 2 not found (9922 total so far)
Batch 101/146: 100 priced, 0 not found (10022 total so far)
Batch 102/146: 100 priced, 0 not found (10122 total so far)
Batch 103/146: 97 priced, 3 not found (10219 total so far)
Batch 104/146: 100 priced, 0 not found (10319 total so far)
Batch 105/146: 99 priced, 1 not found (10418 total so far)
Batch 106/146: 98 priced, 2 not found (10516 total so far)
Batch 107/146: 98 priced, 2 not found (10614 total so far)
Batch 108/146: 100 priced, 0 not found (10714 total so far)
Batch 109/146: 100 priced, 0 not found (10814 total so far)
Batch 110/146: 100 priced, 0 not found (10914 total so far)
Batch 111/146: 100 priced, 0 not found (11014 total so far)
Batch 112/146: 100 priced, 0 not found (11114 total so far)
Batch 113/146: 100 priced, 0 not found (11214 total so far)
Batch 114/146: 100 priced, 0 not found (11314 total so far)
Batch 115/146: 99 priced, 1 not found (11413 total so far)
Batch 116/146: 98 priced, 2 not found (11511 total so far)
Batch 117/146: 99 priced, 1 not found (11610 total so far)
Batch 118/146: 100 priced, 0 not found (11710 total so far)
Batch 119/146: 100 priced, 0 not found (11810 total so far)
Batch 120/146: 100 priced, 0 not found (11910 total so far)
Batch 121/146: 100 priced, 0 not found (12010 total so far)
Batch 122/146: 98 priced, 2 not found (12108 total so far)
Batch 123/146: 99 priced, 1 not found (12207 total so far)
Batch 124/146: 99 priced, 1 not found (12306 total so far)
Batch 125/146: 100 priced, 0 not found (12406 total so far)
Batch 126/146: 99 priced, 1 not found (12505 total so far)
Batch 127/146: 100 priced, 0 not found (12605 total so far)
Batch 128/146: 99 priced, 1 not found (12704 total so far)
Batch 129/146: 99 priced, 1 not found (12803 total so far)
Batch 130/146: 100 priced, 0 not found (12903 total so far)
Batch 131/146: 100 priced, 0 not found (13003 total so far)
Batch 132/146: 100 priced, 0 not found (13103 total so far)
Batch 133/146: 99 priced, 1 not found (13202 total so far)
Batch 134/146: 99 priced, 1 not found (13301 total so far)
Batch 135/146: 99 priced, 1 not found (13400 total so far)
Batch 136/146: 99 priced, 1 not found (13499 total so far)
Batch 137/146: 100 priced, 0 not found (13599 total so far)
Batch 138/146: 97 priced, 3 not found (13696 total so far)
Batch 139/146: 100 priced, 0 not found (13796 total so far)
Batch 140/146: 100 priced, 0 not found (13896 total so far)
Batch 141/146: 99 priced, 1 not found (13995 total so far)
Batch 142/146: 100 priced, 0 not found (14095 total so far)
Batch 143/146: 99 priced, 1 not found (14194 total so far)
Batch 144/146: 98 priced, 2 not found (14292 total so far)
Batch 145/146: 99 priced, 1 not found (14391 total so far)
Batch 146/146: 85 priced, 0 not found (14476 total so far)
109 item_ids returned no price data: [
   3718,  3740,  3923,  3925,  4244,  4348,  4355,  4431,  4435,
   4636,  4779,  4798,  4980,  4997,  5056,  5279,  5280,  5435,
   5753,  5810,  5822,  5834,  5913,  5999,  6063,  6143,  6240,
   6312,  7038,  7060,  7345,  7597,  7678,  7715,  7883,  7947,
   8179,  8393,  8692,  8993,  9153,  9325,  9395,  9454,  9746,
   9882, 10074, 10182, 10302, 10371, 10424, 10850, 10926, 10992,
  10996, 11099, 11103, 11309, 11763, 12031, 12144, 12148, 12410,
  12506, 12560, 12674, 12789, 12809, 13009, 13235, 13300, 13304,
  13374, 13630, 13844, 14070, 14346, 14422, 14670, 14682, 14719,
  14881, 14978, 15010, 15087, 15090, 15946, 16039, 16107, 16212,
  16660, 16661, 16788, 16917, 17117, 17287, 17467, 17887, 18011,
  18092,
  ... 9 more items
]
Got prices for 14476 items - inserting into price_history...
Inserted 399114 price rows.
Refreshing current-price views...
 
===== skins 06/09/2026 19:57:08.99 ===== 
Fetching prices for 14585 skin listings...
Batch 1/146: 98 priced, 2 not found (98 total so far)
Batch 2/146: 100 priced, 0 not found (198 total so far)
Batch 3/146: 98 priced, 2 not found (296 total so far)
Batch 4/146: 100 priced, 0 not found (396 total so far)
Batch 5/146: 100 priced, 0 not found (496 total so far)
Batch 6/146: 99 priced, 1 not found (595 total so far)
Batch 7/146: 96 priced, 4 not found (691 total so far)
Batch 8/146: 100 priced, 0 not found (791 total so far)
Batch 9/146: 99 priced, 1 not found (890 total so far)
Batch 10/146: 100 priced, 0 not found (990 total so far)
Batch 11/146: 98 priced, 2 not found (1088 total so far)
Batch 12/146: 100 priced, 0 not found (1188 total so far)
Batch 13/146: 97 priced, 3 not found (1285 total so far)
Batch 14/146: 100 priced, 0 not found (1385 total so far)
Batch 15/146: 99 priced, 1 not found (1484 total so far)
Batch 16/146: 99 priced, 1 not found (1583 total so far)
Batch 17/146: 99 priced, 1 not found (1682 total so far)
Batch 18/146: 100 priced, 0 not found (1782 total so far)
Batch 19/146: 100 priced, 0 not found (1882 total so far)
Batch 20/146: 99 priced, 1 not found (1981 total so far)
Batch 21/146: 97 priced, 3 not found (2078 total so far)
Batch 22/146: 98 priced, 2 not found (2176 total so far)
Batch 23/146: 99 priced, 1 not found (2275 total so far)
Batch 24/146: 99 priced, 1 not found (2374 total so far)
Batch 25/146: 98 priced, 2 not found (2472 total so far)
Batch 26/146: 100 priced, 0 not found (2572 total so far)
Batch 27/146: 100 priced, 0 not found (2672 total so far)
Batch 28/146: 100 priced, 0 not found (2772 total so far)
Batch 29/146: 100 priced, 0 not found (2872 total so far)
Batch 30/146: 100 priced, 0 not found (2972 total so far)
Batch 31/146: 100 priced, 0 not found (3072 total so far)
Batch 32/146: 98 priced, 2 not found (3170 total so far)
Batch 33/146: 100 priced, 0 not found (3270 total so far)
Batch 34/146: 100 priced, 0 not found (3370 total so far)
Batch 35/146: 99 priced, 1 not found (3469 total so far)
Batch 36/146: 100 priced, 0 not found (3569 total so far)
Batch 37/146: 99 priced, 1 not found (3668 total so far)
Batch 38/146: 98 priced, 2 not found (3766 total so far)
Batch 39/146: 100 priced, 0 not found (3866 total so far)
Batch 40/146: 98 priced, 2 not found (3964 total so far)
Batch 41/146: 100 priced, 0 not found (4064 total so far)
Batch 42/146: 100 priced, 0 not found (4164 total so far)
Batch 43/146: 99 priced, 1 not found (4263 total so far)
Batch 44/146: 100 priced, 0 not found (4363 total so far)
Batch 45/146: 99 priced, 1 not found (4462 total so far)
Batch 46/146: 100 priced, 0 not found (4562 total so far)
Batch 47/146: 99 priced, 1 not found (4661 total so far)
Batch 48/146: 100 priced, 0 not found (4761 total so far)
Batch 49/146: 100 priced, 0 not found (4861 total so far)
Batch 50/146: 99 priced, 1 not found (4960 total so far)
Batch 51/146: 100 priced, 0 not found (5060 total so far)
Batch 52/146: 99 priced, 1 not found (5159 total so far)
Batch 53/146: 99 priced, 1 not found (5258 total so far)
Batch 54/146: 99 priced, 1 not found (5357 total so far)
Batch 55/146: 99 priced, 1 not found (5456 total so far)
Batch 56/146: 100 priced, 0 not found (5556 total so far)
Batch 57/146: 99 priced, 1 not found (5655 total so far)
Batch 58/146: 100 priced, 0 not found (5755 total so far)
Batch 59/146: 99 priced, 1 not found (5854 total so far)
Batch 60/146: 100 priced, 0 not found (5954 total so far)
Batch 61/146: 99 priced, 1 not found (6053 total so far)
Batch 62/146: 99 priced, 1 not found (6152 total so far)
Batch 63/146: 99 priced, 1 not found (6251 total so far)
Batch 64/146: 98 priced, 2 not found (6349 total so far)
Batch 65/146: 100 priced, 0 not found (6449 total so far)
Batch 66/146: 100 priced, 0 not found (6549 total so far)
Batch 67/146: 100 priced, 0 not found (6649 total so far)
Batch 68/146: 99 priced, 1 not found (6748 total so far)
Batch 69/146: 97 priced, 3 not found (6845 total so far)
Batch 70/146: 98 priced, 2 not found (6943 total so far)
Batch 71/146: 100 priced, 0 not found (7043 total so far)
Batch 72/146: 99 priced, 1 not found (7142 total so far)
Batch 73/146: 100 priced, 0 not found (7242 total so far)
Batch 74/146: 100 priced, 0 not found (7342 total so far)
Batch 75/146: 100 priced, 0 not found (7442 total so far)
Batch 76/146: 99 priced, 1 not found (7541 total so far)
Batch 77/146: 100 priced, 0 not found (7641 total so far)
Batch 78/146: 100 priced, 0 not found (7741 total so far)
Batch 79/146: 99 priced, 1 not found (7840 total so far)
Batch 80/146: 98 priced, 2 not found (7938 total so far)
Batch 81/146: 100 priced, 0 not found (8038 total so far)
Batch 82/146: 99 priced, 1 not found (8137 total so far)
Batch 83/146: 98 priced, 2 not found (8235 total so far)
Batch 84/146: 99 priced, 1 not found (8334 total so far)
Batch 85/146: 98 priced, 2 not found (8432 total so far)
Batch 86/146: 100 priced, 0 not found (8532 total so far)
Batch 87/146: 99 priced, 1 not found (8631 total so far)
Batch 88/146: 100 priced, 0 not found (8731 total so far)
Batch 89/146: 99 priced, 1 not found (8830 total so far)
Batch 90/146: 98 priced, 2 not found (8928 total so far)
Batch 91/146: 99 priced, 1 not found (9027 total so far)
Batch 92/146: 100 priced, 0 not found (9127 total so far)
Batch 93/146: 99 priced, 1 not found (9226 total so far)
Batch 94/146: 100 priced, 0 not found (9326 total so far)
Batch 95/146: 99 priced, 1 not found (9425 total so far)
Batch 96/146: 100 priced, 0 not found (9525 total so far)
Batch 97/146: 99 priced, 1 not found (9624 total so far)
Batch 98/146: 100 priced, 0 not found (9724 total so far)
Batch 99/146: 100 priced, 0 not found (9824 total so far)
Batch 100/146: 98 priced, 2 not found (9922 total so far)
Batch 101/146: 100 priced, 0 not found (10022 total so far)
Batch 102/146: 100 priced, 0 not found (10122 total so far)
Batch 103/146: 97 priced, 3 not found (10219 total so far)
Batch 104/146: 100 priced, 0 not found (10319 total so far)
Batch 105/146: 99 priced, 1 not found (10418 total so far)
Batch 106/146: 98 priced, 2 not found (10516 total so far)
Batch 107/146: 98 priced, 2 not found (10614 total so far)
Batch 108/146: 100 priced, 0 not found (10714 total so far)
Batch 109/146: 100 priced, 0 not found (10814 total so far)
Batch 110/146: 100 priced, 0 not found (10914 total so far)
Batch 111/146: 100 priced, 0 not found (11014 total so far)
Batch 112/146: 100 priced, 0 not found (11114 total so far)
Batch 113/146: 100 priced, 0 not found (11214 total so far)
Batch 114/146: 100 priced, 0 not found (11314 total so far)
Batch 115/146: 99 priced, 1 not found (11413 total so far)
Batch 116/146: 98 priced, 2 not found (11511 total so far)
Batch 117/146: 99 priced, 1 not found (11610 total so far)
Batch 118/146: 100 priced, 0 not found (11710 total so far)
Batch 119/146: 100 priced, 0 not found (11810 total so far)
Batch 120/146: 100 priced, 0 not found (11910 total so far)
Batch 121/146: 100 priced, 0 not found (12010 total so far)
Batch 122/146: 98 priced, 2 not found (12108 total so far)
Batch 123/146: 99 priced, 1 not found (12207 total so far)
Batch 124/146: 99 priced, 1 not found (12306 total so far)
Batch 125/146: 100 priced, 0 not found (12406 total so far)
Batch 126/146: 99 priced, 1 not found (12505 total so far)
Batch 127/146: 100 priced, 0 not found (12605 total so far)
Batch 128/146: 99 priced, 1 not found (12704 total so far)
Batch 129/146: 99 priced, 1 not found (12803 total so far)
Batch 130/146: 100 priced, 0 not found (12903 total so far)
Batch 131/146: 100 priced, 0 not found (13003 total so far)
Batch 132/146: 100 priced, 0 not found (13103 total so far)
Batch 133/146: 99 priced, 1 not found (13202 total so far)
Batch 134/146: 99 priced, 1 not found (13301 total so far)
Batch 135/146: 99 priced, 1 not found (13400 total so far)
Batch 136/146: 99 priced, 1 not found (13499 total so far)
Batch 137/146: 100 priced, 0 not found (13599 total so far)
Batch 138/146: 97 priced, 3 not found (13696 total so far)
Batch 139/146: 100 priced, 0 not found (13796 total so far)
Batch 140/146: 100 priced, 0 not found (13896 total so far)
Batch 141/146: 99 priced, 1 not found (13995 total so far)
Batch 142/146: 100 priced, 0 not found (14095 total so far)
Batch 143/146: 99 priced, 1 not found (14194 total so far)
Batch 144/146: 98 priced, 2 not found (14292 total so far)
Batch 145/146: 99 priced, 1 not found (14391 total so far)
Batch 146/146: 85 priced, 0 not found (14476 total so far)
109 item_ids returned no price data: [
   3718,  3740,  3923,  3925,  4244,  4348,  4355,  4431,  4435,
   4636,  4779,  4798,  4980,  4997,  5056,  5279,  5280,  5435,
   5753,  5810,  5822,  5834,  5913,  5999,  6063,  6143,  6240,
   6312,  7038,  7060,  7345,  7597,  7678,  7715,  7883,  7947,
   8179,  8393,  8692,  8993,  9153,  9325,  9395,  9454,  9746,
   9882, 10074, 10182, 10302, 10371, 10424, 10850, 10926, 10992,
  10996, 11099, 11103, 11309, 11763, 12031, 12144, 12148, 12410,
  12506, 12560, 12674, 12789, 12809, 13009, 13235, 13300, 13304,
  13374, 13630, 13844, 14070, 14346, 14422, 14670, 14682, 14719,
  14881, 14978, 15010, 15087, 15090, 15946, 16039, 16107, 16212,
  16660, 16661, 16788, 16917, 17117, 17287, 17467, 17887, 18011,
  18092,
  ... 9 more items
]
Got prices for 14476 items - inserting into price_history...
Inserted 399314 price rows.
Refreshing current-price views...
 
===== skins 06/09/2026 21:00:01.12 ===== 
Fetching prices for 14585 skin listings...
Batch 1/146: 98 priced, 2 not found (98 total so far)
Batch 2/146: 100 priced, 0 not found (198 total so far)
Batch 3/146: 98 priced, 2 not found (296 total so far)
Batch 4/146: 100 priced, 0 not found (396 total so far)
Batch 5/146: 100 priced, 0 not found (496 total so far)
Batch 6/146: 99 priced, 1 not found (595 total so far)
Batch 7/146: 96 priced, 4 not found (691 total so far)
Batch 8/146: 100 priced, 0 not found (791 total so far)
Batch 9/146: 99 priced, 1 not found (890 total so far)
Batch 10/146: 100 priced, 0 not found (990 total so far)
Batch 11/146: 98 priced, 2 not found (1088 total so far)
Batch 12/146: 100 priced, 0 not found (1188 total so far)
Batch 13/146: 97 priced, 3 not found (1285 total so far)
Batch 14/146: 100 priced, 0 not found (1385 total so far)
Batch 15/146: 99 priced, 1 not found (1484 total so far)
Batch 16/146: 99 priced, 1 not found (1583 total so far)
Batch 17/146: 99 priced, 1 not found (1682 total so far)
Batch 18/146: 100 priced, 0 not found (1782 total so far)
Batch 19/146: 100 priced, 0 not found (1882 total so far)
Batch 20/146: 99 priced, 1 not found (1981 total so far)
Batch 21/146: 97 priced, 3 not found (2078 total so far)
Batch 22/146: 98 priced, 2 not found (2176 total so far)
Batch 23/146: 99 priced, 1 not found (2275 total so far)
Batch 24/146: 99 priced, 1 not found (2374 total so far)
Batch 25/146: 98 priced, 2 not found (2472 total so far)
Batch 26/146: 100 priced, 0 not found (2572 total so far)
Batch 27/146: 100 priced, 0 not found (2672 total so far)
Batch 28/146: 100 priced, 0 not found (2772 total so far)
Batch 29/146: 100 priced, 0 not found (2872 total so far)
Batch 30/146: 100 priced, 0 not found (2972 total so far)
Batch 31/146: 100 priced, 0 not found (3072 total so far)
Batch 32/146: 98 priced, 2 not found (3170 total so far)
Batch 33/146: 100 priced, 0 not found (3270 total so far)
Batch 34/146: 100 priced, 0 not found (3370 total so far)
Batch 35/146: 99 priced, 1 not found (3469 total so far)
Batch 36/146: 100 priced, 0 not found (3569 total so far)
Batch 37/146: 99 priced, 1 not found (3668 total so far)
Batch 38/146: 98 priced, 2 not found (3766 total so far)
Batch 39/146: 100 priced, 0 not found (3866 total so far)
Batch 40/146: 98 priced, 2 not found (3964 total so far)
Batch 41/146: 100 priced, 0 not found (4064 total so far)
Batch 42/146: 100 priced, 0 not found (4164 total so far)
Batch 43/146: 99 priced, 1 not found (4263 total so far)
Batch 44/146: 100 priced, 0 not found (4363 total so far)
Batch 45/146: 99 priced, 1 not found (4462 total so far)
Batch 46/146: 100 priced, 0 not found (4562 total so far)
Batch 47/146: 99 priced, 1 not found (4661 total so far)
Batch 48/146: 100 priced, 0 not found (4761 total so far)
Batch 49/146: 100 priced, 0 not found (4861 total so far)
Batch 50/146: 99 priced, 1 not found (4960 total so far)
Batch 51/146: 100 priced, 0 not found (5060 total so far)
Batch 52/146: 99 priced, 1 not found (5159 total so far)
Batch 53/146: 99 priced, 1 not found (5258 total so far)
Batch 54/146: 99 priced, 1 not found (5357 total so far)
Batch 55/146: 99 priced, 1 not found (5456 total so far)
Batch 56/146: 100 priced, 0 not found (5556 total so far)
Batch 57/146: 99 priced, 1 not found (5655 total so far)
Batch 58/146: 100 priced, 0 not found (5755 total so far)
Batch 59/146: 99 priced, 1 not found (5854 total so far)
Batch 60/146: 100 priced, 0 not found (5954 total so far)
Batch 61/146: 99 priced, 1 not found (6053 total so far)
Batch 62/146: 99 priced, 1 not found (6152 total so far)
Batch 63/146: 99 priced, 1 not found (6251 total so far)
Batch 64/146: 98 priced, 2 not found (6349 total so far)
Batch 65/146: 100 priced, 0 not found (6449 total so far)
Batch 66/146: 100 priced, 0 not found (6549 total so far)
Batch 67/146: 100 priced, 0 not found (6649 total so far)
Batch 68/146: 99 priced, 1 not found (6748 total so far)
Batch 69/146: 97 priced, 3 not found (6845 total so far)
Batch 70/146: 98 priced, 2 not found (6943 total so far)
Batch 71/146: 100 priced, 0 not found (7043 total so far)
Batch 72/146: 99 priced, 1 not found (7142 total so far)
Batch 73/146: 100 priced, 0 not found (7242 total so far)
Batch 74/146: 100 priced, 0 not found (7342 total so far)
Batch 75/146: 100 priced, 0 not found (7442 total so far)
Batch 76/146: 99 priced, 1 not found (7541 total so far)
Batch 77/146: 100 priced, 0 not found (7641 total so far)
Batch 78/146: 100 priced, 0 not found (7741 total so far)
Batch 79/146: 99 priced, 1 not found (7840 total so far)
Batch 80/146: 98 priced, 2 not found (7938 total so far)
Batch 81/146: 100 priced, 0 not found (8038 total so far)
Batch 82/146: 99 priced, 1 not found (8137 total so far)
Batch 83/146: 98 priced, 2 not found (8235 total so far)
Batch 84/146: 99 priced, 1 not found (8334 total so far)
Batch 85/146: 98 priced, 2 not found (8432 total so far)
Batch 86/146: 100 priced, 0 not found (8532 total so far)
Batch 87/146: 99 priced, 1 not found (8631 total so far)
Batch 88/146: 100 priced, 0 not found (8731 total so far)
Batch 89/146: 99 priced, 1 not found (8830 total so far)
Batch 90/146: 98 priced, 2 not found (8928 total so far)
Batch 91/146: 99 priced, 1 not found (9027 total so far)
Batch 92/146: 100 priced, 0 not found (9127 total so far)
Batch 93/146: 99 priced, 1 not found (9226 total so far)
Batch 94/146: 100 priced, 0 not found (9326 total so far)
Batch 95/146: 99 priced, 1 not found (9425 total so far)
Batch 96/146: 100 priced, 0 not found (9525 total so far)
Batch 97/146: 99 priced, 1 not found (9624 total so far)
Batch 98/146: 100 priced, 0 not found (9724 total so far)
Batch 99/146: 100 priced, 0 not found (9824 total so far)
Batch 100/146: 98 priced, 2 not found (9922 total so far)
Batch 101/146: 100 priced, 0 not found (10022 total so far)
Batch 102/146: 100 priced, 0 not found (10122 total so far)
Batch 103/146: 97 priced, 3 not found (10219 total so far)
Batch 104/146: 100 priced, 0 not found (10319 total so far)
Batch 105/146: 99 priced, 1 not found (10418 total so far)
Batch 106/146: 98 priced, 2 not found (10516 total so far)
Batch 107/146: 98 priced, 2 not found (10614 total so far)
Batch 108/146: 100 priced, 0 not found (10714 total so far)
Batch 109/146: 100 priced, 0 not found (10814 total so far)
Batch 110/146: 100 priced, 0 not found (10914 total so far)
Batch 111/146: 100 priced, 0 not found (11014 total so far)
Batch 112/146: 100 priced, 0 not found (11114 total so far)
Batch 113/146: 100 priced, 0 not found (11214 total so far)
Batch 114/146: 100 priced, 0 not found (11314 total so far)
Batch 115/146: 99 priced, 1 not found (11413 total so far)
Batch 116/146: 98 priced, 2 not found (11511 total so far)
Batch 117/146: 99 priced, 1 not found (11610 total so far)
Batch 118/146: 100 priced, 0 not found (11710 total so far)
Batch 119/146: 100 priced, 0 not found (11810 total so far)
Batch 120/146: 100 priced, 0 not found (11910 total so far)
Batch 121/146: 100 priced, 0 not found (12010 total so far)
Batch 122/146: 98 priced, 2 not found (12108 total so far)
Batch 123/146: 99 priced, 1 not found (12207 total so far)
Batch 124/146: 99 priced, 1 not found (12306 total so far)
Batch 125/146: 100 priced, 0 not found (12406 total so far)
Batch 126/146: 99 priced, 1 not found (12505 total so far)
Batch 127/146: 100 priced, 0 not found (12605 total so far)
Batch 128/146: 99 priced, 1 not found (12704 total so far)
Batch 129/146: 99 priced, 1 not found (12803 total so far)
Batch 130/146: 100 priced, 0 not found (12903 total so far)
Batch 131/146: 100 priced, 0 not found (13003 total so far)
Batch 132/146: 100 priced, 0 not found (13103 total so far)
Batch 133/146: 99 priced, 1 not found (13202 total so far)
Batch 134/146: 99 priced, 1 not found (13301 total so far)
Batch 135/146: 99 priced, 1 not found (13400 total so far)
Batch 136/146: 99 priced, 1 not found (13499 total so far)
Batch 137/146: 100 priced, 0 not found (13599 total so far)
Batch 138/146: 97 priced, 3 not found (13696 total so far)
Batch 139/146: 100 priced, 0 not found (13796 total so far)
Batch 140/146: 100 priced, 0 not found (13896 total so far)
Batch 141/146: 99 priced, 1 not found (13995 total so far)
Batch 142/146: 100 priced, 0 not found (14095 total so far)
Batch 143/146: 99 priced, 1 not found (14194 total so far)
Batch 144/146: 98 priced, 2 not found (14292 total so far)
Batch 145/146: 99 priced, 1 not found (14391 total so far)
Batch 146/146: 85 priced, 0 not found (14476 total so far)
109 item_ids returned no price data: [
   3718,  3740,  3923,  3925,  4244,  4348,  4355,  4431,  4435,
   4636,  4779,  4798,  4980,  4997,  5056,  5279,  5280,  5435,
   5753,  5810,  5822,  5834,  5913,  5999,  6063,  6143,  6240,
   6312,  7038,  7060,  7345,  7597,  7678,  7715,  7883,  7947,
   8179,  8393,  8692,  8993,  9153,  9325,  9395,  9454,  9746,
   9882, 10074, 10182, 10302, 10371, 10424, 10850, 10926, 10992,
  10996, 11099, 11103, 11309, 11763, 12031, 12144, 12148, 12410,
  12506, 12560, 12674, 12789, 12809, 13009, 13235, 13300, 13304,
  13374, 13630, 13844, 14070, 14346, 14422, 14670, 14682, 14719,
  14881, 14978, 15010, 15087, 15090, 15946, 16039, 16107, 16212,
  16660, 16661, 16788, 16917, 17117, 17287, 17467, 17887, 18011,
  18092,
  ... 9 more items
]
Got prices for 14476 items - inserting into price_history...
Inserted 387467 price rows.
Refreshing current-price views...
 
===== items 07/09/2026 16:27:39.21 ===== 
Fetching prices for 13360 non-skin items (agents, charms, patches, music kits, graffiti, stickers, collectibles)...
Batch 1/134: 100 priced, 0 not found (100 total so far)
Batch 2/134: 100 priced, 0 not found (200 total so far)
Batch 3/134: 100 priced, 0 not found (300 total so far)
Batch 4/134: 100 priced, 0 not found (400 total so far)
Batch 5/134: 100 priced, 0 not found (500 total so far)
Batch 6/134: 100 priced, 0 not found (600 total so far)
Batch 7/134: 100 priced, 0 not found (700 total so far)
Batch 8/134: 100 priced, 0 not found (800 total so far)
Batch 9/134: 100 priced, 0 not found (900 total so far)
Batch 10/134: 100 priced, 0 not found (1000 total so far)
Batch 11/134: 100 priced, 0 not found (1100 total so far)
Batch 12/134: 100 priced, 0 not found (1200 total so far)
Batch 13/134: 100 priced, 0 not found (1300 total so far)
Batch 14/134: 100 priced, 0 not found (1400 total so far)
Batch 15/134: 100 priced, 0 not found (1500 total so far)
Batch 16/134: 100 priced, 0 not found (1600 total so far)
Batch 17/134: 100 priced, 0 not found (1700 total so far)
Batch 18/134: 100 priced, 0 not found (1800 total so far)
Batch 19/134: 99 priced, 1 not found (1899 total so far)
Batch 20/134: 100 priced, 0 not found (1999 total so far)
Batch 21/134: 100 priced, 0 not found (2099 total so far)
Batch 22/134: 97 priced, 3 not found (2196 total so far)
Batch 23/134: 99 priced, 1 not found (2295 total so far)
Batch 24/134: 98 priced, 2 not found (2393 total so far)
Batch 25/134: 97 priced, 3 not found (2490 total so far)
Batch 26/134: 98 priced, 2 not found (2588 total so far)
Batch 27/134: 98 priced, 2 not found (2686 total so far)
Batch 28/134: 97 priced, 3 not found (2783 total so far)
Batch 29/134: 98 priced, 2 not found (2881 total so far)
Batch 30/134: 97 priced, 3 not found (2978 total so far)
Batch 31/134: 97 priced, 3 not found (3075 total so far)
Batch 32/134: 97 priced, 3 not found (3172 total so far)
Batch 33/134: 96 priced, 4 not found (3268 total so far)
Batch 34/134: 97 priced, 3 not found (3365 total so far)
Batch 35/134: 97 priced, 3 not found (3462 total so far)
Batch 36/134: 96 priced, 4 not found (3558 total so far)
Batch 37/134: 95 priced, 5 not found (3653 total so far)
Batch 38/134: 96 priced, 4 not found (3749 total so far)
Batch 39/134: 94 priced, 6 not found (3843 total so far)
Batch 40/134: 96 priced, 4 not found (3939 total so far)
Batch 41/134: 93 priced, 7 not found (4032 total so far)
Batch 42/134: 80 priced, 20 not found (4112 total so far)
Batch 43/134: 71 priced, 29 not found (4183 total so far)
Batch 44/134: 74 priced, 26 not found (4257 total so far)
Batch 45/134: 70 priced, 30 not found (4327 total so far)
Batch 46/134: 66 priced, 34 not found (4393 total so far)
Batch 47/134: 72 priced, 28 not found (4465 total so far)
Batch 48/134: 74 priced, 26 not found (4539 total so far)
Batch 49/134: 70 priced, 30 not found (4609 total so far)
Batch 50/134: 68 priced, 32 not found (4677 total so far)
Batch 51/134: 79 priced, 21 not found (4756 total so far)
Batch 52/134: 100 priced, 0 not found (4856 total so far)
Batch 53/134: 100 priced, 0 not found (4956 total so far)
Batch 54/134: 88 priced, 12 not found (5044 total so far)
Batch 55/134: 68 priced, 32 not found (5112 total so far)
Batch 56/134: 97 priced, 3 not found (5209 total so far)
Batch 57/134: 100 priced, 0 not found (5309 total so far)
Batch 58/134: 100 priced, 0 not found (5409 total so far)
Batch 59/134: 99 priced, 1 not found (5508 total so far)
Batch 60/134: 79 priced, 21 not found (5587 total so far)
Batch 61/134: 88 priced, 12 not found (5675 total so far)
Batch 62/134: 98 priced, 2 not found (5773 total so far)
Batch 63/134: 98 priced, 2 not found (5871 total so far)
Batch 64/134: 98 priced, 2 not found (5969 total so far)
Batch 65/134: 88 priced, 12 not found (6057 total so far)
Batch 66/134: 82 priced, 18 not found (6139 total so far)
Batch 67/134: 100 priced, 0 not found (6239 total so far)
Batch 68/134: 100 priced, 0 not found (6339 total so far)
Batch 69/134: 98 priced, 2 not found (6437 total so far)
Batch 70/134: 97 priced, 3 not found (6534 total so far)
Batch 71/134: 76 priced, 24 not found (6610 total so far)
Batch 72/134: 90 priced, 10 not found (6700 total so far)
Batch 73/134: 97 priced, 3 not found (6797 total so far)
Batch 74/134: 97 priced, 3 not found (6894 total so far)
Batch 75/134: 97 priced, 3 not found (6991 total so far)
Batch 76/134: 95 priced, 5 not found (7086 total so far)
Batch 77/134: 97 priced, 3 not found (7183 total so far)
Batch 78/134: 97 priced, 3 not found (7280 total so far)
Batch 79/134: 97 priced, 3 not found (7377 total so far)
Batch 80/134: 96 priced, 4 not found (7473 total so far)
Batch 81/134: 94 priced, 6 not found (7567 total so far)
Batch 82/134: 97 priced, 3 not found (7664 total so far)
Batch 83/134: 97 priced, 3 not found (7761 total so far)
Batch 84/134: 96 priced, 4 not found (7857 total so far)
Batch 85/134: 97 priced, 3 not found (7954 total so far)
Batch 86/134: 97 priced, 3 not found (8051 total so far)
Batch 87/134: 97 priced, 3 not found (8148 total so far)
Batch 88/134: 97 priced, 3 not found (8245 total so far)
Batch 89/134: 97 priced, 3 not found (8342 total so far)
Batch 90/134: 97 priced, 3 not found (8439 total so far)
Batch 91/134: 96 priced, 4 not found (8535 total so far)
Batch 92/134: 96 priced, 4 not found (8631 total so far)
Batch 93/134: 97 priced, 3 not found (8728 total so far)
Batch 94/134: 97 priced, 3 not found (8825 total so far)
Batch 95/134: 97 priced, 3 not found (8922 total so far)
Batch 96/134: 97 priced, 3 not found (9019 total so far)
Batch 97/134: 97 priced, 3 not found (9116 total so far)
Batch 98/134: 97 priced, 3 not found (9213 total so far)
Batch 99/134: 97 priced, 3 not found (9310 total so far)
Batch 100/134: 97 priced, 3 not found (9407 total so far)
Batch 101/134: 96 priced, 4 not found (9503 total so far)
Batch 102/134: 97 priced, 3 not found (9600 total so far)
Batch 103/134: 97 priced, 3 not found (9697 total so far)
Batch 104/134: 97 priced, 3 not found (9794 total so far)
Batch 105/134: 96 priced, 4 not found (9890 total so far)
Batch 106/134: 97 priced, 3 not found (9987 total so far)
Batch 107/134: 97 priced, 3 not found (10084 total so far)
Batch 108/134: 97 priced, 3 not found (10181 total so far)
Batch 109/134: 97 priced, 3 not found (10278 total so far)
Batch 110/134: 97 priced, 3 not found (10375 total so far)
Batch 111/134: 97 priced, 3 not found (10472 total so far)
Batch 112/134: 95 priced, 5 not found (10567 total so far)
Batch 113/134: 97 priced, 3 not found (10664 total so far)
Batch 114/134: 97 priced, 3 not found (10761 total so far)
Batch 115/134: 96 priced, 4 not found (10857 total so far)
Batch 116/134: 96 priced, 4 not found (10953 total so far)
Batch 117/134: 96 priced, 4 not found (11049 total so far)
Batch 118/134: 96 priced, 4 not found (11145 total so far)
Batch 119/134: 95 priced, 5 not found (11240 total so far)
Batch 120/134: 96 priced, 4 not found (11336 total so far)
Batch 121/134: 96 priced, 4 not found (11432 total so far)
Batch 122/134: 97 priced, 3 not found (11529 total so far)
Batch 123/134: 95 priced, 5 not found (11624 total so far)
Batch 124/134: 96 priced, 4 not found (11720 total so far)
Batch 125/134: 96 priced, 4 not found (11816 total so far)
Batch 126/134: 96 priced, 4 not found (11912 total so far)
Batch 127/134: 96 priced, 4 not found (12008 total so far)
Batch 128/134: 96 priced, 4 not found (12104 total so far)
Batch 129/134: 96 priced, 4 not found (12200 total so far)
Batch 130/134: 99 priced, 1 not found (12299 total so far)
Batch 131/134: 99 priced, 1 not found (12398 total so far)
Batch 132/134: 99 priced, 1 not found (12497 total so far)
Batch 133/134: 100 priced, 0 not found (12597 total so far)
Batch 134/134: 60 priced, 0 not found (12657 total so far)
703 item_ids returned no price data: [
   2127, 37622, 37623, 37624, 37625, 37626, 37627, 37628,
  37629, 37630, 37631, 37632, 37633, 37634, 37635, 37636,
  37637, 37638, 37639, 37640, 37641, 37642, 37643, 37644,
  37645, 37646, 37647, 37648, 37649, 37650, 37651, 37652,
  37653, 37654, 37655, 37656, 37657, 37658, 37659, 37660,
  37661, 41098, 41113, 37662, 37663, 41169, 37664, 37665,
  37666, 41272, 37667, 37668, 41308, 41320, 41329, 37669,
  37670, 37671, 41395, 37672, 37673, 41479, 37674, 37675,
  41524, 41530, 41542, 37676, 37677, 37678, 37679, 37680,
  37681, 37682, 37683, 37684, 37685, 37686, 37687, 37688,
  37689, 37690, 37691, 37692, 37693, 37694, 37695, 37696,
  37697, 37698, 37699, 37700, 37701, 37702, 37703, 37704,
  37705, 37706, 37707, 37708,
  ... 603 more items
]
Got prices for 12657 items - inserting into item_price_history...
Inserted 250024 price rows.
Refreshing current-price views...
 
===== skins 07/09/2026 18:00:01.12 ===== 
Fetching prices for 14585 skin listings...
Batch 1/146: 98 priced, 2 not found (98 total so far)
Batch 2/146: 100 priced, 0 not found (198 total so far)
Batch 3/146: 98 priced, 2 not found (296 total so far)
Batch 4/146: 100 priced, 0 not found (396 total so far)
Batch 5/146: 100 priced, 0 not found (496 total so far)
Batch 6/146: 99 priced, 1 not found (595 total so far)
Batch 7/146: 96 priced, 4 not found (691 total so far)
Batch 8/146: 100 priced, 0 not found (791 total so far)
Batch 9/146: 99 priced, 1 not found (890 total so far)
Batch 10/146: 100 priced, 0 not found (990 total so far)
Batch 11/146: 98 priced, 2 not found (1088 total so far)
Batch 12/146: 100 priced, 0 not found (1188 total so far)
Batch 13/146: 97 priced, 3 not found (1285 total so far)
Batch 14/146: 100 priced, 0 not found (1385 total so far)
Batch 15/146: 100 priced, 0 not found (1485 total so far)
Batch 16/146: 99 priced, 1 not found (1584 total so far)
Batch 17/146: 99 priced, 1 not found (1683 total so far)
Batch 18/146: 100 priced, 0 not found (1783 total so far)
Batch 19/146: 100 priced, 0 not found (1883 total so far)
Batch 20/146: 99 priced, 1 not found (1982 total so far)
Batch 21/146: 97 priced, 3 not found (2079 total so far)
Batch 22/146: 98 priced, 2 not found (2177 total so far)
Batch 23/146: 99 priced, 1 not found (2276 total so far)
Batch 24/146: 99 priced, 1 not found (2375 total so far)
Batch 25/146: 98 priced, 2 not found (2473 total so far)
Batch 26/146: 100 priced, 0 not found (2573 total so far)
Batch 27/146: 100 priced, 0 not found (2673 total so far)
Batch 28/146: 100 priced, 0 not found (2773 total so far)
Batch 29/146: 100 priced, 0 not found (2873 total so far)
Batch 30/146: 100 priced, 0 not found (2973 total so far)
Batch 31/146: 100 priced, 0 not found (3073 total so far)
Batch 32/146: 98 priced, 2 not found (3171 total so far)
Batch 33/146: 100 priced, 0 not found (3271 total so far)
Batch 34/146: 100 priced, 0 not found (3371 total so far)
Batch 35/146: 99 priced, 1 not found (3470 total so far)
Batch 36/146: 100 priced, 0 not found (3570 total so far)
Batch 37/146: 99 priced, 1 not found (3669 total so far)
Batch 38/146: 98 priced, 2 not found (3767 total so far)
Batch 39/146: 100 priced, 0 not found (3867 total so far)
Batch 40/146: 98 priced, 2 not found (3965 total so far)
Batch 41/146: 100 priced, 0 not found (4065 total so far)
Batch 42/146: 100 priced, 0 not found (4165 total so far)
Batch 43/146: 99 priced, 1 not found (4264 total so far)
Batch 44/146: 100 priced, 0 not found (4364 total so far)
Batch 45/146: 99 priced, 1 not found (4463 total so far)
Batch 46/146: 100 priced, 0 not found (4563 total so far)
Batch 47/146: 99 priced, 1 not found (4662 total so far)
Batch 48/146: 100 priced, 0 not found (4762 total so far)
Batch 49/146: 100 priced, 0 not found (4862 total so far)
Batch 50/146: 99 priced, 1 not found (4961 total so far)
Batch 51/146: 100 priced, 0 not found (5061 total so far)
Batch 52/146: 99 priced, 1 not found (5160 total so far)
Batch 53/146: 99 priced, 1 not found (5259 total so far)
Batch 54/146: 99 priced, 1 not found (5358 total so far)
Batch 55/146: 99 priced, 1 not found (5457 total so far)
Batch 56/146: 100 priced, 0 not found (5557 total so far)
Batch 57/146: 99 priced, 1 not found (5656 total so far)
Batch 58/146: 100 priced, 0 not found (5756 total so far)
Batch 59/146: 99 priced, 1 not found (5855 total so far)
Batch 60/146: 100 priced, 0 not found (5955 total so far)
Batch 61/146: 99 priced, 1 not found (6054 total so far)
Batch 62/146: 99 priced, 1 not found (6153 total so far)
Batch 63/146: 99 priced, 1 not found (6252 total so far)
Batch 64/146: 98 priced, 2 not found (6350 total so far)
Batch 65/146: 100 priced, 0 not found (6450 total so far)
Batch 66/146: 100 priced, 0 not found (6550 total so far)
Batch 67/146: 100 priced, 0 not found (6650 total so far)
Batch 68/146: 99 priced, 1 not found (6749 total so far)
Batch 69/146: 97 priced, 3 not found (6846 total so far)
Batch 70/146: 98 priced, 2 not found (6944 total so far)
Batch 71/146: 100 priced, 0 not found (7044 total so far)
Batch 72/146: 99 priced, 1 not found (7143 total so far)
Batch 73/146: 100 priced, 0 not found (7243 total so far)
Batch 74/146: 100 priced, 0 not found (7343 total so far)
Batch 75/146: 100 priced, 0 not found (7443 total so far)
Batch 76/146: 99 priced, 1 not found (7542 total so far)
Batch 77/146: 100 priced, 0 not found (7642 total so far)
Batch 78/146: 100 priced, 0 not found (7742 total so far)
Batch 79/146: 99 priced, 1 not found (7841 total so far)
Batch 80/146: 98 priced, 2 not found (7939 total so far)
Batch 81/146: 100 priced, 0 not found (8039 total so far)
Batch 82/146: 99 priced, 1 not found (8138 total so far)
Batch 83/146: 98 priced, 2 not found (8236 total so far)
Batch 84/146: 99 priced, 1 not found (8335 total so far)
Batch 85/146: 98 priced, 2 not found (8433 total so far)
Batch 86/146: 100 priced, 0 not found (8533 total so far)
Batch 87/146: 99 priced, 1 not found (8632 total so far)
Batch 88/146: 100 priced, 0 not found (8732 total so far)
Batch 89/146: 99 priced, 1 not found (8831 total so far)
Batch 90/146: 98 priced, 2 not found (8929 total so far)
Batch 91/146: 99 priced, 1 not found (9028 total so far)
Batch 92/146: 100 priced, 0 not found (9128 total so far)
Batch 93/146: 99 priced, 1 not found (9227 total so far)
Batch 94/146: 100 priced, 0 not found (9327 total so far)
Batch 95/146: 99 priced, 1 not found (9426 total so far)
Batch 96/146: 100 priced, 0 not found (9526 total so far)
Batch 97/146: 99 priced, 1 not found (9625 total so far)
Batch 98/146: 100 priced, 0 not found (9725 total so far)
Batch 99/146: 100 priced, 0 not found (9825 total so far)
Batch 100/146: 98 priced, 2 not found (9923 total so far)
Batch 101/146: 100 priced, 0 not found (10023 total so far)
Batch 102/146: 100 priced, 0 not found (10123 total so far)
Batch 103/146: 97 priced, 3 not found (10220 total so far)
Batch 104/146: 100 priced, 0 not found (10320 total so far)
Batch 105/146: 99 priced, 1 not found (10419 total so far)
Batch 106/146: 98 priced, 2 not found (10517 total so far)
Batch 107/146: 98 priced, 2 not found (10615 total so far)
Batch 108/146: 100 priced, 0 not found (10715 total so far)
Batch 109/146: 100 priced, 0 not found (10815 total so far)
Batch 110/146: 100 priced, 0 not found (10915 total so far)
Batch 111/146: 100 priced, 0 not found (11015 total so far)
Batch 112/146: 100 priced, 0 not found (11115 total so far)
Batch 113/146: 100 priced, 0 not found (11215 total so far)
Batch 114/146: 100 priced, 0 not found (11315 total so far)
Batch 115/146: 99 priced, 1 not found (11414 total so far)
Batch 116/146: 98 priced, 2 not found (11512 total so far)
Batch 117/146: 99 priced, 1 not found (11611 total so far)
Batch 118/146: 100 priced, 0 not found (11711 total so far)
Batch 119/146: 100 priced, 0 not found (11811 total so far)
Batch 120/146: 100 priced, 0 not found (11911 total so far)
Batch 121/146: 100 priced, 0 not found (12011 total so far)
Batch 122/146: 98 priced, 2 not found (12109 total so far)
Batch 123/146: 99 priced, 1 not found (12208 total so far)
Batch 124/146: 99 priced, 1 not found (12307 total so far)
Batch 125/146: 100 priced, 0 not found (12407 total so far)
Batch 126/146: 99 priced, 1 not found (12506 total so far)
Batch 127/146: 100 priced, 0 not found (12606 total so far)
Batch 128/146: 99 priced, 1 not found (12705 total so far)
Batch 129/146: 99 priced, 1 not found (12804 total so far)
Batch 130/146: 100 priced, 0 not found (12904 total so far)
Batch 131/146: 100 priced, 0 not found (13004 total so far)
Batch 132/146: 100 priced, 0 not found (13104 total so far)
Batch 133/146: 99 priced, 1 not found (13203 total so far)
Batch 134/146: 99 priced, 1 not found (13302 total so far)
Batch 135/146: 99 priced, 1 not found (13401 total so far)
Batch 136/146: 99 priced, 1 not found (13500 total so far)
Batch 137/146: 100 priced, 0 not found (13600 total so far)
Batch 138/146: 97 priced, 3 not found (13697 total so far)
Batch 139/146: 100 priced, 0 not found (13797 total so far)
Batch 140/146: 100 priced, 0 not found (13897 total so far)
Batch 141/146: 99 priced, 1 not found (13996 total so far)
Batch 142/146: 100 priced, 0 not found (14096 total so far)
Batch 143/146: 99 priced, 1 not found (14195 total so far)
Batch 144/146: 98 priced, 2 not found (14293 total so far)
Batch 145/146: 99 priced, 1 not found (14392 total so far)
Batch 146/146: 85 priced, 0 not found (14477 total so far)
108 item_ids returned no price data: [
   3718,  3740,  3923,  3925,  4244,  4348,  4355,  4431,  4435,
   4636,  4779,  4798,  4980,  4997,  5056,  5280,  5435,  5753,
   5810,  5822,  5834,  5913,  5999,  6063,  6143,  6240,  6312,
   7038,  7060,  7345,  7597,  7678,  7715,  7883,  7947,  8179,
   8393,  8692,  8993,  9153,  9325,  9395,  9454,  9746,  9882,
  10074, 10182, 10302, 10371, 10424, 10850, 10926, 10992, 10996,
  11099, 11103, 11309, 11763, 12031, 12144, 12148, 12410, 12506,
  12560, 12674, 12789, 12809, 13009, 13235, 13300, 13304, 13374,
  13630, 13844, 14070, 14346, 14422, 14670, 14682, 14719, 14881,
  14978, 15010, 15087, 15090, 15946, 16039, 16107, 16212, 16660,
  16661, 16788, 16917, 17117, 17287, 17467, 17887, 18011, 18092,
  18256,
  ... 8 more items
]
Got prices for 14477 items - inserting into price_history...
Inserted 393252 price rows.
Refreshing current-price views...
 
===== items 08/09/2026 16:26:37.77 ===== 
Fetching prices for 13360 non-skin items (agents, charms, patches, music kits, graffiti, stickers, collectibles)...
Batch 1/134: 100 priced, 0 not found (100 total so far)
Batch 2/134: 100 priced, 0 not found (200 total so far)
Batch 3/134: 100 priced, 0 not found (300 total so far)
Batch 4/134: 100 priced, 0 not found (400 total so far)
Batch 5/134: 100 priced, 0 not found (500 total so far)
Batch 6/134: 100 priced, 0 not found (600 total so far)
Batch 7/134: 100 priced, 0 not found (700 total so far)
Batch 8/134: 100 priced, 0 not found (800 total so far)
Batch 9/134: 100 priced, 0 not found (900 total so far)
Batch 10/134: 100 priced, 0 not found (1000 total so far)
Batch 11/134: 100 priced, 0 not found (1100 total so far)
Batch 12/134: 100 priced, 0 not found (1200 total so far)
Batch 13/134: 100 priced, 0 not found (1300 total so far)
Batch 14/134: 100 priced, 0 not found (1400 total so far)
Batch 15/134: 100 priced, 0 not found (1500 total so far)
Batch 16/134: 100 priced, 0 not found (1600 total so far)
Batch 17/134: 100 priced, 0 not found (1700 total so far)
Batch 18/134: 100 priced, 0 not found (1800 total so far)
Batch 19/134: 99 priced, 1 not found (1899 total so far)
Batch 20/134: 100 priced, 0 not found (1999 total so far)
Batch 21/134: 100 priced, 0 not found (2099 total so far)
Batch 22/134: 97 priced, 3 not found (2196 total so far)
Batch 23/134: 99 priced, 1 not found (2295 total so far)
Batch 24/134: 98 priced, 2 not found (2393 total so far)
Batch 25/134: 97 priced, 3 not found (2490 total so far)
Batch 26/134: 98 priced, 2 not found (2588 total so far)
Batch 27/134: 98 priced, 2 not found (2686 total so far)
Batch 28/134: 97 priced, 3 not found (2783 total so far)
Batch 29/134: 98 priced, 2 not found (2881 total so far)
Batch 30/134: 97 priced, 3 not found (2978 total so far)
Batch 31/134: 97 priced, 3 not found (3075 total so far)
Batch 32/134: 97 priced, 3 not found (3172 total so far)
Batch 33/134: 96 priced, 4 not found (3268 total so far)
Batch 34/134: 97 priced, 3 not found (3365 total so far)
Batch 35/134: 97 priced, 3 not found (3462 total so far)
Batch 36/134: 96 priced, 4 not found (3558 total so far)
Batch 37/134: 96 priced, 4 not found (3654 total so far)
Batch 38/134: 96 priced, 4 not found (3750 total so far)
Batch 39/134: 94 priced, 6 not found (3844 total so far)
Batch 40/134: 96 priced, 4 not found (3940 total so far)
Batch 41/134: 93 priced, 7 not found (4033 total so far)
Batch 42/134: 80 priced, 20 not found (4113 total so far)
Batch 43/134: 71 priced, 29 not found (4184 total so far)
Batch 44/134: 74 priced, 26 not found (4258 total so far)
Batch 45/134: 70 priced, 30 not found (4328 total so far)
Batch 46/134: 66 priced, 34 not found (4394 total so far)
Batch 47/134: 72 priced, 28 not found (4466 total so far)
Batch 48/134: 74 priced, 26 not found (4540 total so far)
Batch 49/134: 70 priced, 30 not found (4610 total so far)
Batch 50/134: 68 priced, 32 not found (4678 total so far)
Batch 51/134: 79 priced, 21 not found (4757 total so far)
Batch 52/134: 100 priced, 0 not found (4857 total so far)
Batch 53/134: 100 priced, 0 not found (4957 total so far)
Batch 54/134: 88 priced, 12 not found (5045 total so far)
Batch 55/134: 68 priced, 32 not found (5113 total so far)
Batch 56/134: 97 priced, 3 not found (5210 total so far)
Batch 57/134: 100 priced, 0 not found (5310 total so far)
Batch 58/134: 100 priced, 0 not found (5410 total so far)
Batch 59/134: 99 priced, 1 not found (5509 total so far)
Batch 60/134: 79 priced, 21 not found (5588 total so far)
Batch 61/134: 88 priced, 12 not found (5676 total so far)
Batch 62/134: 98 priced, 2 not found (5774 total so far)
Batch 63/134: 98 priced, 2 not found (5872 total so far)
Batch 64/134: 98 priced, 2 not found (5970 total so far)
Batch 65/134: 89 priced, 11 not found (6059 total so far)
Batch 66/134: 82 priced, 18 not found (6141 total so far)
Batch 67/134: 100 priced, 0 not found (6241 total so far)
Batch 68/134: 100 priced, 0 not found (6341 total so far)
Batch 69/134: 98 priced, 2 not found (6439 total so far)
Batch 70/134: 97 priced, 3 not found (6536 total so far)
Batch 71/134: 76 priced, 24 not found (6612 total so far)
Batch 72/134: 90 priced, 10 not found (6702 total so far)
Batch 73/134: 97 priced, 3 not found (6799 total so far)
Batch 74/134: 97 priced, 3 not found (6896 total so far)
Batch 75/134: 97 priced, 3 not found (6993 total so far)
Batch 76/134: 95 priced, 5 not found (7088 total so far)
Batch 77/134: 97 priced, 3 not found (7185 total so far)
Batch 78/134: 97 priced, 3 not found (7282 total so far)
Batch 79/134: 97 priced, 3 not found (7379 total so far)
Batch 80/134: 96 priced, 4 not found (7475 total so far)
Batch 81/134: 94 priced, 6 not found (7569 total so far)
Batch 82/134: 97 priced, 3 not found (7666 total so far)
Batch 83/134: 97 priced, 3 not found (7763 total so far)
Batch 84/134: 96 priced, 4 not found (7859 total so far)
Batch 85/134: 97 priced, 3 not found (7956 total so far)
Batch 86/134: 97 priced, 3 not found (8053 total so far)
Batch 87/134: 97 priced, 3 not found (8150 total so far)
Batch 88/134: 97 priced, 3 not found (8247 total so far)
Batch 89/134: 97 priced, 3 not found (8344 total so far)
Batch 90/134: 97 priced, 3 not found (8441 total so far)
Batch 91/134: 96 priced, 4 not found (8537 total so far)
Batch 92/134: 96 priced, 4 not found (8633 total so far)
Batch 93/134: 97 priced, 3 not found (8730 total so far)
Batch 94/134: 97 priced, 3 not found (8827 total so far)
Batch 95/134: 97 priced, 3 not found (8924 total so far)
Batch 96/134: 97 priced, 3 not found (9021 total so far)
Batch 97/134: 97 priced, 3 not found (9118 total so far)
Batch 98/134: 97 priced, 3 not found (9215 total so far)
Batch 99/134: 97 priced, 3 not found (9312 total so far)
Batch 100/134: 97 priced, 3 not found (9409 total so far)
Batch 101/134: 96 priced, 4 not found (9505 total so far)
Batch 102/134: 97 priced, 3 not found (9602 total so far)
Batch 103/134: 97 priced, 3 not found (9699 total so far)
Batch 104/134: 97 priced, 3 not found (9796 total so far)
Batch 105/134: 96 priced, 4 not found (9892 total so far)
Batch 106/134: 97 priced, 3 not found (9989 total so far)
Batch 107/134: 97 priced, 3 not found (10086 total so far)
Batch 108/134: 97 priced, 3 not found (10183 total so far)
Batch 109/134: 97 priced, 3 not found (10280 total so far)
Batch 110/134: 97 priced, 3 not found (10377 total so far)
Batch 111/134: 97 priced, 3 not found (10474 total so far)
Batch 112/134: 95 priced, 5 not found (10569 total so far)
Batch 113/134: 97 priced, 3 not found (10666 total so far)
Batch 114/134: 97 priced, 3 not found (10763 total so far)
Batch 115/134: 96 priced, 4 not found (10859 total so far)
Batch 116/134: 96 priced, 4 not found (10955 total so far)
Batch 117/134: 96 priced, 4 not found (11051 total so far)
Batch 118/134: 96 priced, 4 not found (11147 total so far)
Batch 119/134: 95 priced, 5 not found (11242 total so far)
Batch 120/134: 96 priced, 4 not found (11338 total so far)
Batch 121/134: 96 priced, 4 not found (11434 total so far)
Batch 122/134: 97 priced, 3 not found (11531 total so far)
Batch 123/134: 95 priced, 5 not found (11626 total so far)
Batch 124/134: 96 priced, 4 not found (11722 total so far)
Batch 125/134: 96 priced, 4 not found (11818 total so far)
Batch 126/134: 96 priced, 4 not found (11914 total so far)
Batch 127/134: 96 priced, 4 not found (12010 total so far)
Batch 128/134: 96 priced, 4 not found (12106 total so far)
Batch 129/134: 96 priced, 4 not found (12202 total so far)
Batch 130/134: 99 priced, 1 not found (12301 total so far)
Batch 131/134: 99 priced, 1 not found (12400 total so far)
Batch 132/134: 99 priced, 1 not found (12499 total so far)
Batch 133/134: 100 priced, 0 not found (12599 total so far)
Batch 134/134: 60 priced, 0 not found (12659 total so far)
701 item_ids returned no price data: [
   2127, 37622, 37623, 37624, 37625, 37626, 37627, 37628,
  37629, 37630, 37631, 37632, 37633, 37634, 37635, 37636,
  37637, 37638, 37639, 37640, 37641, 37642, 37643, 37644,
  37645, 37646, 37647, 37648, 37649, 37650, 37651, 37652,
  37653, 37654, 37655, 37656, 37657, 37658, 37659, 37660,
  37661, 41098, 41113, 37662, 37663, 37664, 37665, 37666,
  41272, 37667, 37668, 41308, 41320, 41329, 37669, 37670,
  37671, 41395, 37672, 37673, 41479, 37674, 37675, 41524,
  41530, 41542, 37676, 37677, 37678, 37679, 37680, 37681,
  37682, 37683, 37684, 37685, 37686, 37687, 37688, 37689,
  37690, 37691, 37692, 37693, 37694, 37695, 37696, 37697,
  37698, 37699, 37700, 37701, 37702, 37703, 37704, 37705,
  37706, 37707, 37708, 37709,
  ... 601 more items
]
Got prices for 12659 items - inserting into item_price_history...
Inserted 250904 price rows.
Refreshing current-price views...
